{"type":"FeatureCollection","features":[{"type":"Feature","geometry":{"type":"Point","coordinates":[-12353372.445014844,7817700.986162507]},"properties":{"name":"1L","freq":"400.000","type":"ndb","uuid":"ndb-1l"}},{"type":"Feature","geometry":{"type":"Point","coordinates":[-6254454.637217218,6358416.852966491]},"properties":{"name":"2B","freq":"364.000","type":"ndb","uuid":"ndb-2b"}},{"type":"Feature","geometry":{"type":"Point","coordinates":[-10553087.696280256,7339256.227750586]},"properties":{"name":"4J","freq":"314.000","type":"ndb","uuid":"ndb-4j"}},{"type":"Feature","geometry":{"type":"Point","coordinates":[-12848990.318807889,7299043.966242101]},"properties":{"name":"4O","freq":"251.000","type":"ndb","uuid":"ndb-4o"}},{"type":"Feature","geometry":{"type":"Point","coordinates":[-12406371.654581523,6813597.072936965]},"properties":{"name":"5J","freq":"328.000","type":"ndb","uuid":"ndb-5j"}},{"type":"Feature","geometry":{"type":"Point","coordinates":[-11130155.598642353,7660955.746694508]},"properties":{"name":"5W","freq":"226.000","type":"ndb","uuid":"ndb-5w"}},{"type":"Feature","geometry":{"type":"Point","coordinates":[-13237897.421492744,8084168.569759795]},"properties":{"name":"6P","freq":"291.000","type":"ndb","uuid":"ndb-6p"}},{"type":"Feature","geometry":{"type":"Point","coordinates":[-13735155.37152806,8630097.77663612]},"properties":{"name":"7N","freq":"208.000","type":"ndb","uuid":"ndb-7n"}},{"type":"Feature","geometry":{"type":"Point","coordinates":[-13056508.433817096,7368553.841226568]},"properties":{"name":"8K","freq":"229.000","type":"ndb","uuid":"ndb-8k"}},{"type":"Feature","geometry":{"type":"Point","coordinates":[-12330643.571527563,7149403.5438016765]},"properties":{"name":"8M","freq":"414.000","type":"ndb","uuid":"ndb-8m"}},{"type":"Feature","geometry":{"type":"Point","coordinates":[-12456743.724165479,6733100.707922594]},"properties":{"name":"9A","freq":"221.000","type":"ndb","uuid":"ndb-9a"}},{"type":"Feature","geometry":{"type":"Point","coordinates":[-12690267.309107225,6364131.080051342]},"properties":{"name":"9Y","freq":"311.000","type":"ndb","uuid":"ndb-9y"}},{"type":"Feature","geometry":{"type":"Point","coordinates":[-8406152.50711137,1169283.5469776907]},"properties":{"name":"A","freq":"00.000","type":"ndb","uuid":"ndb-a"}},{"type":"Feature","geometry":{"type":"Point","coordinates":[10171509.219505532,7117947.821658822]},"properties":{"name":"A","freq":"733.000","type":"ndb","uuid":"ndb-a"}},{"type":"Feature","geometry":{"type":"Point","coordinates":[3491084.304507536,3515280.9713899815]},"properties":{"name":"A","freq":"490.000","type":"ndb","uuid":"ndb-a"}},{"type":"Feature","geometry":{"type":"Point","coordinates":[9717467.938640546,10841328.696626652]},"properties":{"name":"A","freq":"260.000","type":"ndb","uuid":"ndb-a"}},{"type":"Feature","geometry":{"type":"Point","coordinates":[5796010.021127662,7469524.934133393]},"properties":{"name":"A","freq":"749.000","type":"ndb","uuid":"ndb-a"}},{"type":"Feature","geometry":{"type":"Point","coordinates":[4070415.7650265945,6559995.1936727185]},"properties":{"name":"A","freq":"350.000","type":"ndb","uuid":"ndb-a"}},{"type":"Feature","geometry":{"type":"Point","coordinates":[4369456.992872178,6764638.464530425]},"properties":{"name":"A","freq":"595.000","type":"ndb","uuid":"ndb-a"}},{"type":"Feature","geometry":{"type":"Point","coordinates":[13224013.314458117,3761341.7686100462]},"properties":{"name":"A","freq":"511.000","type":"ndb","uuid":"ndb-a"}},{"type":"Feature","geometry":{"type":"Point","coordinates":[5587010.800293448,7073083.44981487]},"properties":{"name":"A","freq":"588.000","type":"ndb","uuid":"ndb-a"}},{"type":"Feature","geometry":{"type":"Point","coordinates":[9303362.556019725,7052044.345053815]},"properties":{"name":"A","freq":"865.000","type":"ndb","uuid":"ndb-a"}},{"type":"Feature","geometry":{"type":"Point","coordinates":[4169913.6824950767,7554545.845810697]},"properties":{"name":"A","freq":"338.000","type":"ndb","uuid":"ndb-a"}},{"type":"Feature","geometry":{"type":"Point","coordinates":[8176088.855631799,8705229.052362787]},"properties":{"name":"A","freq":"668.000","type":"ndb","uuid":"ndb-a"}},{"type":"Feature","geometry":{"type":"Point","coordinates":[4527709.986945045,9504381.019207666]},"properties":{"name":"A","freq":"334.000","type":"ndb","uuid":"ndb-a"}},{"type":"Feature","geometry":{"type":"Point","coordinates":[4552926.97473988,7750563.648362201]},"properties":{"name":"A","freq":"670.000","type":"ndb","uuid":"ndb-a"}},{"type":"Feature","geometry":{"type":"Point","coordinates":[-16198000.123748671,-1962350.5652628054]},"properties":{"name":"AA","freq":"332.500","type":"ndb","uuid":"ndb-aa"}},{"type":"Feature","geometry":{"type":"Point","coordinates":[-9196591.703308588,3966303.4848802313]},"properties":{"name":"AA","freq":"341.000","type":"ndb","uuid":"ndb-aa"}},{"type":"Feature","geometry":{"type":"Point","coordinates":[403687.76452949626,7032839.038743967]},"properties":{"name":"AA","freq":"402.000","type":"ndb","uuid":"ndb-aa"}},{"type":"Feature","geometry":{"type":"Point","coordinates":[-10777416.847879931,5943551.841381154]},"properties":{"name":"AA","freq":"365.000","type":"ndb","uuid":"ndb-aa"}},{"type":"Feature","geometry":{"type":"Point","coordinates":[-9945062.5547364,4889237.391129665]},"properties":{"name":"AAA","freq":"329.000","type":"ndb","uuid":"ndb-aaa"}},{"type":"Feature","geometry":{"type":"Point","coordinates":[790058.792759514,10175713.054515723]},"properties":{"name":"AAH","freq":"401.000","type":"ndb","uuid":"ndb-aah"}},{"type":"Feature","geometry":{"type":"Point","coordinates":[3906912.1397938156,3884505.8889433034]},"properties":{"name":"AAKKO","freq":"00.000","type":"ndb","uuid":"ndb-aakko"}},{"type":"Feature","geometry":{"type":"Point","coordinates":[10169613.665031888,7113809.819754929]},"properties":{"name":"AB","freq":"360.000","type":"ndb","uuid":"ndb-ab"}},{"type":"Feature","geometry":{"type":"Point","coordinates":[2320516.66066942,1556471.6237862064]},"properties":{"name":"AB","freq":"350.000","type":"ndb","uuid":"ndb-ab"}},{"type":"Feature","geometry":{"type":"Point","coordinates":[-10945879.756427549,5682512.143927965]},"properties":{"name":"AB","freq":"203.000","type":"ndb","uuid":"ndb-ab"}},{"type":"Feature","geometry":{"type":"Point","coordinates":[-11095684.281434987,3802605.4089698037]},"properties":{"name":"AB","freq":"353.000","type":"ndb","uuid":"ndb-ab"}},{"type":"Feature","geometry":{"type":"Point","coordinates":[13114607.962309033,-4157382.721312082]},"properties":{"name":"ABA","freq":"240.000","type":"ndb","uuid":"ndb-aba"}},{"type":"Feature","geometry":{"type":"Point","coordinates":[5367816.600349501,3551259.9998303694]},"properties":{"name":"ABD","freq":"210.000","type":"ndb","uuid":"ndb-abd"}},{"type":"Feature","geometry":{"type":"Point","coordinates":[4055167.4376322976,3939892.5819815323]},"properties":{"name":"ABD","freq":"264.000","type":"ndb","uuid":"ndb-abd"}},{"type":"Feature","geometry":{"type":"Point","coordinates":[-10587943.9624712,3840413.572232908]},"properties":{"name":"ABG","freq":"404.000","type":"ndb","uuid":"ndb-abg"}},{"type":"Feature","geometry":{"type":"Point","coordinates":[6125110.727383829,2983978.5505082253]},"properties":{"name":"ABM","freq":"285.000","type":"ndb","uuid":"ndb-abm"}},{"type":"Feature","geometry":{"type":"Point","coordinates":[1393835.6733138873,6620192.617044464]},"properties":{"name":"ABU","freq":"330.000","type":"ndb","uuid":"ndb-abu"}},{"type":"Feature","geometry":{"type":"Point","coordinates":[312742.8636815501,6442163.774872075]},"properties":{"name":"ABY","freq":"321.000","type":"ndb","uuid":"ndb-aby"}},{"type":"Feature","geometry":{"type":"Point","coordinates":[11932150.623802178,1225208.859934054]},"properties":{"name":"AC","freq":"320.000","type":"ndb","uuid":"ndb-ac"}},{"type":"Feature","geometry":{"type":"Point","coordinates":[-16864933.437118832,8320313.871209166]},"properties":{"name":"ACE","freq":"277.000","type":"ndb","uuid":"ndb-ace"}},{"type":"Feature","geometry":{"type":"Point","coordinates":[-9371637.58271051,3778035.5280052703]},"properties":{"name":"ACJ","freq":"242.000","type":"ndb","uuid":"ndb-acj"}},{"type":"Feature","geometry":{"type":"Point","coordinates":[5009995.55823491,1444915.672104929]},"properties":{"name":"AD","freq":"361.000","type":"ndb","uuid":"ndb-ad"}},{"type":"Feature","geometry":{"type":"Point","coordinates":[680823.2028338903,8818842.861212358]},"properties":{"name":"AD","freq":"288.000","type":"ndb","uuid":"ndb-ad"}},{"type":"Feature","geometry":{"type":"Point","coordinates":[4448413.433925385,5381451.846919604]},"properties":{"name":"AD","freq":"365.000","type":"ndb","uuid":"ndb-ad"}},{"type":"Feature","geometry":{"type":"Point","coordinates":[-9359462.353547884,5141523.804603404]},"properties":{"name":"ADG","freq":"278.000","type":"ndb","uuid":"ndb-adg"}},{"type":"Feature","geometry":{"type":"Point","coordinates":[-19667481.118509166,6776992.383505867]},"properties":{"name":"ADK","freq":"530.000","type":"ndb","uuid":"ndb-adk"}},{"type":"Feature","geometry":{"type":"Point","coordinates":[1782504.2121455548,14464044.257287765]},"properties":{"name":"ADV","freq":"326.000","type":"ndb","uuid":"ndb-adv"}},{"type":"Feature","geometry":{"type":"Point","coordinates":[266706.00797821477,4800683.089532987]},"properties":{"name":"ADX","freq":"384.000","type":"ndb","uuid":"ndb-adx"}},{"type":"Feature","geometry":{"type":"Point","coordinates":[-11879214.557124443,4193464.2850195644]},"properties":{"name":"AE","freq":"351.000","type":"ndb","uuid":"ndb-ae"}},{"type":"Feature","geometry":{"type":"Point","coordinates":[-11879214.557124443,4193464.2850195644]},"properties":{"name":"AE","freq":"351.000","type":"ndb","uuid":"ndb-ae"}},{"type":"Feature","geometry":{"type":"Point","coordinates":[3910406.334921493,3874122.649297818]},"properties":{"name":"AFFEK","freq":"00.000","type":"ndb","uuid":"ndb-affek"}},{"type":"Feature","geometry":{"type":"Point","coordinates":[3927568.058830043,3842807.3531019827]},"properties":{"name":"AFULA","freq":"00.000","type":"ndb","uuid":"ndb-afula"}},{"type":"Feature","geometry":{"type":"Point","coordinates":[4344428.691614237,5487046.865775621]},"properties":{"name":"AG","freq":"381.000","type":"ndb","uuid":"ndb-ag"}},{"type":"Feature","geometry":{"type":"Point","coordinates":[-9122281.923333578,3933445.4640656738]},"properties":{"name":"AG","freq":"233.000","type":"ndb","uuid":"ndb-ag"}},{"type":"Feature","geometry":{"type":"Point","coordinates":[7984833.837941712,5083272.5922101]},"properties":{"name":"AG","freq":"560.000","type":"ndb","uuid":"ndb-ag"}},{"type":"Feature","geometry":{"type":"Point","coordinates":[11557220.456238437,158535.24589645033]},"properties":{"name":"AG","freq":"325.000","type":"ndb","uuid":"ndb-ag"}},{"type":"Feature","geometry":{"type":"Point","coordinates":[12025658.996068526,8689628.608214878]},"properties":{"name":"AG","freq":"735.000","type":"ndb","uuid":"ndb-ag"}},{"type":"Feature","geometry":{"type":"Point","coordinates":[1217066.4445061623,6177735.2567381635]},"properties":{"name":"AGB","freq":"318.000","type":"ndb","uuid":"ndb-agb"}},{"type":"Feature","geometry":{"type":"Point","coordinates":[6300683.1788992835,-1160360.5086444998]},"properties":{"name":"AGG","freq":"429.000","type":"ndb","uuid":"ndb-agg"}},{"type":"Feature","geometry":{"type":"Point","coordinates":[-10941945.509168351,5321625.730221343]},"properties":{"name":"AGZ","freq":"392.000","type":"ndb","uuid":"ndb-agz"}},{"type":"Feature","geometry":{"type":"Point","coordinates":[5601364.892033788,-1689075.321651545]},"properties":{"name":"AH","freq":"321.000","type":"ndb","uuid":"ndb-ah"}},{"type":"Feature","geometry":{"type":"Point","coordinates":[3916343.3435083865,3883621.848396137]},"properties":{"name":"AHIUD","freq":"00.000","type":"ndb","uuid":"ndb-ahiud"}},{"type":"Feature","geometry":{"type":"Point","coordinates":[-10753313.735278806,5047658.692360889]},"properties":{"name":"AHQ","freq":"400.000","type":"ndb","uuid":"ndb-ahq"}},{"type":"Feature","geometry":{"type":"Point","coordinates":[-10790544.198831728,4060043.3761375337]},"properties":{"name":"AI","freq":"400.000","type":"ndb","uuid":"ndb-ai"}},{"type":"Feature","geometry":{"type":"Point","coordinates":[17886908.485061362,-972379.2005454942]},"properties":{"name":"AI","freq":"360.000","type":"ndb","uuid":"ndb-ai"}},{"type":"Feature","geometry":{"type":"Point","coordinates":[899705.7082036185,540436.8343466221]},"properties":{"name":"AI","freq":"397.000","type":"ndb","uuid":"ndb-ai"}},{"type":"Feature","geometry":{"type":"Point","coordinates":[-9519006.004350258,4876051.016592518]},"properties":{"name":"AI","freq":"394.000","type":"ndb","uuid":"ndb-ai"}},{"type":"Feature","geometry":{"type":"Point","coordinates":[-9092238.926392047,3982142.5533383484]},"properties":{"name":"AIK","freq":"347.000","type":"ndb","uuid":"ndb-aik"}},{"type":"Feature","geometry":{"type":"Point","coordinates":[5530806.7953530755,3599190.9261210035]},"properties":{"name":"AJ","freq":"365.000","type":"ndb","uuid":"ndb-aj"}},{"type":"Feature","geometry":{"type":"Point","coordinates":[10291372.48121719,7595026.766992561]},"properties":{"name":"AJ","freq":"685.000","type":"ndb","uuid":"ndb-aj"}},{"type":"Feature","geometry":{"type":"Point","coordinates":[3889101.0212668916,7662132.605060982]},"properties":{"name":"AJ","freq":"430.000","type":"ndb","uuid":"ndb-aj"}},{"type":"Feature","geometry":{"type":"Point","coordinates":[16112041.655802485,1511592.1874989618]},"properties":{"name":"AJA","freq":"385.000","type":"ndb","uuid":"ndb-aja"}},{"type":"Feature","geometry":{"type":"Point","coordinates":[-9060000.245260863,5022632.67999616]},"properties":{"name":"AK","freq":"362.000","type":"ndb","uuid":"ndb-ak"}},{"type":"Feature","geometry":{"type":"Point","coordinates":[-8571708.9874427,4436712.232429405]},"properties":{"name":"AKQ","freq":"274.000","type":"ndb","uuid":"ndb-akq"}},{"type":"Feature","geometry":{"type":"Point","coordinates":[3934958.436135485,3778233.0709316847]},"properties":{"name":"AKRBA","freq":"00.000","type":"ndb","uuid":"ndb-akrba"}},{"type":"Feature","geometry":{"type":"Point","coordinates":[4639765.423260786,7109835.7701572515]},"properties":{"name":"AL","freq":"694.000","type":"ndb","uuid":"ndb-al"}},{"type":"Feature","geometry":{"type":"Point","coordinates":[10739671.53168209,8788485.9877986]},"properties":{"name":"AL","freq":"470.000","type":"ndb","uuid":"ndb-al"}},{"type":"Feature","geometry":{"type":"Point","coordinates":[-8216324.605293252,5284205.14564352]},"properties":{"name":"AL","freq":"219.000","type":"ndb","uuid":"ndb-al"}},{"type":"Feature","geometry":{"type":"Point","coordinates":[12190217.71361946,2074510.1684523073]},"properties":{"name":"AL","freq":"205.000","type":"ndb","uuid":"ndb-al"}},{"type":"Feature","geometry":{"type":"Point","coordinates":[-13157558.361441804,5808528.722087555]},"properties":{"name":"AL","freq":"353.000","type":"ndb","uuid":"ndb-al"}},{"type":"Feature","geometry":{"type":"Point","coordinates":[4548065.992719827,7753507.217031299]},"properties":{"name":"AL","freq":"326.000","type":"ndb","uuid":"ndb-al"}},{"type":"Feature","geometry":{"type":"Point","coordinates":[-337885.57663836115,4292101.294345103]},"properties":{"name":"ALB","freq":"519.000","type":"ndb","uuid":"ndb-alb"}},{"type":"Feature","geometry":{"type":"Point","coordinates":[-244876.5959765423,6396008.88857652]},"properties":{"name":"ALD","freq":"383.000","type":"ndb","uuid":"ndb-ald"}},{"type":"Feature","geometry":{"type":"Point","coordinates":[4143678.461502372,4326244.538384219]},"properties":{"name":"ALE","freq":"396.000","type":"ndb","uuid":"ndb-ale"}},{"type":"Feature","geometry":{"type":"Point","coordinates":[1142381.641535501,6106419.109937015]},"properties":{"name":"ALG","freq":"341.000","type":"ndb","uuid":"ndb-alg"}},{"type":"Feature","geometry":{"type":"Point","coordinates":[4942566.776128719,3762490.2090208936]},"properties":{"name":"ALI","freq":"275.000","type":"ndb","uuid":"ndb-ali"}},{"type":"Feature","geometry":{"type":"Point","coordinates":[3493762.2185468907,3525027.0241569434]},"properties":{"name":"ALI","freq":"310.000","type":"ndb","uuid":"ndb-ali"}},{"type":"Feature","geometry":{"type":"Point","coordinates":[-16318038.157060878,8507348.568980481]},"properties":{"name":"ALJ","freq":"233.000","type":"ndb","uuid":"ndb-alj"}},{"type":"Feature","geometry":{"type":"Point","coordinates":[3936999.3243887755,3768744.788994177]},"properties":{"name":"ALLON","freq":"00.000","type":"ndb","uuid":"ndb-allon"}},{"type":"Feature","geometry":{"type":"Point","coordinates":[597436.2151250305,5389582.96544355]},"properties":{"name":"ALM","freq":"413.000","type":"ndb","uuid":"ndb-alm"}},{"type":"Feature","geometry":{"type":"Point","coordinates":[3946987.156479394,3735739.9047727725]},"properties":{"name":"ALMOG","freq":"00.000","type":"ndb","uuid":"ndb-almog"}},{"type":"Feature","geometry":{"type":"Point","coordinates":[-8545326.268124694,5196803.299871794]},"properties":{"name":"ALP","freq":"245.000","type":"ndb","uuid":"ndb-alp"}},{"type":"Feature","geometry":{"type":"Point","coordinates":[-1037445.0866559906,3544796.067409975]},"properties":{"name":"ALS","freq":"396.000","type":"ndb","uuid":"ndb-als"}},{"type":"Feature","geometry":{"type":"Point","coordinates":[3957005.9106507883,3857425.53677056]},"properties":{"name":"ALUMT","freq":"00.000","type":"ndb","uuid":"ndb-alumt"}},{"type":"Feature","geometry":{"type":"Point","coordinates":[-249343.29054462243,4421813.580690228]},"properties":{"name":"AM","freq":"284.000","type":"ndb","uuid":"ndb-am"}},{"type":"Feature","geometry":{"type":"Point","coordinates":[80595.2804122493,7096919.65095222]},"properties":{"name":"AM","freq":"366.500","type":"ndb","uuid":"ndb-am"}},{"type":"Feature","geometry":{"type":"Point","coordinates":[5480935.663477689,7483690.500363272]},"properties":{"name":"AM","freq":"475.000","type":"ndb","uuid":"ndb-am"}},{"type":"Feature","geometry":{"type":"Point","coordinates":[-11332941.645786265,4183802.857739618]},"properties":{"name":"AM","freq":"251.000","type":"ndb","uuid":"ndb-am"}},{"type":"Feature","geometry":{"type":"Point","coordinates":[8182526.801927263,8705280.831087515]},"properties":{"name":"AM","freq":"325.000","type":"ndb","uuid":"ndb-am"}},{"type":"Feature","geometry":{"type":"Point","coordinates":[-8747114.552488206,-135077.6833066998]},"properties":{"name":"AMB","freq":"360.000","type":"ndb","uuid":"ndb-amb"}},{"type":"Feature","geometry":{"type":"Point","coordinates":[3829699.7040963704,3666127.2490718956]},"properties":{"name":"AMIOZ","freq":"00.000","type":"ndb","uuid":"ndb-amioz"}},{"type":"Feature","geometry":{"type":"Point","coordinates":[-1052485.586745393,3545215.191082629]},"properties":{"name":"AML","freq":"402.000","type":"ndb","uuid":"ndb-aml"}},{"type":"Feature","geometry":{"type":"Point","coordinates":[2376361.8767065504,4547806.723170697]},"properties":{"name":"AML","freq":"367.000","type":"ndb","uuid":"ndb-aml"}},{"type":"Feature","geometry":{"type":"Point","coordinates":[729200.7672857199,9606809.402814778]},"properties":{"name":"AML","freq":"402.000","type":"ndb","uuid":"ndb-aml"}},{"type":"Feature","geometry":{"type":"Point","coordinates":[-264739.3327187861,4417991.267300663]},"properties":{"name":"AMN","freq":"310.000","type":"ndb","uuid":"ndb-amn"}},{"type":"Feature","geometry":{"type":"Point","coordinates":[3959263.2225474305,3882774.7421728605]},"properties":{"name":"AMNON","freq":"00.000","type":"ndb","uuid":"ndb-amnon"}},{"type":"Feature","geometry":{"type":"Point","coordinates":[3899645.4198893956,3788021.2341201156]},"properties":{"name":"AMNSH","freq":"00.000","type":"ndb","uuid":"ndb-amnsh"}},{"type":"Feature","geometry":{"type":"Point","coordinates":[4152631.3315494205,5616467.664742037]},"properties":{"name":"AN","freq":"480.000","type":"ndb","uuid":"ndb-an"}},{"type":"Feature","geometry":{"type":"Point","coordinates":[10467165.747311465,2246975.207508895]},"properties":{"name":"AN","freq":"385.000","type":"ndb","uuid":"ndb-an"}},{"type":"Feature","geometry":{"type":"Point","coordinates":[4922563.343918946,1753387.2535655845]},"properties":{"name":"AN","freq":"228.000","type":"ndb","uuid":"ndb-an"}},{"type":"Feature","geometry":{"type":"Point","coordinates":[-7283860.013793554,-1547027.3576259844]},"properties":{"name":"ANA","freq":"345.000","type":"ndb","uuid":"ndb-ana"}},{"type":"Feature","geometry":{"type":"Point","coordinates":[5008540.612490241,4841307.7034510495]},"properties":{"name":"AND","freq":"999.999","type":"ndb","uuid":"ndb-and"}},{"type":"Feature","geometry":{"type":"Point","coordinates":[-17766356.062935453,8762609.025574375]},"properties":{"name":"ANI","freq":"359.000","type":"ndb","uuid":"ndb-ani"}},{"type":"Feature","geometry":{"type":"Point","coordinates":[1183501.4844084166,6327438.20596846]},"properties":{"name":"ANS","freq":"452.000","type":"ndb","uuid":"ndb-ans"}},{"type":"Feature","geometry":{"type":"Point","coordinates":[4262268.661148485,7391573.80095177]},"properties":{"name":"AO","freq":"732.000","type":"ndb","uuid":"ndb-ao"}},{"type":"Feature","geometry":{"type":"Point","coordinates":[375022.9956502283,7075921.20215872]},"properties":{"name":"AO","freq":"371.000","type":"ndb","uuid":"ndb-ao"}},{"type":"Feature","geometry":{"type":"Point","coordinates":[950863.2604834446,1352385.8120150764]},"properties":{"name":"AO","freq":"340.000","type":"ndb","uuid":"ndb-ao"}},{"type":"Feature","geometry":{"type":"Point","coordinates":[9713253.289952869,10834599.28386176]},"properties":{"name":"AP","freq":"535.000","type":"ndb","uuid":"ndb-ap"}},{"type":"Feature","geometry":{"type":"Point","coordinates":[4162232.6376303406,5627055.082450484]},"properties":{"name":"AP","freq":"480.000","type":"ndb","uuid":"ndb-ap"}},{"type":"Feature","geometry":{"type":"Point","coordinates":[13527807.32796312,2897340.1371658933]},"properties":{"name":"AP","freq":"250.000","type":"ndb","uuid":"ndb-ap"}},{"type":"Feature","geometry":{"type":"Point","coordinates":[6499304.980347183,4574992.5248503275]},"properties":{"name":"AP","freq":"407.000","type":"ndb","uuid":"ndb-ap"}},{"type":"Feature","geometry":{"type":"Point","coordinates":[11890776.972490251,1666161.5819088097]},"properties":{"name":"AP","freq":"212.000","type":"ndb","uuid":"ndb-ap"}},{"type":"Feature","geometry":{"type":"Point","coordinates":[-9301866.205608899,5615347.944361836]},"properties":{"name":"AP","freq":"206.000","type":"ndb","uuid":"ndb-ap"}},{"type":"Feature","geometry":{"type":"Point","coordinates":[19600499.84075597,-4684955.628305807]},"properties":{"name":"AP","freq":"230.000","type":"ndb","uuid":"ndb-ap"}},{"type":"Feature","geometry":{"type":"Point","coordinates":[4375010.598579531,6759894.098501971]},"properties":{"name":"AP","freq":"289.000","type":"ndb","uuid":"ndb-ap"}},{"type":"Feature","geometry":{"type":"Point","coordinates":[-5724510.1615548385,-2706517.566237359]},"properties":{"name":"APC","freq":"215.000","type":"ndb","uuid":"ndb-apc"}},{"type":"Feature","geometry":{"type":"Point","coordinates":[3873609.0278760805,3788423.11994322]},"properties":{"name":"APOLN","freq":"00.000","type":"ndb","uuid":"ndb-apoln"}},{"type":"Feature","geometry":{"type":"Point","coordinates":[5521009.7834229255,2987365.1880603]},"properties":{"name":"AQ","freq":"290.000","type":"ndb","uuid":"ndb-aq"}},{"type":"Feature","geometry":{"type":"Point","coordinates":[-9840524.86377682,5498921.513480602]},"properties":{"name":"AQ","freq":"407.000","type":"ndb","uuid":"ndb-aq"}},{"type":"Feature","geometry":{"type":"Point","coordinates":[3909428.8570260867,3490995.129876028]},"properties":{"name":"AQC","freq":"326.000","type":"ndb","uuid":"ndb-aqc"}},{"type":"Feature","geometry":{"type":"Point","coordinates":[-8612997.726720812,4260364.327438085]},"properties":{"name":"AQE","freq":"230.000","type":"ndb","uuid":"ndb-aqe"}},{"type":"Feature","geometry":{"type":"Point","coordinates":[-2013726.2666151517,9810367.634895949]},"properties":{"name":"AR","freq":"334.000","type":"ndb","uuid":"ndb-ar"}},{"type":"Feature","geometry":{"type":"Point","coordinates":[8327588.467263209,3722326.9450801965]},"properties":{"name":"AR","freq":"351.000","type":"ndb","uuid":"ndb-ar"}},{"type":"Feature","geometry":{"type":"Point","coordinates":[9307762.799036218,7053879.237957586]},"properties":{"name":"AR","freq":"428.000","type":"ndb","uuid":"ndb-ar"}},{"type":"Feature","geometry":{"type":"Point","coordinates":[4096464.5258722203,7555098.398780333]},"properties":{"name":"AR","freq":"999.999","type":"ndb","uuid":"ndb-ar"}},{"type":"Feature","geometry":{"type":"Point","coordinates":[-6234590.323448855,-4139913.683649313]},"properties":{"name":"AR","freq":"260.000","type":"ndb","uuid":"ndb-ar"}},{"type":"Feature","geometry":{"type":"Point","coordinates":[13015103.829502316,4400612.7871364355]},"properties":{"name":"AR","freq":"520.000","type":"ndb","uuid":"ndb-ar"}},{"type":"Feature","geometry":{"type":"Point","coordinates":[3930598.4536681618,3631378.34335213]},"properties":{"name":"ARAVA","freq":"00.000","type":"ndb","uuid":"ndb-arava"}},{"type":"Feature","geometry":{"type":"Point","coordinates":[5389545.484666569,4626235.889812629]},"properties":{"name":"ARB","freq":"355.000","type":"ndb","uuid":"ndb-arb"}},{"type":"Feature","geometry":{"type":"Point","coordinates":[-5462411.203469346,-2531806.428487932]},"properties":{"name":"ARE","freq":"340.000","type":"ndb","uuid":"ndb-are"}},{"type":"Feature","geometry":{"type":"Point","coordinates":[3872310.331405573,3784952.417014818]},"properties":{"name":"ARENA","freq":"00.000","type":"ndb","uuid":"ndb-arena"}},{"type":"Feature","geometry":{"type":"Point","coordinates":[3349337.517152848,4972850.882837547]},"properties":{"name":"ARF","freq":"383.500","type":"ndb","uuid":"ndb-arf"}},{"type":"Feature","geometry":{"type":"Point","coordinates":[3955459.775689912,3786048.356349108]},"properties":{"name":"ARGMN","freq":"00.000","type":"ndb","uuid":"ndb-argmn"}},{"type":"Feature","geometry":{"type":"Point","coordinates":[5549128.220979044,4046872.6466118693]},"properties":{"name":"ARK","freq":"280.000","type":"ndb","uuid":"ndb-ark"}},{"type":"Feature","geometry":{"type":"Point","coordinates":[120147.77577687647,7979932.2370671015]},"properties":{"name":"ARN","freq":"340.000","type":"ndb","uuid":"ndb-arn"}},{"type":"Feature","geometry":{"type":"Point","coordinates":[3919528.317828306,3665837.836635911]},"properties":{"name":"ARRAD","freq":"00.000","type":"ndb","uuid":"ndb-arrad"}},{"type":"Feature","geometry":{"type":"Point","coordinates":[887755.5608669606,1915741.5733414663]},"properties":{"name":"AS","freq":"340.000","type":"ndb","uuid":"ndb-as"}},{"type":"Feature","geometry":{"type":"Point","coordinates":[10731489.208965898,2506045.6221418018]},"properties":{"name":"AS","freq":"345.000","type":"ndb","uuid":"ndb-as"}},{"type":"Feature","geometry":{"type":"Point","coordinates":[4328667.057679061,1721674.1201547792]},"properties":{"name":"AS","freq":"305.000","type":"ndb","uuid":"ndb-as"}},{"type":"Feature","geometry":{"type":"Point","coordinates":[-19938186.619337026,9964750.01163268]},"properties":{"name":"AS","freq":"275.000","type":"ndb","uuid":"ndb-as"}},{"type":"Feature","geometry":{"type":"Point","coordinates":[3844882.4457573416,3719598.2107985746]},"properties":{"name":"ASKLN","freq":"00.000","type":"ndb","uuid":"ndb-askln"}},{"type":"Feature","geometry":{"type":"Point","coordinates":[-671077.1814149395,5397268.827986997]},"properties":{"name":"AST","freq":"325.000","type":"ndb","uuid":"ndb-ast"}},{"type":"Feature","geometry":{"type":"Point","coordinates":[10157176.8350659,2739708.8563091345]},"properties":{"name":"AT","freq":"237.000","type":"ndb","uuid":"ndb-at"}},{"type":"Feature","geometry":{"type":"Point","coordinates":[8034907.911433232,1212755.1413043083]},"properties":{"name":"AT","freq":"360.000","type":"ndb","uuid":"ndb-at"}},{"type":"Feature","geometry":{"type":"Point","coordinates":[5342856.203980943,-1678014.19904721]},"properties":{"name":"AT","freq":"374.000","type":"ndb","uuid":"ndb-at"}},{"type":"Feature","geometry":{"type":"Point","coordinates":[-9388120.566946028,4843724.278536367]},"properties":{"name":"AT","freq":"315.000","type":"ndb","uuid":"ndb-at"}},{"type":"Feature","geometry":{"type":"Point","coordinates":[-9411184.728555163,3981475.372103818]},"properties":{"name":"AT","freq":"375.000","type":"ndb","uuid":"ndb-at"}},{"type":"Feature","geometry":{"type":"Point","coordinates":[-10485189.609754127,3909143.3211465725]},"properties":{"name":"ATA","freq":"347.000","type":"ndb","uuid":"ndb-ata"}},{"type":"Feature","geometry":{"type":"Point","coordinates":[-7776853.870734033,5529254.608119546]},"properties":{"name":"AU","freq":"366.000","type":"ndb","uuid":"ndb-au"}},{"type":"Feature","geometry":{"type":"Point","coordinates":[-10399538.290836291,3529093.2039017454]},"properties":{"name":"AUR","freq":"278.000","type":"ndb","uuid":"ndb-aur"}},{"type":"Feature","geometry":{"type":"Point","coordinates":[-660183.3323575865,5394389.049155195]},"properties":{"name":"AV","freq":"387.000","type":"ndb","uuid":"ndb-av"}},{"type":"Feature","geometry":{"type":"Point","coordinates":[311651.25238599896,5961792.278248634]},"properties":{"name":"AVD","freq":"288.500","type":"ndb","uuid":"ndb-avd"}},{"type":"Feature","geometry":{"type":"Point","coordinates":[1383534.6005450082,5768232.2641307395]},"properties":{"name":"AVI","freq":"390.000","type":"ndb","uuid":"ndb-avi"}},{"type":"Feature","geometry":{"type":"Point","coordinates":[3983660.713357542,3906960.7994899107]},"properties":{"name":"AVITL","freq":"00.000","type":"ndb","uuid":"ndb-avitl"}},{"type":"Feature","geometry":{"type":"Point","coordinates":[-13598111.152373612,6119527.66102876]},"properties":{"name":"AW","freq":"382.000","type":"ndb","uuid":"ndb-aw"}},{"type":"Feature","geometry":{"type":"Point","coordinates":[-9453463.53101556,4890400.26660362]},"properties":{"name":"AWW","freq":"212.000","type":"ndb","uuid":"ndb-aww"}},{"type":"Feature","geometry":{"type":"Point","coordinates":[5426228.380013112,3677523.241666826]},"properties":{"name":"AWZ","freq":"415.000","type":"ndb","uuid":"ndb-awz"}},{"type":"Feature","geometry":{"type":"Point","coordinates":[389856.31779843196,6093583.720406976]},"properties":{"name":"AX","freq":"417.000","type":"ndb","uuid":"ndb-ax"}},{"type":"Feature","geometry":{"type":"Point","coordinates":[4657870.301555081,1079037.283942493]},"properties":{"name":"AY","freq":"241.000","type":"ndb","uuid":"ndb-ay"}},{"type":"Feature","geometry":{"type":"Point","coordinates":[-9172478.664719537,3675133.911247958]},"properties":{"name":"AY","freq":"219.000","type":"ndb","uuid":"ndb-ay"}},{"type":"Feature","geometry":{"type":"Point","coordinates":[-8260493.736395642,-1477096.8407986138]},"properties":{"name":"AYA","freq":"370.000","type":"ndb","uuid":"ndb-aya"}},{"type":"Feature","geometry":{"type":"Point","coordinates":[3889904.964444984,3746476.6465801173]},"properties":{"name":"AYLON","freq":"00.000","type":"ndb","uuid":"ndb-aylon"}},{"type":"Feature","geometry":{"type":"Point","coordinates":[-9521127.8775331,5180647.4529202925]},"properties":{"name":"AZ","freq":"371.000","type":"ndb","uuid":"ndb-az"}},{"type":"Feature","geometry":{"type":"Point","coordinates":[5588569.273164555,7068714.355727538]},"properties":{"name":"AZ","freq":"287.000","type":"ndb","uuid":"ndb-az"}},{"type":"Feature","geometry":{"type":"Point","coordinates":[4517858.212009841,9505549.077161115]},"properties":{"name":"AZ","freq":"690.000","type":"ndb","uuid":"ndb-az"}},{"type":"Feature","geometry":{"type":"Point","coordinates":[-10565127.239352437,4849073.49237846]},"properties":{"name":"AZN","freq":"233.000","type":"ndb","uuid":"ndb-azn"}},{"type":"Feature","geometry":{"type":"Point","coordinates":[3837213.769724916,3606802.484325358]},"properties":{"name":"AZOOZ","freq":"00.000","type":"ndb","uuid":"ndb-azooz"}},{"type":"Feature","geometry":{"type":"Point","coordinates":[-1052216.5337205618,3551091.6232822663]},"properties":{"name":"AZR","freq":"371.000","type":"ndb","uuid":"ndb-azr"}},{"type":"Feature","geometry":{"type":"Point","coordinates":[4167583.4254098837,1402457.986886279]},"properties":{"name":"AZZ","freq":"349.000","type":"ndb","uuid":"ndb-azz"}},{"type":"Feature","geometry":{"type":"Point","coordinates":[-8406146.631916022,1169381.3039089506]},"properties":{"name":"B","freq":"00.000","type":"ndb","uuid":"ndb-b"}},{"type":"Feature","geometry":{"type":"Point","coordinates":[9724855.22373791,10853011.60012914]},"properties":{"name":"B","freq":"260.000","type":"ndb","uuid":"ndb-b"}},{"type":"Feature","geometry":{"type":"Point","coordinates":[4076423.8943992727,6556879.318865996]},"properties":{"name":"B","freq":"350.000","type":"ndb","uuid":"ndb-b"}},{"type":"Feature","geometry":{"type":"Point","coordinates":[-337839.16259511653,5368894.077654802]},"properties":{"name":"B","freq":"395.000","type":"ndb","uuid":"ndb-b"}},{"type":"Feature","geometry":{"type":"Point","coordinates":[3437808.682460802,6509321.8823412685]},"properties":{"name":"B","freq":"405.000","type":"ndb","uuid":"ndb-b"}},{"type":"Feature","geometry":{"type":"Point","coordinates":[11325416.10806575,7630495.975931961]},"properties":{"name":"B","freq":"755.000","type":"ndb","uuid":"ndb-b"}},{"type":"Feature","geometry":{"type":"Point","coordinates":[7178706.4168290775,4836510.762774701]},"properties":{"name":"B","freq":"390.000","type":"ndb","uuid":"ndb-b"}},{"type":"Feature","geometry":{"type":"Point","coordinates":[7686041.872989264,8631170.083631506]},"properties":{"name":"B","freq":"345.000","type":"ndb","uuid":"ndb-b"}},{"type":"Feature","geometry":{"type":"Point","coordinates":[10300816.146530315,7590999.540296826]},"properties":{"name":"B","freq":"685.000","type":"ndb","uuid":"ndb-b"}},{"type":"Feature","geometry":{"type":"Point","coordinates":[16217329.516441692,5456818.7489079535]},"properties":{"name":"B","freq":"255.000","type":"ndb","uuid":"ndb-b"}},{"type":"Feature","geometry":{"type":"Point","coordinates":[4170210.565392606,7554120.279393375]},"properties":{"name":"B","freq":"770.000","type":"ndb","uuid":"ndb-b"}},{"type":"Feature","geometry":{"type":"Point","coordinates":[5988169.169537557,9235817.763448447]},"properties":{"name":"B","freq":"628.000","type":"ndb","uuid":"ndb-b"}},{"type":"Feature","geometry":{"type":"Point","coordinates":[-10728446.847282516,7080185.143926917]},"properties":{"name":"B5","freq":"254.000","type":"ndb","uuid":"ndb-b5"}},{"type":"Feature","geometry":{"type":"Point","coordinates":[4492792.742410809,5994645.946996924]},"properties":{"name":"BA","freq":"999.999","type":"ndb","uuid":"ndb-ba"}},{"type":"Feature","geometry":{"type":"Point","coordinates":[9134846.461493174,7761594.918928293]},"properties":{"name":"BA","freq":"605.000","type":"ndb","uuid":"ndb-ba"}},{"type":"Feature","geometry":{"type":"Point","coordinates":[-9553282.852591626,4767899.947532289]},"properties":{"name":"BA","freq":"410.000","type":"ndb","uuid":"ndb-ba"}},{"type":"Feature","geometry":{"type":"Point","coordinates":[18731566.179392334,-2001589.9482675404]},"properties":{"name":"BA","freq":"361.000","type":"ndb","uuid":"ndb-ba"}},{"type":"Feature","geometry":{"type":"Point","coordinates":[-7981421.895548898,-5767449.431014609]},"properties":{"name":"BAL","freq":"390.000","type":"ndb","uuid":"ndb-bal"}},{"type":"Feature","geometry":{"type":"Point","coordinates":[6507115.928873258,3385570.2907791147]},"properties":{"name":"BAM","freq":"379.000","type":"ndb","uuid":"ndb-bam"}},{"type":"Feature","geometry":{"type":"Point","coordinates":[4002817.2206969447,4194947.71514264]},"properties":{"name":"BAN","freq":"304.000","type":"ndb","uuid":"ndb-ban"}},{"type":"Feature","geometry":{"type":"Point","coordinates":[3869991.1444252995,3721124.2120190896]},"properties":{"name":"BANIM","freq":"00.000","type":"ndb","uuid":"ndb-banim"}},{"type":"Feature","geometry":{"type":"Point","coordinates":[-9114821.6312035,4321757.522307915]},"properties":{"name":"BAR","freq":"320.000","type":"ndb","uuid":"ndb-bar"}},{"type":"Feature","geometry":{"type":"Point","coordinates":[-9862350.25590799,1774247.29284198]},"properties":{"name":"BAR","freq":"347.000","type":"ndb","uuid":"ndb-bar"}},{"type":"Feature","geometry":{"type":"Point","coordinates":[3967210.1973068384,3914713.830234437]},"properties":{"name":"BASAN","freq":"00.000","type":"ndb","uuid":"ndb-basan"}},{"type":"Feature","geometry":{"type":"Point","coordinates":[4577414.139584242,4570667.030869462]},"properties":{"name":"BAT","freq":"470.000","type":"ndb","uuid":"ndb-bat"}},{"type":"Feature","geometry":{"type":"Point","coordinates":[3883102.1375963655,3792041.028644436]},"properties":{"name":"BAZRA","freq":"00.000","type":"ndb","uuid":"ndb-bazra"}},{"type":"Feature","geometry":{"type":"Point","coordinates":[-16893249.12662822,-1856233.678930101]},"properties":{"name":"BB","freq":"384.000","type":"ndb","uuid":"ndb-bb"}},{"type":"Feature","geometry":{"type":"Point","coordinates":[11893250.708030244,-664415.1935777876]},"properties":{"name":"BB","freq":"310.000","type":"ndb","uuid":"ndb-bb"}},{"type":"Feature","geometry":{"type":"Point","coordinates":[-4871798.532987054,-2423750.4143419703]},"properties":{"name":"BBC","freq":"285.000","type":"ndb","uuid":"ndb-bbc"}},{"type":"Feature","geometry":{"type":"Point","coordinates":[-248872.06895567835,3506872.660061397]},"properties":{"name":"BBS","freq":"320.000","type":"ndb","uuid":"ndb-bbs"}},{"type":"Feature","geometry":{"type":"Point","coordinates":[2356086.2374197063,5887545.923108131]},"properties":{"name":"BC","freq":"400.000","type":"ndb","uuid":"ndb-bc"}},{"type":"Feature","geometry":{"type":"Point","coordinates":[-19285204.97774798,9446151.410901349]},"properties":{"name":"BC","freq":"960.000","type":"ndb","uuid":"ndb-bc"}},{"type":"Feature","geometry":{"type":"Point","coordinates":[-249541.222783669,3719634.5782645484]},"properties":{"name":"BCR","freq":"407.000","type":"ndb","uuid":"ndb-bcr"}},{"type":"Feature","geometry":{"type":"Point","coordinates":[4198074.390535616,7782179.494276944]},"properties":{"name":"BD","freq":"360.000","type":"ndb","uuid":"ndb-bd"}},{"type":"Feature","geometry":{"type":"Point","coordinates":[7679820.3503371505,8629631.846776523]},"properties":{"name":"BD","freq":"707.000","type":"ndb","uuid":"ndb-bd"}},{"type":"Feature","geometry":{"type":"Point","coordinates":[11487583.89940901,6880483.232717023]},"properties":{"name":"BD","freq":"635.000","type":"ndb","uuid":"ndb-bd"}},{"type":"Feature","geometry":{"type":"Point","coordinates":[-12188681.504646514,4511475.539304289]},"properties":{"name":"BDG","freq":"340.000","type":"ndb","uuid":"ndb-bdg"}},{"type":"Feature","geometry":{"type":"Point","coordinates":[19960110.34368506,9109724.637126874]},"properties":{"name":"BE","freq":"640.000","type":"ndb","uuid":"ndb-be"}},{"type":"Feature","geometry":{"type":"Point","coordinates":[18922446.05039845,-5784809.27321872]},"properties":{"name":"BE","freq":"394.000","type":"ndb","uuid":"ndb-be"}},{"type":"Feature","geometry":{"type":"Point","coordinates":[-343528.8254578839,7991572.88308879]},"properties":{"name":"BEA","freq":"323.000","type":"ndb","uuid":"ndb-bea"}},{"type":"Feature","geometry":{"type":"Point","coordinates":[-7536329.5267046215,1117948.0452200766]},"properties":{"name":"BEL","freq":"235.000","type":"ndb","uuid":"ndb-bel"}},{"type":"Feature","geometry":{"type":"Point","coordinates":[3886194.3456739564,3476976.703974402]},"properties":{"name":"BEREC","freq":"00.000","type":"ndb","uuid":"ndb-berec"}},{"type":"Feature","geometry":{"type":"Point","coordinates":[3894110.39835259,3731156.9592629275]},"properties":{"name":"BESEMS","freq":"00.000","type":"ndb","uuid":"ndb-besems"}},{"type":"Feature","geometry":{"type":"Point","coordinates":[3856756.49385321,3729411.5674750335]},"properties":{"name":"BEZRA","freq":"00.000","type":"ndb","uuid":"ndb-bezra"}},{"type":"Feature","geometry":{"type":"Point","coordinates":[9730161.483721137,10861293.701622505]},"properties":{"name":"BF","freq":"535.000","type":"ndb","uuid":"ndb-bf"}},{"type":"Feature","geometry":{"type":"Point","coordinates":[16216915.19148138,5452091.649894629]},"properties":{"name":"BF","freq":"525.000","type":"ndb","uuid":"ndb-bf"}},{"type":"Feature","geometry":{"type":"Point","coordinates":[-9080749.858201839,5096653.804273256]},"properties":{"name":"BF","freq":"248.000","type":"ndb","uuid":"ndb-bf"}},{"type":"Feature","geometry":{"type":"Point","coordinates":[5986397.303387016,9229448.11843145]},"properties":{"name":"BF","freq":"304.000","type":"ndb","uuid":"ndb-bf"}},{"type":"Feature","geometry":{"type":"Point","coordinates":[-4683377.9569092095,-2622749.6632765494]},"properties":{"name":"BFR","freq":"200.000","type":"ndb","uuid":"ndb-bfr"}},{"type":"Feature","geometry":{"type":"Point","coordinates":[3880566.49605066,7525308.2180573195]},"properties":{"name":"BG","freq":"745.000","type":"ndb","uuid":"ndb-bg"}},{"type":"Feature","geometry":{"type":"Point","coordinates":[14833662.322014319,5447534.214213037]},"properties":{"name":"BG","freq":"920.000","type":"ndb","uuid":"ndb-bg"}},{"type":"Feature","geometry":{"type":"Point","coordinates":[10567413.865381652,2412940.12962696]},"properties":{"name":"BGN","freq":"335.000","type":"ndb","uuid":"ndb-bgn"}},{"type":"Feature","geometry":{"type":"Point","coordinates":[11211697.125648428,5803437.574238831]},"properties":{"name":"BH","freq":"465.000","type":"ndb","uuid":"ndb-bh"}},{"type":"Feature","geometry":{"type":"Point","coordinates":[-9667607.072895976,3963398.4404620323]},"properties":{"name":"BH","freq":"224.000","type":"ndb","uuid":"ndb-bh"}},{"type":"Feature","geometry":{"type":"Point","coordinates":[3855272.264898047,3705401.048053892]},"properties":{"name":"BHAIL","freq":"00.000","type":"ndb","uuid":"ndb-bhail"}},{"type":"Feature","geometry":{"type":"Point","coordinates":[-9171631.647082923,3725568.511313814]},"properties":{"name":"BHC","freq":"376.000","type":"ndb","uuid":"ndb-bhc"}},{"type":"Feature","geometry":{"type":"Point","coordinates":[-8756784.196367642,3070294.46898982]},"properties":{"name":"BHF","freq":"326.000","type":"ndb","uuid":"ndb-bhf"}},{"type":"Feature","geometry":{"type":"Point","coordinates":[3440786.478839522,6515392.761344856]},"properties":{"name":"BI","freq":"310.000","type":"ndb","uuid":"ndb-bi"}},{"type":"Feature","geometry":{"type":"Point","coordinates":[3513812.06479991,-2391590.3623554744]},"properties":{"name":"BI","freq":"233.000","type":"ndb","uuid":"ndb-bi"}},{"type":"Feature","geometry":{"type":"Point","coordinates":[9597069.694009386,10879611.20442274]},"properties":{"name":"BI","freq":"700.000","type":"ndb","uuid":"ndb-bi"}},{"type":"Feature","geometry":{"type":"Point","coordinates":[-205104.584760487,6582059.752904307]},"properties":{"name":"BIA","freq":"339.000","type":"ndb","uuid":"ndb-bia"}},{"type":"Feature","geometry":{"type":"Point","coordinates":[-8039648.235494098,-6729913.273621365]},"properties":{"name":"BIO","freq":"205.000","type":"ndb","uuid":"ndb-bio"}},{"type":"Feature","geometry":{"type":"Point","coordinates":[565131.9791825996,4399517.207953343]},"properties":{"name":"BJA","freq":"423.000","type":"ndb","uuid":"ndb-bja"}},{"type":"Feature","geometry":{"type":"Point","coordinates":[2124661.7051651883,12721423.17543792]},"properties":{"name":"BJO","freq":"316.000","type":"ndb","uuid":"ndb-bjo"}},{"type":"Feature","geometry":{"type":"Point","coordinates":[-10693878.156442784,9430140.457437215]},"properties":{"name":"BK","freq":"224.000","type":"ndb","uuid":"ndb-bk"}},{"type":"Feature","geometry":{"type":"Point","coordinates":[16807963.58500388,-4019182.2530797394]},"properties":{"name":"BK","freq":"416.000","type":"ndb","uuid":"ndb-bk"}},{"type":"Feature","geometry":{"type":"Point","coordinates":[6228535.780032933,7941866.448116043]},"properties":{"name":"BK","freq":"705.000","type":"ndb","uuid":"ndb-bk"}},{"type":"Feature","geometry":{"type":"Point","coordinates":[-10792070.296284262,5520471.098412921]},"properties":{"name":"BK","freq":"335.000","type":"ndb","uuid":"ndb-bk"}},{"type":"Feature","geometry":{"type":"Point","coordinates":[10306406.827812517,7588645.484528549]},"properties":{"name":"BK","freq":"334.000","type":"ndb","uuid":"ndb-bk"}},{"type":"Feature","geometry":{"type":"Point","coordinates":[13506895.621474715,3490217.8538961154]},"properties":{"name":"BK","freq":"227.000","type":"ndb","uuid":"ndb-bk"}},{"type":"Feature","geometry":{"type":"Point","coordinates":[3870083.941589708,3690241.786530568]},"properties":{"name":"BKAMA","freq":"00.000","type":"ndb","uuid":"ndb-bkama"}},{"type":"Feature","geometry":{"type":"Point","coordinates":[16247003.860336214,-3509137.159629444]},"properties":{"name":"BKE","freq":"389.000","type":"ndb","uuid":"ndb-bke"}},{"type":"Feature","geometry":{"type":"Point","coordinates":[-8687878.884904401,4456883.491229125]},"properties":{"name":"BKT","freq":"326.000","type":"ndb","uuid":"ndb-bkt"}},{"type":"Feature","geometry":{"type":"Point","coordinates":[3207314.008097297,-257902.20871085516]},"properties":{"name":"BKV","freq":"514.000","type":"ndb","uuid":"ndb-bkv"}},{"type":"Feature","geometry":{"type":"Point","coordinates":[10051908.764558388,2607588.172069335]},"properties":{"name":"BL","freq":"368.000","type":"ndb","uuid":"ndb-bl"}},{"type":"Feature","geometry":{"type":"Point","coordinates":[641250.6699609205,8715924.060468884]},"properties":{"name":"BL","freq":"374.000","type":"ndb","uuid":"ndb-bl"}},{"type":"Feature","geometry":{"type":"Point","coordinates":[14818974.271801602,5496617.47800317]},"properties":{"name":"BL","freq":"605.000","type":"ndb","uuid":"ndb-bl"}},{"type":"Feature","geometry":{"type":"Point","coordinates":[5489590.753886865,7477745.320789614]},"properties":{"name":"BL","freq":"965.000","type":"ndb","uuid":"ndb-bl"}},{"type":"Feature","geometry":{"type":"Point","coordinates":[133858.56454875311,6052781.123925094]},"properties":{"name":"BLB","freq":"397.000","type":"ndb","uuid":"ndb-blb"}},{"type":"Feature","geometry":{"type":"Point","coordinates":[10825653.160266776,2786261.383330019]},"properties":{"name":"BM","freq":"320.000","type":"ndb","uuid":"ndb-bm"}},{"type":"Feature","geometry":{"type":"Point","coordinates":[17337608.70400227,8969049.480764914]},"properties":{"name":"BM","freq":"890.000","type":"ndb","uuid":"ndb-bm"}},{"type":"Feature","geometry":{"type":"Point","coordinates":[18992246.154113103,10991842.627584713]},"properties":{"name":"BM","freq":"560.000","type":"ndb","uuid":"ndb-bm"}},{"type":"Feature","geometry":{"type":"Point","coordinates":[17020835.51815655,-3244700.0620242674]},"properties":{"name":"BML","freq":"374.000","type":"ndb","uuid":"ndb-bml"}},{"type":"Feature","geometry":{"type":"Point","coordinates":[3911117.542779339,3542600.373144584]},"properties":{"name":"BMNUH","freq":"00.000","type":"ndb","uuid":"ndb-bmnuh"}},{"type":"Feature","geometry":{"type":"Point","coordinates":[-9305138.442040768,4020125.45419035]},"properties":{"name":"BMW","freq":"404.000","type":"ndb","uuid":"ndb-bmw"}},{"type":"Feature","geometry":{"type":"Point","coordinates":[2058921.979877221,500392.6807662949]},"properties":{"name":"BN","freq":"265.500","type":"ndb","uuid":"ndb-bn"}},{"type":"Feature","geometry":{"type":"Point","coordinates":[2250818.197834278,3785938.7250254108]},"properties":{"name":"BN","freq":"362.000","type":"ndb","uuid":"ndb-bn"}},{"type":"Feature","geometry":{"type":"Point","coordinates":[7608585.091009526,11172381.305462562]},"properties":{"name":"BN","freq":"450.000","type":"ndb","uuid":"ndb-bn"}},{"type":"Feature","geometry":{"type":"Point","coordinates":[3262403.7977010724,-361823.93559402594]},"properties":{"name":"BN","freq":"255.000","type":"ndb","uuid":"ndb-bn"}},{"type":"Feature","geometry":{"type":"Point","coordinates":[12480915.545630086,5375634.802946907]},"properties":{"name":"BN","freq":"458.000","type":"ndb","uuid":"ndb-bn"}},{"type":"Feature","geometry":{"type":"Point","coordinates":[17094488.142070916,-3354596.609385503]},"properties":{"name":"BNA","freq":"206.000","type":"ndb","uuid":"ndb-bna"}},{"type":"Feature","geometry":{"type":"Point","coordinates":[399806.39402842335,4390612.894346596]},"properties":{"name":"BNA","freq":"353.000","type":"ndb","uuid":"ndb-bna"}},{"type":"Feature","geometry":{"type":"Point","coordinates":[6273975.71588897,3150522.3943082127]},"properties":{"name":"BND","freq":"250.000","type":"ndb","uuid":"ndb-bnd"}},{"type":"Feature","geometry":{"type":"Point","coordinates":[-6787971.540871641,1543676.494620378]},"properties":{"name":"BNE","freq":"305.000","type":"ndb","uuid":"ndb-bne"}},{"type":"Feature","geometry":{"type":"Point","coordinates":[4519657.9080330795,4701002.254103306]},"properties":{"name":"BNG","freq":"384.000","type":"ndb","uuid":"ndb-bng"}},{"type":"Feature","geometry":{"type":"Point","coordinates":[8588437.864064548,3747769.3339091074]},"properties":{"name":"BNR","freq":"334.000","type":"ndb","uuid":"ndb-bnr"}},{"type":"Feature","geometry":{"type":"Point","coordinates":[3983846.2767642783,3915341.684930527]},"properties":{"name":"BNTAL","freq":"00.000","type":"ndb","uuid":"ndb-bntal"}},{"type":"Feature","geometry":{"type":"Point","coordinates":[-10255116.712572405,3511412.137021344]},"properties":{"name":"BNZ","freq":"230.000","type":"ndb","uuid":"ndb-bnz"}},{"type":"Feature","geometry":{"type":"Point","coordinates":[868563.8641996349,4413765.5151126245]},"properties":{"name":"BO","freq":"392.000","type":"ndb","uuid":"ndb-bo"}},{"type":"Feature","geometry":{"type":"Point","coordinates":[3438906.416328347,6555860.3564921925]},"properties":{"name":"BO","freq":"999.999","type":"ndb","uuid":"ndb-bo"}},{"type":"Feature","geometry":{"type":"Point","coordinates":[1699181.0166893357,5491671.003438611]},"properties":{"name":"BO","freq":"385.000","type":"ndb","uuid":"ndb-bo"}},{"type":"Feature","geometry":{"type":"Point","coordinates":[-9183442.428601522,4355611.483747398]},"properties":{"name":"BO","freq":"221.000","type":"ndb","uuid":"ndb-bo"}},{"type":"Feature","geometry":{"type":"Point","coordinates":[4871931.5597785525,7593521.135401306]},"properties":{"name":"BO","freq":"676.000","type":"ndb","uuid":"ndb-bo"}},{"type":"Feature","geometry":{"type":"Point","coordinates":[3949823.577104807,4015854.7255632468]},"properties":{"name":"BOD","freq":"351.000","type":"ndb","uuid":"ndb-bod"}},{"type":"Feature","geometry":{"type":"Point","coordinates":[3872341.2225642684,3616526.1318988567]},"properties":{"name":"BOKER","freq":"00.000","type":"ndb","uuid":"ndb-boker"}},{"type":"Feature","geometry":{"type":"Point","coordinates":[3892935.328361024,3857462.2518224013]},"properties":{"name":"BOREN","freq":"00.000","type":"ndb","uuid":"ndb-boren"}},{"type":"Feature","geometry":{"type":"Point","coordinates":[781797.9898023105,6725576.999348232]},"properties":{"name":"BOT","freq":"406.500","type":"ndb","uuid":"ndb-bot"}},{"type":"Feature","geometry":{"type":"Point","coordinates":[15574369.752154209,-2621708.951911202]},"properties":{"name":"BOU","freq":"398.000","type":"ndb","uuid":"ndb-bou"}},{"type":"Feature","geometry":{"type":"Point","coordinates":[3870578.694882122,3752850.3899490144]},"properties":{"name":"BOVED","freq":"00.000","type":"ndb","uuid":"ndb-boved"}},{"type":"Feature","geometry":{"type":"Point","coordinates":[4193683.4859875175,7538644.551626709]},"properties":{"name":"BP","freq":"680.000","type":"ndb","uuid":"ndb-bp"}},{"type":"Feature","geometry":{"type":"Point","coordinates":[-337068.95540715015,7127310.669792018]},"properties":{"name":"BPL","freq":"318.000","type":"ndb","uuid":"ndb-bpl"}},{"type":"Feature","geometry":{"type":"Point","coordinates":[11581463.398488833,2417533.549381666]},"properties":{"name":"BQ","freq":"349.000","type":"ndb","uuid":"ndb-bq"}},{"type":"Feature","geometry":{"type":"Point","coordinates":[-10228416.949160205,3862787.291261541]},"properties":{"name":"BQP","freq":"329.000","type":"ndb","uuid":"ndb-bqp"}},{"type":"Feature","geometry":{"type":"Point","coordinates":[8627415.14688258,2028544.3271305114]},"properties":{"name":"BR","freq":"240.000","type":"ndb","uuid":"ndb-br"}},{"type":"Feature","geometry":{"type":"Point","coordinates":[7179386.671684067,4840395.237270937]},"properties":{"name":"BR","freq":"795.000","type":"ndb","uuid":"ndb-br"}},{"type":"Feature","geometry":{"type":"Point","coordinates":[-10143791.006440895,4961492.418841898]},"properties":{"name":"BR","freq":"390.000","type":"ndb","uuid":"ndb-br"}},{"type":"Feature","geometry":{"type":"Point","coordinates":[-10854660.236580234,2997050.2189894943]},"properties":{"name":"BR","freq":"393.000","type":"ndb","uuid":"ndb-br"}},{"type":"Feature","geometry":{"type":"Point","coordinates":[-10466529.12351245,5853827.109541232]},"properties":{"name":"BR","freq":"251.000","type":"ndb","uuid":"ndb-br"}},{"type":"Feature","geometry":{"type":"Point","coordinates":[-9180633.714160485,4201009.211202537]},"properties":{"name":"BRA","freq":"379.000","type":"ndb","uuid":"ndb-bra"}},{"type":"Feature","geometry":{"type":"Point","coordinates":[6379246.909526637,4507472.45186047]},"properties":{"name":"BRD","freq":"346.000","type":"ndb","uuid":"ndb-brd"}},{"type":"Feature","geometry":{"type":"Point","coordinates":[3109014.2284926395,4812572.569368983]},"properties":{"name":"BRI","freq":"470.000","type":"ndb","uuid":"ndb-bri"}},{"type":"Feature","geometry":{"type":"Point","coordinates":[13607172.002326729,-2031264.6928099846]},"properties":{"name":"BRM","freq":"320.000","type":"ndb","uuid":"ndb-brm"}},{"type":"Feature","geometry":{"type":"Point","coordinates":[6598957.508219544,3880859.650668599]},"properties":{"name":"BRN","freq":"405.000","type":"ndb","uuid":"ndb-brn"}},{"type":"Feature","geometry":{"type":"Point","coordinates":[3895872.9260347355,3466078.0360276196]},"properties":{"name":"BRORA","freq":"00.000","type":"ndb","uuid":"ndb-brora"}},{"type":"Feature","geometry":{"type":"Point","coordinates":[169947.78686647842,7097232.496634665]},"properties":{"name":"BRQ","freq":"374.000","type":"ndb","uuid":"ndb-brq"}},{"type":"Feature","geometry":{"type":"Point","coordinates":[-829237.4710896411,7765412.603904388]},"properties":{"name":"BRR","freq":"316.000","type":"ndb","uuid":"ndb-brr"}},{"type":"Feature","geometry":{"type":"Point","coordinates":[-125658.09057114349,5522170.737561582]},"properties":{"name":"BRS","freq":"358.000","type":"ndb","uuid":"ndb-brs"}},{"type":"Feature","geometry":{"type":"Point","coordinates":[-5466584.818555832,-2549266.6714714365]},"properties":{"name":"BRU","freq":"380.000","type":"ndb","uuid":"ndb-bru"}},{"type":"Feature","geometry":{"type":"Point","coordinates":[1180672.0830953403,6858602.322493916]},"properties":{"name":"BRU","freq":"427.000","type":"ndb","uuid":"ndb-bru"}},{"type":"Feature","geometry":{"type":"Point","coordinates":[-11201409.3184522,3402219.058306613]},"properties":{"name":"BRX","freq":"269.000","type":"ndb","uuid":"ndb-brx"}},{"type":"Feature","geometry":{"type":"Point","coordinates":[3294392.102744215,4904165.761298373]},"properties":{"name":"BRY","freq":"352.000","type":"ndb","uuid":"ndb-bry"}},{"type":"Feature","geometry":{"type":"Point","coordinates":[1596922.592303746,5688464.918172536]},"properties":{"name":"BRZ","freq":"400.000","type":"ndb","uuid":"ndb-brz"}},{"type":"Feature","geometry":{"type":"Point","coordinates":[2261554.4061238356,3766643.774931078]},"properties":{"name":"BS","freq":"257.000","type":"ndb","uuid":"ndb-bs"}},{"type":"Feature","geometry":{"type":"Point","coordinates":[11329828.688992472,7628453.20499931]},"properties":{"name":"BS","freq":"374.000","type":"ndb","uuid":"ndb-bs"}},{"type":"Feature","geometry":{"type":"Point","coordinates":[3264158.2856422164,-372922.97215813363]},"properties":{"name":"BS","freq":"285.000","type":"ndb","uuid":"ndb-bs"}},{"type":"Feature","geometry":{"type":"Point","coordinates":[13174565.87693352,2805462.354646357]},"properties":{"name":"BS","freq":"345.000","type":"ndb","uuid":"ndb-bs"}},{"type":"Feature","geometry":{"type":"Point","coordinates":[470326.7348485082,4211605.858197377]},"properties":{"name":"BSA","freq":"335.000","type":"ndb","uuid":"ndb-bsa"}},{"type":"Feature","geometry":{"type":"Point","coordinates":[180566.4294049257,5620760.652597758]},"properties":{"name":"BSC","freq":"351.000","type":"ndb","uuid":"ndb-bsc"}},{"type":"Feature","geometry":{"type":"Point","coordinates":[2919968.9954610397,5547774.225223468]},"properties":{"name":"BSE","freq":"256.000","type":"ndb","uuid":"ndb-bse"}},{"type":"Feature","geometry":{"type":"Point","coordinates":[3894110.39835259,3731156.9592629275]},"properties":{"name":"BSEMS","freq":"00.000","type":"ndb","uuid":"ndb-bsems"}},{"type":"Feature","geometry":{"type":"Point","coordinates":[-493392.68993832846,6154167.936187997]},"properties":{"name":"BST","freq":"428.000","type":"ndb","uuid":"ndb-bst"}},{"type":"Feature","geometry":{"type":"Point","coordinates":[2888963.084924147,5538791.584697185]},"properties":{"name":"BSW","freq":"521.000","type":"ndb","uuid":"ndb-bsw"}},{"type":"Feature","geometry":{"type":"Point","coordinates":[4859126.6952071665,5174428.845632552]},"properties":{"name":"BT","freq":"353.000","type":"ndb","uuid":"ndb-bt"}},{"type":"Feature","geometry":{"type":"Point","coordinates":[7881778.613378689,4877428.993958394]},"properties":{"name":"BT","freq":"705.000","type":"ndb","uuid":"ndb-bt"}},{"type":"Feature","geometry":{"type":"Point","coordinates":[7514003.722540253,3024837.952466709]},"properties":{"name":"BT","freq":"425.000","type":"ndb","uuid":"ndb-bt"}},{"type":"Feature","geometry":{"type":"Point","coordinates":[10101700.210231617,3194366.0410146536]},"properties":{"name":"BT","freq":"355.000","type":"ndb","uuid":"ndb-bt"}},{"type":"Feature","geometry":{"type":"Point","coordinates":[-10153570.732927892,3578700.860515881]},"properties":{"name":"BT","freq":"284.000","type":"ndb","uuid":"ndb-bt"}},{"type":"Feature","geometry":{"type":"Point","coordinates":[16659739.796765711,-3950391.2053554514]},"properties":{"name":"BTH","freq":"383.000","type":"ndb","uuid":"ndb-bth"}},{"type":"Feature","geometry":{"type":"Point","coordinates":[3896615.0868954374,3842036.5821845117]},"properties":{"name":"BTSLM","freq":"00.000","type":"ndb","uuid":"ndb-btslm"}},{"type":"Feature","geometry":{"type":"Point","coordinates":[9291296.760100966,7047002.96820003]},"properties":{"name":"BU","freq":"399.000","type":"ndb","uuid":"ndb-bu"}},{"type":"Feature","geometry":{"type":"Point","coordinates":[1084207.2816080865,1176336.0135040337]},"properties":{"name":"BU","freq":"323.000","type":"ndb","uuid":"ndb-bu"}},{"type":"Feature","geometry":{"type":"Point","coordinates":[12582813.047488859,354549.43900495]},"properties":{"name":"BU","freq":"304.000","type":"ndb","uuid":"ndb-bu"}},{"type":"Feature","geometry":{"type":"Point","coordinates":[3309899.464409172,-289530.0605019069]},"properties":{"name":"BU","freq":"340.000","type":"ndb","uuid":"ndb-bu"}},{"type":"Feature","geometry":{"type":"Point","coordinates":[12027202.007899245,1422007.77883892]},"properties":{"name":"BU","freq":"386.000","type":"ndb","uuid":"ndb-bu"}},{"type":"Feature","geometry":{"type":"Point","coordinates":[-8755363.883353442,5312020.089246135]},"properties":{"name":"BU","freq":"231.000","type":"ndb","uuid":"ndb-bu"}},{"type":"Feature","geometry":{"type":"Point","coordinates":[-8544884.113291679,4733719.011362642]},"properties":{"name":"BUH","freq":"260.000","type":"ndb","uuid":"ndb-buh"}},{"type":"Feature","geometry":{"type":"Point","coordinates":[-7720963.137394002,5574058.385077831]},"properties":{"name":"BUP","freq":"348.000","type":"ndb","uuid":"ndb-bup"}},{"type":"Feature","geometry":{"type":"Point","coordinates":[-75384.66242486237,6713619.353200545]},"properties":{"name":"BUR","freq":"421.000","type":"ndb","uuid":"ndb-bur"}},{"type":"Feature","geometry":{"type":"Point","coordinates":[2763691.922349753,313861.9640567096]},"properties":{"name":"BUT","freq":"285.000","type":"ndb","uuid":"ndb-but"}},{"type":"Feature","geometry":{"type":"Point","coordinates":[5657562.619791764,3370842.1826113253]},"properties":{"name":"BUZ","freq":"341.000","type":"ndb","uuid":"ndb-buz"}},{"type":"Feature","geometry":{"type":"Point","coordinates":[-108845.72433120082,7928090.39892669]},"properties":{"name":"BUZ","freq":"359.000","type":"ndb","uuid":"ndb-buz"}},{"type":"Feature","geometry":{"type":"Point","coordinates":[-10218874.08581195,4259859.692940758]},"properties":{"name":"BV","freq":"335.000","type":"ndb","uuid":"ndb-bv"}},{"type":"Feature","geometry":{"type":"Point","coordinates":[225925.99877302628,6358707.141910263]},"properties":{"name":"BV","freq":"391.000","type":"ndb","uuid":"ndb-bv"}},{"type":"Feature","geometry":{"type":"Point","coordinates":[3234504.9996847045,11359146.27877802]},"properties":{"name":"BV","freq":"399.000","type":"ndb","uuid":"ndb-bv"}},{"type":"Feature","geometry":{"type":"Point","coordinates":[-9571465.994672367,3676904.5320625915]},"properties":{"name":"BVG","freq":"352.000","type":"ndb","uuid":"ndb-bvg"}},{"type":"Feature","geometry":{"type":"Point","coordinates":[646775.4562889907,8916480.83982399]},"properties":{"name":"BVK","freq":"362.000","type":"ndb","uuid":"ndb-bvk"}},{"type":"Feature","geometry":{"type":"Point","coordinates":[-10599286.521842694,3502697.254550544]},"properties":{"name":"BVP","freq":"326.000","type":"ndb","uuid":"ndb-bvp"}},{"type":"Feature","geometry":{"type":"Point","coordinates":[-13627555.497831322,6185169.761103213]},"properties":{"name":"BVS","freq":"240.000","type":"ndb","uuid":"ndb-bvs"}},{"type":"Feature","geometry":{"type":"Point","coordinates":[-2547888.514095367,1820277.772789447]},"properties":{"name":"BVT","freq":"341.000","type":"ndb","uuid":"ndb-bvt"}},{"type":"Feature","geometry":{"type":"Point","coordinates":[7982673.6832228685,3420250.2593134083]},"properties":{"name":"BW","freq":"332.000","type":"ndb","uuid":"ndb-bw"}},{"type":"Feature","geometry":{"type":"Point","coordinates":[5320144.02841728,6781062.012283774]},"properties":{"name":"BW","freq":"375.000","type":"ndb","uuid":"ndb-bw"}},{"type":"Feature","geometry":{"type":"Point","coordinates":[-9627067.513790904,4422375.261462867]},"properties":{"name":"BW","freq":"236.000","type":"ndb","uuid":"ndb-bw"}},{"type":"Feature","geometry":{"type":"Point","coordinates":[3307628.8869398786,11269289.37245089]},"properties":{"name":"BX","freq":"348.000","type":"ndb","uuid":"ndb-bx"}},{"type":"Feature","geometry":{"type":"Point","coordinates":[4080468.471642681,6554783.1290501505]},"properties":{"name":"BX","freq":"718.000","type":"ndb","uuid":"ndb-bx"}},{"type":"Feature","geometry":{"type":"Point","coordinates":[-1976681.5829235318,3325047.6108026356]},"properties":{"name":"BX","freq":"389.000","type":"ndb","uuid":"ndb-bx"}},{"type":"Feature","geometry":{"type":"Point","coordinates":[-10282182.50065475,5751754.969153492]},"properties":{"name":"BXR","freq":"203.000","type":"ndb","uuid":"ndb-bxr"}},{"type":"Feature","geometry":{"type":"Point","coordinates":[1012002.3676714918,6852930.159381145]},"properties":{"name":"BYC","freq":"368.000","type":"ndb","uuid":"ndb-byc"}},{"type":"Feature","geometry":{"type":"Point","coordinates":[-178302.87124796762,6754952.014701691]},"properties":{"name":"BZ","freq":"386.000","type":"ndb","uuid":"ndb-bz"}},{"type":"Feature","geometry":{"type":"Point","coordinates":[3488673.340791519,-2045428.6651698006]},"properties":{"name":"BZ","freq":"284.000","type":"ndb","uuid":"ndb-bz"}},{"type":"Feature","geometry":{"type":"Point","coordinates":[13309543.882650524,3261797.722569282]},"properties":{"name":"BZ","freq":"244.000","type":"ndb","uuid":"ndb-bz"}},{"type":"Feature","geometry":{"type":"Point","coordinates":[-8521843.421541853,4929452.735912823]},"properties":{"name":"BZJ","freq":"328.000","type":"ndb","uuid":"ndb-bzj"}},{"type":"Feature","geometry":{"type":"Point","coordinates":[-9090798.544947425,3817959.002547452]},"properties":{"name":"BZQ","freq":"407.000","type":"ndb","uuid":"ndb-bzq"}},{"type":"Feature","geometry":{"type":"Point","coordinates":[3359034.6816841736,6555372.857095483]},"properties":{"name":"C","freq":"257.000","type":"ndb","uuid":"ndb-c"}},{"type":"Feature","geometry":{"type":"Point","coordinates":[5274574.157977822,7577688.804478036]},"properties":{"name":"C","freq":"480.000","type":"ndb","uuid":"ndb-c"}},{"type":"Feature","geometry":{"type":"Point","coordinates":[7742223.5831093965,5088380.8161225]},"properties":{"name":"C","freq":"250.000","type":"ndb","uuid":"ndb-c"}},{"type":"Feature","geometry":{"type":"Point","coordinates":[11617629.771398092,6850108.56187054]},"properties":{"name":"C","freq":"545.000","type":"ndb","uuid":"ndb-c"}},{"type":"Feature","geometry":{"type":"Point","coordinates":[7769788.0825104965,4574698.388989985]},"properties":{"name":"C","freq":"615.000","type":"ndb","uuid":"ndb-c"}},{"type":"Feature","geometry":{"type":"Point","coordinates":[-930723.6474299332,5361367.738355859]},"properties":{"name":"C","freq":"410.000","type":"ndb","uuid":"ndb-c"}},{"type":"Feature","geometry":{"type":"Point","coordinates":[6541866.070482982,7060278.94239711]},"properties":{"name":"C","freq":"975.000","type":"ndb","uuid":"ndb-c"}},{"type":"Feature","geometry":{"type":"Point","coordinates":[11773387.446318587,7729289.6745204]},"properties":{"name":"C","freq":"670.000","type":"ndb","uuid":"ndb-c"}},{"type":"Feature","geometry":{"type":"Point","coordinates":[-6227592.687491347,-4134660.2616019747]},"properties":{"name":"CA","freq":"280.000","type":"ndb","uuid":"ndb-ca"}},{"type":"Feature","geometry":{"type":"Point","coordinates":[-6347549.333886949,7115247.32112541]},"properties":{"name":"CA","freq":"281.000","type":"ndb","uuid":"ndb-ca"}},{"type":"Feature","geometry":{"type":"Point","coordinates":[12084816.95646334,-747319.9096599101]},"properties":{"name":"CA","freq":"365.000","type":"ndb","uuid":"ndb-ca"}},{"type":"Feature","geometry":{"type":"Point","coordinates":[-10828730.804044321,4599919.525960418]},"properties":{"name":"CA","freq":"395.000","type":"ndb","uuid":"ndb-ca"}},{"type":"Feature","geometry":{"type":"Point","coordinates":[-9044117.056626154,4024394.4615156]},"properties":{"name":"CA","freq":"362.000","type":"ndb","uuid":"ndb-ca"}},{"type":"Feature","geometry":{"type":"Point","coordinates":[-791874.2899660291,3977333.666078624]},"properties":{"name":"CAE","freq":"275.000","type":"ndb","uuid":"ndb-cae"}},{"type":"Feature","geometry":{"type":"Point","coordinates":[1008437.0208359485,4756583.211023045]},"properties":{"name":"CAL","freq":"316.000","type":"ndb","uuid":"ndb-cal"}},{"type":"Feature","geometry":{"type":"Point","coordinates":[12653598.328697033,-2861840.4361451687]},"properties":{"name":"CAR","freq":"323.000","type":"ndb","uuid":"ndb-car"}},{"type":"Feature","geometry":{"type":"Point","coordinates":[-6236795.005964016,-4132454.29689152]},"properties":{"name":"CAR","freq":"380.000","type":"ndb","uuid":"ndb-car"}},{"type":"Feature","geometry":{"type":"Point","coordinates":[16609691.110302508,-4204125.295152341]},"properties":{"name":"CB","freq":"263.000","type":"ndb","uuid":"ndb-cb"}},{"type":"Feature","geometry":{"type":"Point","coordinates":[1274668.1584196875,6774920.131558436]},"properties":{"name":"CB","freq":"344.000","type":"ndb","uuid":"ndb-cb"}},{"type":"Feature","geometry":{"type":"Point","coordinates":[8576548.26216205,1235027.0574134297]},"properties":{"name":"CB","freq":"354.000","type":"ndb","uuid":"ndb-cb"}},{"type":"Feature","geometry":{"type":"Point","coordinates":[16230228.353216559,-3703096.134174404]},"properties":{"name":"CBA","freq":"395.000","type":"ndb","uuid":"ndb-cba"}},{"type":"Feature","geometry":{"type":"Point","coordinates":[-7366830.110009394,-1969005.9223545445]},"properties":{"name":"CBB","freq":"320.000","type":"ndb","uuid":"ndb-cbb"}},{"type":"Feature","geometry":{"type":"Point","coordinates":[14997381.134007217,-3379694.8279767185]},"properties":{"name":"CBP","freq":"341.000","type":"ndb","uuid":"ndb-cbp"}},{"type":"Feature","geometry":{"type":"Point","coordinates":[12694070.755964745,2535788.3729749992]},"properties":{"name":"CC","freq":"360.000","type":"ndb","uuid":"ndb-cc"}},{"type":"Feature","geometry":{"type":"Point","coordinates":[15640506.547881419,-2352057.8941320004]},"properties":{"name":"CCY","freq":"264.000","type":"ndb","uuid":"ndb-ccy"}},{"type":"Feature","geometry":{"type":"Point","coordinates":[12425667.125751933,3356356.3219841393]},"properties":{"name":"CD","freq":"225.000","type":"ndb","uuid":"ndb-cd"}},{"type":"Feature","geometry":{"type":"Point","coordinates":[119428.77555467501,8649396.732363576]},"properties":{"name":"CD","freq":"430.000","type":"ndb","uuid":"ndb-cd"}},{"type":"Feature","geometry":{"type":"Point","coordinates":[-11485350.366592485,5274781.803950526]},"properties":{"name":"CD","freq":"362.000","type":"ndb","uuid":"ndb-cd"}},{"type":"Feature","geometry":{"type":"Point","coordinates":[12891353.631315045,4867879.951632187]},"properties":{"name":"CD","freq":"422.000","type":"ndb","uuid":"ndb-cd"}},{"type":"Feature","geometry":{"type":"Point","coordinates":[-371574.19413712964,6691174.910734008]},"properties":{"name":"CDF","freq":"388.500","type":"ndb","uuid":"ndb-cdf"}},{"type":"Feature","geometry":{"type":"Point","coordinates":[14886415.639194667,-3779932.709717093]},"properties":{"name":"CDU","freq":"293.000","type":"ndb","uuid":"ndb-cdu"}},{"type":"Feature","geometry":{"type":"Point","coordinates":[13049241.713912677,4950343.392235474]},"properties":{"name":"CDY","freq":"292.000","type":"ndb","uuid":"ndb-cdy"}},{"type":"Feature","geometry":{"type":"Point","coordinates":[11293588.07216727,367083.6677020141]},"properties":{"name":"CE","freq":"205.000","type":"ndb","uuid":"ndb-ce"}},{"type":"Feature","geometry":{"type":"Point","coordinates":[2066095.3150976973,5705098.330752895]},"properties":{"name":"CE","freq":"372.000","type":"ndb","uuid":"ndb-ce"}},{"type":"Feature","geometry":{"type":"Point","coordinates":[-9633211.11279946,3613653.9839355415]},"properties":{"name":"CE","freq":"201.000","type":"ndb","uuid":"ndb-ce"}},{"type":"Feature","geometry":{"type":"Point","coordinates":[9654739.436500616,8103099.477368255]},"properties":{"name":"CE","freq":"510.000","type":"ndb","uuid":"ndb-ce"}},{"type":"Feature","geometry":{"type":"Point","coordinates":[-4732426.870656765,-1583191.3532440683]},"properties":{"name":"CEE","freq":"390.000","type":"ndb","uuid":"ndb-cee"}},{"type":"Feature","geometry":{"type":"Point","coordinates":[1116474.472897748,6907441.787829932]},"properties":{"name":"CEL","freq":"311.000","type":"ndb","uuid":"ndb-cel"}},{"type":"Feature","geometry":{"type":"Point","coordinates":[-11733557.332512755,3960510.1068080803]},"properties":{"name":"CEP","freq":"278.000","type":"ndb","uuid":"ndb-cep"}},{"type":"Feature","geometry":{"type":"Point","coordinates":[-590599.3121433961,4285847.273967608]},"properties":{"name":"CEU","freq":"300.000","type":"ndb","uuid":"ndb-ceu"}},{"type":"Feature","geometry":{"type":"Point","coordinates":[469335.31109467096,6985618.851721638]},"properties":{"name":"CF","freq":"358.000","type":"ndb","uuid":"ndb-cf"}},{"type":"Feature","geometry":{"type":"Point","coordinates":[-9675413.90878531,4863174.331102923]},"properties":{"name":"CFJ","freq":"388.000","type":"ndb","uuid":"ndb-cfj"}},{"type":"Feature","geometry":{"type":"Point","coordinates":[-928317.9404676483,7370410.248969392]},"properties":{"name":"CFN","freq":"361.000","type":"ndb","uuid":"ndb-cfn"}},{"type":"Feature","geometry":{"type":"Point","coordinates":[-9018358.623196933,4900405.132511445]},"properties":{"name":"CFX","freq":"239.000","type":"ndb","uuid":"ndb-cfx"}},{"type":"Feature","geometry":{"type":"Point","coordinates":[-8879502.803018147,4009440.1715585236]},"properties":{"name":"CFY","freq":"420.000","type":"ndb","uuid":"ndb-cfy"}},{"type":"Feature","geometry":{"type":"Point","coordinates":[-9985409.067291193,4474479.162964887]},"properties":{"name":"CG","freq":"248.000","type":"ndb","uuid":"ndb-cg"}},{"type":"Feature","geometry":{"type":"Point","coordinates":[17087665.494168516,-3269774.913758357]},"properties":{"name":"CG","freq":"278.000","type":"ndb","uuid":"ndb-cg"}},{"type":"Feature","geometry":{"type":"Point","coordinates":[7768823.37543445,4571270.883835393]},"properties":{"name":"CG","freq":"298.000","type":"ndb","uuid":"ndb-cg"}},{"type":"Feature","geometry":{"type":"Point","coordinates":[254921.63391659647,7278663.149851567]},"properties":{"name":"CGA","freq":"345.000","type":"ndb","uuid":"ndb-cga"}},{"type":"Feature","geometry":{"type":"Point","coordinates":[-14994674.184134016,8043182.279977171]},"properties":{"name":"CGL","freq":"212.000","type":"ndb","uuid":"ndb-cgl"}},{"type":"Feature","geometry":{"type":"Point","coordinates":[-8916407.997203385,3892161.9245761754]},"properties":{"name":"CH","freq":"329.000","type":"ndb","uuid":"ndb-ch"}},{"type":"Feature","geometry":{"type":"Point","coordinates":[654969.8076946067,5715237.115367831]},"properties":{"name":"CH","freq":"346.000","type":"ndb","uuid":"ndb-ch"}},{"type":"Feature","geometry":{"type":"Point","coordinates":[3721738.629574087,-2167166.3933965997]},"properties":{"name":"CH","freq":"282.000","type":"ndb","uuid":"ndb-ch"}},{"type":"Feature","geometry":{"type":"Point","coordinates":[4962245.61925659,5343935.65566807]},"properties":{"name":"CH","freq":"250.000","type":"ndb","uuid":"ndb-ch"}},{"type":"Feature","geometry":{"type":"Point","coordinates":[9037287.265723098,953457.6681281779]},"properties":{"name":"CHB","freq":"500.000","type":"ndb","uuid":"ndb-chb"}},{"type":"Feature","geometry":{"type":"Point","coordinates":[244160.13136496453,4383694.387336071]},"properties":{"name":"CHE","freq":"397.000","type":"ndb","uuid":"ndb-che"}},{"type":"Feature","geometry":{"type":"Point","coordinates":[-8951214.138701396,891477.5413117971]},"properties":{"name":"CHE","freq":"440.000","type":"ndb","uuid":"ndb-che"}},{"type":"Feature","geometry":{"type":"Point","coordinates":[-19655274.256057914,-5458794.539407044]},"properties":{"name":"CI","freq":"322.000","type":"ndb","uuid":"ndb-ci"}},{"type":"Feature","geometry":{"type":"Point","coordinates":[-9411224.370662719,5833798.595768771]},"properties":{"name":"CI","freq":"400.000","type":"ndb","uuid":"ndb-ci"}},{"type":"Feature","geometry":{"type":"Point","coordinates":[11778446.236889366,7726824.729697237]},"properties":{"name":"CI","freq":"326.000","type":"ndb","uuid":"ndb-ci"}},{"type":"Feature","geometry":{"type":"Point","coordinates":[3007518.651839791,4653779.366499082]},"properties":{"name":"CIG","freq":"363.000","type":"ndb","uuid":"ndb-cig"}},{"type":"Feature","geometry":{"type":"Point","coordinates":[-7656526.746888657,-1236384.8585144526]},"properties":{"name":"CIJ","freq":"230.000","type":"ndb","uuid":"ndb-cij"}},{"type":"Feature","geometry":{"type":"Point","coordinates":[-9973418.412028719,4836139.253247637]},"properties":{"name":"CJ","freq":"240.000","type":"ndb","uuid":"ndb-cj"}},{"type":"Feature","geometry":{"type":"Point","coordinates":[13376892.174580455,3542815.2692823997]},"properties":{"name":"CJ","freq":"324.000","type":"ndb","uuid":"ndb-cj"}},{"type":"Feature","geometry":{"type":"Point","coordinates":[13076229.021754013,4035901.7444398752]},"properties":{"name":"CK","freq":"244.000","type":"ndb","uuid":"ndb-ck"}},{"type":"Feature","geometry":{"type":"Point","coordinates":[-9727849.161442798,4373388.173573672]},"properties":{"name":"CK","freq":"335.000","type":"ndb","uuid":"ndb-ck"}},{"type":"Feature","geometry":{"type":"Point","coordinates":[-10061675.843914349,6080286.446741964]},"properties":{"name":"CKC","freq":"358.000","type":"ndb","uuid":"ndb-ckc"}},{"type":"Feature","geometry":{"type":"Point","coordinates":[-10724274.159858452,3567178.838576805]},"properties":{"name":"CL","freq":"260.000","type":"ndb","uuid":"ndb-cl"}},{"type":"Feature","geometry":{"type":"Point","coordinates":[3104230.582596606,4553574.89362441]},"properties":{"name":"CLD","freq":"480.000","type":"ndb","uuid":"ndb-cld"}},{"type":"Feature","geometry":{"type":"Point","coordinates":[3866775.2480246047,3770277.009916689]},"properties":{"name":"CLORE","freq":"00.000","type":"ndb","uuid":"ndb-clore"}},{"type":"Feature","geometry":{"type":"Point","coordinates":[81263.19735700893,7176598.065810921]},"properties":{"name":"CLT","freq":"394.000","type":"ndb","uuid":"ndb-clt"}},{"type":"Feature","geometry":{"type":"Point","coordinates":[546065.3932540931,5451258.912466988]},"properties":{"name":"CM","freq":"369.000","type":"ndb","uuid":"ndb-cm"}},{"type":"Feature","geometry":{"type":"Point","coordinates":[-9816418.968188426,4861030.156752393]},"properties":{"name":"CM","freq":"407.000","type":"ndb","uuid":"ndb-cm"}},{"type":"Feature","geometry":{"type":"Point","coordinates":[-14659749.11843122,7428559.927454831]},"properties":{"name":"CMJ","freq":"396.000","type":"ndb","uuid":"ndb-cmj"}},{"type":"Feature","geometry":{"type":"Point","coordinates":[-832676.0064719222,6882588.738092685]},"properties":{"name":"CML","freq":"387.000","type":"ndb","uuid":"ndb-cml"}},{"type":"Feature","geometry":{"type":"Point","coordinates":[16210761.697406972,-3253357.4281018293]},"properties":{"name":"CMU","freq":"218.000","type":"ndb","uuid":"ndb-cmu"}},{"type":"Feature","geometry":{"type":"Point","coordinates":[10332304.101384422,1022930.6534294792]},"properties":{"name":"CN","freq":"355.000","type":"ndb","uuid":"ndb-cn"}},{"type":"Feature","geometry":{"type":"Point","coordinates":[11869598.439366832,975914.2297501846]},"properties":{"name":"CN","freq":"375.000","type":"ndb","uuid":"ndb-cn"}},{"type":"Feature","geometry":{"type":"Point","coordinates":[11613551.241709992,6851847.340131121]},"properties":{"name":"CN","freq":"514.000","type":"ndb","uuid":"ndb-cn"}},{"type":"Feature","geometry":{"type":"Point","coordinates":[-35761.35549525836,6294510.49245376]},"properties":{"name":"CNE","freq":"404.000","type":"ndb","uuid":"ndb-cne"}},{"type":"Feature","geometry":{"type":"Point","coordinates":[748865.6645551594,4326838.434554993]},"properties":{"name":"CNE","freq":"397.000","type":"ndb","uuid":"ndb-cne"}},{"type":"Feature","geometry":{"type":"Point","coordinates":[-8056322.008968002,5368333.890022111]},"properties":{"name":"CNH","freq":"233.000","type":"ndb","uuid":"ndb-cnh"}},{"type":"Feature","geometry":{"type":"Point","coordinates":[3893832.099625606,3847690.3376994855]},"properties":{"name":"CNHRL","freq":"00.000","type":"ndb","uuid":"ndb-cnhrl"}},{"type":"Feature","geometry":{"type":"Point","coordinates":[2941790.73878668,4885502.660895462]},"properties":{"name":"CNK","freq":"422.000","type":"ndb","uuid":"ndb-cnk"}},{"type":"Feature","geometry":{"type":"Point","coordinates":[-736996.9041351037,4067434.4283029027]},"properties":{"name":"CNL","freq":"380.000","type":"ndb","uuid":"ndb-cnl"}},{"type":"Feature","geometry":{"type":"Point","coordinates":[-11405670.65806993,5023654.965191084]},"properties":{"name":"CNP","freq":"383.000","type":"ndb","uuid":"ndb-cnp"}},{"type":"Feature","geometry":{"type":"Point","coordinates":[-9594126.839581942,4816215.258322043]},"properties":{"name":"CO","freq":"232.000","type":"ndb","uuid":"ndb-co"}},{"type":"Feature","geometry":{"type":"Point","coordinates":[267445.045708759,710660.7564790922]},"properties":{"name":"CO","freq":"284.000","type":"ndb","uuid":"ndb-co"}},{"type":"Feature","geometry":{"type":"Point","coordinates":[-7954048.216308267,5330068.080420806]},"properties":{"name":"CO","freq":"216.000","type":"ndb","uuid":"ndb-co"}},{"type":"Feature","geometry":{"type":"Point","coordinates":[-11656970.419587325,4677991.447993863]},"properties":{"name":"CO","freq":"407.000","type":"ndb","uuid":"ndb-co"}},{"type":"Feature","geometry":{"type":"Point","coordinates":[-11656970.419587325,4677991.447993863]},"properties":{"name":"CO","freq":"407.000","type":"ndb","uuid":"ndb-co"}},{"type":"Feature","geometry":{"type":"Point","coordinates":[-927115.1333696268,5367783.859392313]},"properties":{"name":"COA","freq":"401.000","type":"ndb","uuid":"ndb-coa"}},{"type":"Feature","geometry":{"type":"Point","coordinates":[-8571062.777798645,-49877.85558108195]},"properties":{"name":"COC","freq":"322.000","type":"ndb","uuid":"ndb-coc"}},{"type":"Feature","geometry":{"type":"Point","coordinates":[15931740.599694783,-1547389.6235302228]},"properties":{"name":"COE","freq":"404.000","type":"ndb","uuid":"ndb-coe"}},{"type":"Feature","geometry":{"type":"Point","coordinates":[16581875.15254054,-4349411.590914485]},"properties":{"name":"COM","freq":"293.000","type":"ndb","uuid":"ndb-com"}},{"type":"Feature","geometry":{"type":"Point","coordinates":[1946319.1918096666,8237098.820930914]},"properties":{"name":"COR","freq":"388.000","type":"ndb","uuid":"ndb-cor"}},{"type":"Feature","geometry":{"type":"Point","coordinates":[16292408.63778641,-4298896.9799359115]},"properties":{"name":"COR","freq":"380.000","type":"ndb","uuid":"ndb-cor"}},{"type":"Feature","geometry":{"type":"Point","coordinates":[-13306123.807750467,4309714.363647117]},"properties":{"name":"COR","freq":"205.000","type":"ndb","uuid":"ndb-cor"}},{"type":"Feature","geometry":{"type":"Point","coordinates":[-10025351.953925613,4653130.821451748]},"properties":{"name":"CP","freq":"350.000","type":"ndb","uuid":"ndb-cp"}},{"type":"Feature","geometry":{"type":"Point","coordinates":[3442737.693058563,-2008469.4544987907]},"properties":{"name":"CP","freq":"414.000","type":"ndb","uuid":"ndb-cp"}},{"type":"Feature","geometry":{"type":"Point","coordinates":[3627397.5875166045,-1524238.5341238289]},"properties":{"name":"CP","freq":"218.000","type":"ndb","uuid":"ndb-cp"}},{"type":"Feature","geometry":{"type":"Point","coordinates":[-2516992.43878939,11313942.917154144]},"properties":{"name":"CP","freq":"386.000","type":"ndb","uuid":"ndb-cp"}},{"type":"Feature","geometry":{"type":"Point","coordinates":[-8762176.63618999,4065549.111590261]},"properties":{"name":"CPC","freq":"227.000","type":"ndb","uuid":"ndb-cpc"}},{"type":"Feature","geometry":{"type":"Point","coordinates":[-11131323.556555342,3360182.720063032]},"properties":{"name":"CPZ","freq":"385.000","type":"ndb","uuid":"ndb-cpz"}},{"type":"Feature","geometry":{"type":"Point","coordinates":[12100923.34067709,1736753.5035768545]},"properties":{"name":"CQ","freq":"300.000","type":"ndb","uuid":"ndb-cq"}},{"type":"Feature","geometry":{"type":"Point","coordinates":[-9479674.725551503,4186536.6241403143]},"properties":{"name":"CQN","freq":"341.000","type":"ndb","uuid":"ndb-cqn"}},{"type":"Feature","geometry":{"type":"Point","coordinates":[-7791000.351624044,5114943.593208291]},"properties":{"name":"CQX","freq":"279.000","type":"ndb","uuid":"ndb-cqx"}},{"type":"Feature","geometry":{"type":"Point","coordinates":[929295.1091422479,553648.8130871436]},"properties":{"name":"CR","freq":"317.000","type":"ndb","uuid":"ndb-cr"}},{"type":"Feature","geometry":{"type":"Point","coordinates":[5279342.311911387,7579291.14124161]},"properties":{"name":"CR","freq":"510.000","type":"ndb","uuid":"ndb-cr"}},{"type":"Feature","geometry":{"type":"Point","coordinates":[7737006.038575917,5087485.900810242]},"properties":{"name":"CR","freq":"513.000","type":"ndb","uuid":"ndb-cr"}},{"type":"Feature","geometry":{"type":"Point","coordinates":[311026.65727640636,7091011.730782295]},"properties":{"name":"CRC","freq":"416.000","type":"ndb","uuid":"ndb-crc"}},{"type":"Feature","geometry":{"type":"Point","coordinates":[3306637.2467314755,4549798.231982903]},"properties":{"name":"CRD","freq":"433.000","type":"ndb","uuid":"ndb-crd"}},{"type":"Feature","geometry":{"type":"Point","coordinates":[1604842.6648528797,5606244.997310026]},"properties":{"name":"CRE","freq":"433.000","type":"ndb","uuid":"ndb-cre"}},{"type":"Feature","geometry":{"type":"Point","coordinates":[4068600.577040887,5051582.079994393]},"properties":{"name":"CRM","freq":"325.000","type":"ndb","uuid":"ndb-crm"}},{"type":"Feature","geometry":{"type":"Point","coordinates":[-17317822.56125411,8649224.029392866]},"properties":{"name":"CRN","freq":"281.000","type":"ndb","uuid":"ndb-crn"}},{"type":"Feature","geometry":{"type":"Point","coordinates":[-6237292.94423075,-4138957.0379749034]},"properties":{"name":"CRO","freq":"305.000","type":"ndb","uuid":"ndb-cro"}},{"type":"Feature","geometry":{"type":"Point","coordinates":[16223207.865841355,-1903018.9235617172]},"properties":{"name":"CS","freq":"364.000","type":"ndb","uuid":"ndb-cs"}},{"type":"Feature","geometry":{"type":"Point","coordinates":[11869688.05155692,975882.9137181101]},"properties":{"name":"CS","freq":"333.000","type":"ndb","uuid":"ndb-cs"}},{"type":"Feature","geometry":{"type":"Point","coordinates":[-9466829.012911411,3822781.930138536]},"properties":{"name":"CS","freq":"355.000","type":"ndb","uuid":"ndb-cs"}},{"type":"Feature","geometry":{"type":"Point","coordinates":[11563373.981234925,7053806.609634496]},"properties":{"name":"CS","freq":"420.000","type":"ndb","uuid":"ndb-cs"}},{"type":"Feature","geometry":{"type":"Point","coordinates":[-897791.6623256708,3886495.2236953173]},"properties":{"name":"CSD","freq":"345.000","type":"ndb","uuid":"ndb-csd"}},{"type":"Feature","geometry":{"type":"Point","coordinates":[-9283109.551696012,4808112.915763897]},"properties":{"name":"CSS","freq":"414.000","type":"ndb","uuid":"ndb-css"}},{"type":"Feature","geometry":{"type":"Point","coordinates":[324564.3133180186,4813965.918835056]},"properties":{"name":"CST","freq":"351.000","type":"ndb","uuid":"ndb-cst"}},{"type":"Feature","geometry":{"type":"Point","coordinates":[-10681954.818550158,3771647.8200439676]},"properties":{"name":"CSZ","freq":"215.000","type":"ndb","uuid":"ndb-csz"}},{"type":"Feature","geometry":{"type":"Point","coordinates":[11118933.913684614,2268263.338131371]},"properties":{"name":"CT","freq":"277.000","type":"ndb","uuid":"ndb-ct"}},{"type":"Feature","geometry":{"type":"Point","coordinates":[200501.86395907364,5931733.4778266065]},"properties":{"name":"CTX","freq":"428.000","type":"ndb","uuid":"ndb-ctx"}},{"type":"Feature","geometry":{"type":"Point","coordinates":[-8723211.134684732,4160497.017939705]},"properties":{"name":"CTZ","freq":"412.000","type":"ndb","uuid":"ndb-ctz"}},{"type":"Feature","geometry":{"type":"Point","coordinates":[12954434.707019983,4883638.371899045]},"properties":{"name":"CU","freq":"555.000","type":"ndb","uuid":"ndb-cu"}},{"type":"Feature","geometry":{"type":"Point","coordinates":[-584273.922221957,6460573.207797799]},"properties":{"name":"CUL","freq":"370.000","type":"ndb","uuid":"ndb-cul"}},{"type":"Feature","geometry":{"type":"Point","coordinates":[-16419076.952736503,9565981.378937466]},"properties":{"name":"CUN","freq":"257.000","type":"ndb","uuid":"ndb-cun"}},{"type":"Feature","geometry":{"type":"Point","coordinates":[-8784808.538031962,-315750.57094080385]},"properties":{"name":"CUN","freq":"410.000","type":"ndb","uuid":"ndb-cun"}},{"type":"Feature","geometry":{"type":"Point","coordinates":[13049319.637556233,-3714195.490531256]},"properties":{"name":"CUN","freq":"293.000","type":"ndb","uuid":"ndb-cun"}},{"type":"Feature","geometry":{"type":"Point","coordinates":[980344.3104510349,5247802.7301746635]},"properties":{"name":"CV","freq":"375.000","type":"ndb","uuid":"ndb-cv"}},{"type":"Feature","geometry":{"type":"Point","coordinates":[-11614909.896095123,3798382.3903618893]},"properties":{"name":"CV","freq":"402.000","type":"ndb","uuid":"ndb-cv"}},{"type":"Feature","geometry":{"type":"Point","coordinates":[-11614909.896095123,3798382.3903618893]},"properties":{"name":"CV","freq":"402.000","type":"ndb","uuid":"ndb-cv"}},{"type":"Feature","geometry":{"type":"Point","coordinates":[2131768.2177691082,-1708415.4244258713]},"properties":{"name":"CV","freq":"387.000","type":"ndb","uuid":"ndb-cv"}},{"type":"Feature","geometry":{"type":"Point","coordinates":[7645666.850275997,4984365.18363057]},"properties":{"name":"CV","freq":"535.000","type":"ndb","uuid":"ndb-cv"}},{"type":"Feature","geometry":{"type":"Point","coordinates":[480767.2662016862,6234099.973567621]},"properties":{"name":"CVT","freq":"347.000","type":"ndb","uuid":"ndb-cvt"}},{"type":"Feature","geometry":{"type":"Point","coordinates":[-420051.72967610747,4919531.561552172]},"properties":{"name":"CVT","freq":"417.000","type":"ndb","uuid":"ndb-cvt"}},{"type":"Feature","geometry":{"type":"Point","coordinates":[4651423.016791223,7532138.853283749]},"properties":{"name":"CW","freq":"485.000","type":"ndb","uuid":"ndb-cw"}},{"type":"Feature","geometry":{"type":"Point","coordinates":[-10374553.187725196,3543026.2292114217]},"properties":{"name":"CW","freq":"418.000","type":"ndb","uuid":"ndb-cw"}},{"type":"Feature","geometry":{"type":"Point","coordinates":[-197146.78727280672,8031875.108026751]},"properties":{"name":"CWP","freq":"330.000","type":"ndb","uuid":"ndb-cwp"}},{"type":"Feature","geometry":{"type":"Point","coordinates":[16548004.744128892,-4007991.4995021136]},"properties":{"name":"CWR","freq":"299.000","type":"ndb","uuid":"ndb-cwr"}},{"type":"Feature","geometry":{"type":"Point","coordinates":[-10628369.419098213,3559211.595941027]},"properties":{"name":"CX","freq":"281.000","type":"ndb","uuid":"ndb-cx"}},{"type":"Feature","geometry":{"type":"Point","coordinates":[3494566.1617249837,6458118.295175347]},"properties":{"name":"CY","freq":"960.000","type":"ndb","uuid":"ndb-cy"}},{"type":"Feature","geometry":{"type":"Point","coordinates":[-1513598.7474838304,1072530.1258517238]},"properties":{"name":"CY","freq":"395.000","type":"ndb","uuid":"ndb-cy"}},{"type":"Feature","geometry":{"type":"Point","coordinates":[-9368573.853869315,3618234.245281074]},"properties":{"name":"CYR","freq":"338.000","type":"ndb","uuid":"ndb-cyr"}},{"type":"Feature","geometry":{"type":"Point","coordinates":[3509016.0809936468,-2387569.8997627874]},"properties":{"name":"CZ","freq":"250.000","type":"ndb","uuid":"ndb-cz"}},{"type":"Feature","geometry":{"type":"Point","coordinates":[-18475702.658895306,8809608.01134747]},"properties":{"name":"CZF","freq":"275.000","type":"ndb","uuid":"ndb-czf"}},{"type":"Feature","geometry":{"type":"Point","coordinates":[-10481151.155082714,3741393.1751771984]},"properties":{"name":"CZJ","freq":"341.000","type":"ndb","uuid":"ndb-czj"}},{"type":"Feature","geometry":{"type":"Point","coordinates":[-6455046.237054705,-3669310.801586003]},"properties":{"name":"D","freq":"280.000","type":"ndb","uuid":"ndb-d"}},{"type":"Feature","geometry":{"type":"Point","coordinates":[12045241.331382297,1806707.2769029592]},"properties":{"name":"D","freq":"234.000","type":"ndb","uuid":"ndb-d"}},{"type":"Feature","geometry":{"type":"Point","coordinates":[12291625.749861633,3388023.2433092846]},"properties":{"name":"D","freq":"308.000","type":"ndb","uuid":"ndb-d"}},{"type":"Feature","geometry":{"type":"Point","coordinates":[13200070.378235413,2848748.9936153777]},"properties":{"name":"D","freq":"405.000","type":"ndb","uuid":"ndb-d"}},{"type":"Feature","geometry":{"type":"Point","coordinates":[12616969.67068017,6804119.289120377]},"properties":{"name":"D","freq":"553.000","type":"ndb","uuid":"ndb-d"}},{"type":"Feature","geometry":{"type":"Point","coordinates":[7755814.486974107,4896991.818036639]},"properties":{"name":"D","freq":"318.000","type":"ndb","uuid":"ndb-d"}},{"type":"Feature","geometry":{"type":"Point","coordinates":[6772878.844309889,7707139.004853431]},"properties":{"name":"D","freq":"388.000","type":"ndb","uuid":"ndb-d"}},{"type":"Feature","geometry":{"type":"Point","coordinates":[4400134.7273657955,6931545.985743454]},"properties":{"name":"D","freq":"400.000","type":"ndb","uuid":"ndb-d"}},{"type":"Feature","geometry":{"type":"Point","coordinates":[13988504.277494313,5462525.9953777185]},"properties":{"name":"D","freq":"216.000","type":"ndb","uuid":"ndb-d"}},{"type":"Feature","geometry":{"type":"Point","coordinates":[6635711.524351871,5237637.551196915]},"properties":{"name":"D","freq":"888.000","type":"ndb","uuid":"ndb-d"}},{"type":"Feature","geometry":{"type":"Point","coordinates":[4243066.048986645,7473259.34116468]},"properties":{"name":"D","freq":"999.999","type":"ndb","uuid":"ndb-d"}},{"type":"Feature","geometry":{"type":"Point","coordinates":[7420377.908211117,10043265.910668613]},"properties":{"name":"D","freq":"650.000","type":"ndb","uuid":"ndb-d"}},{"type":"Feature","geometry":{"type":"Point","coordinates":[1460264.342561542,3850665.187926037]},"properties":{"name":"D","freq":"435.000","type":"ndb","uuid":"ndb-d"}},{"type":"Feature","geometry":{"type":"Point","coordinates":[5990853.175226825,9245528.826452816]},"properties":{"name":"D","freq":"628.000","type":"ndb","uuid":"ndb-d"}},{"type":"Feature","geometry":{"type":"Point","coordinates":[4560311.136707087,7746074.00853188]},"properties":{"name":"D","freq":"670.000","type":"ndb","uuid":"ndb-d"}},{"type":"Feature","geometry":{"type":"Point","coordinates":[-12646593.333284302,6924617.801543084]},"properties":{"name":"D3","freq":"363.000","type":"ndb","uuid":"ndb-d3"}},{"type":"Feature","geometry":{"type":"Point","coordinates":[-15492073.819143448,9357106.735752363]},"properties":{"name":"DA","freq":"214.000","type":"ndb","uuid":"ndb-da"}},{"type":"Feature","geometry":{"type":"Point","coordinates":[10055134.030349558,2745232.458082562]},"properties":{"name":"DA","freq":"375.000","type":"ndb","uuid":"ndb-da"}},{"type":"Feature","geometry":{"type":"Point","coordinates":[-4141873.508725401,9760176.645845503]},"properties":{"name":"DA","freq":"377.000","type":"ndb","uuid":"ndb-da"}},{"type":"Feature","geometry":{"type":"Point","coordinates":[11879929.4447099,6086679.05316747]},"properties":{"name":"DA","freq":"520.000","type":"ndb","uuid":"ndb-da"}},{"type":"Feature","geometry":{"type":"Point","coordinates":[8124105.436418612,5003904.199738046]},"properties":{"name":"DA","freq":"600.000","type":"ndb","uuid":"ndb-da"}},{"type":"Feature","geometry":{"type":"Point","coordinates":[-5187634.532408618,-2717573.279883981]},"properties":{"name":"DAD","freq":"200.000","type":"ndb","uuid":"ndb-dad"}},{"type":"Feature","geometry":{"type":"Point","coordinates":[-10027953.490425454,5470713.915386127]},"properties":{"name":"DAF","freq":"233.000","type":"ndb","uuid":"ndb-daf"}},{"type":"Feature","geometry":{"type":"Point","coordinates":[4074484.708869654,3960198.2885612813]},"properties":{"name":"DAL","freq":"342.000","type":"ndb","uuid":"ndb-dal"}},{"type":"Feature","geometry":{"type":"Point","coordinates":[3905458.7710752673,3841926.4342029225]},"properties":{"name":"DALIA","freq":"00.000","type":"ndb","uuid":"ndb-dalia"}},{"type":"Feature","geometry":{"type":"Point","coordinates":[3889874.0423642085,3868272.2519590403]},"properties":{"name":"DAROM","freq":"00.000","type":"ndb","uuid":"ndb-darom"}},{"type":"Feature","geometry":{"type":"Point","coordinates":[7169092.741915848,3359549.883153999]},"properties":{"name":"DB","freq":"287.000","type":"ndb","uuid":"ndb-db"}},{"type":"Feature","geometry":{"type":"Point","coordinates":[3893058.985762046,7907279.547077698]},"properties":{"name":"DB","freq":"375.000","type":"ndb","uuid":"ndb-db"}},{"type":"Feature","geometry":{"type":"Point","coordinates":[10577380.082937809,3182040.469414329]},"properties":{"name":"DBR","freq":"265.000","type":"ndb","uuid":"ndb-dbr"}},{"type":"Feature","geometry":{"type":"Point","coordinates":[-13415863.551281061,6354894.865068917]},"properties":{"name":"DC","freq":"326.000","type":"ndb","uuid":"ndb-dc"}},{"type":"Feature","geometry":{"type":"Point","coordinates":[10061840.380306158,2727127.8190058647]},"properties":{"name":"DC","freq":"252.000","type":"ndb","uuid":"ndb-dc"}},{"type":"Feature","geometry":{"type":"Point","coordinates":[-9039235.140357416,4134803.784666569]},"properties":{"name":"DCM","freq":"220.000","type":"ndb","uuid":"ndb-dcm"}},{"type":"Feature","geometry":{"type":"Point","coordinates":[-9241774.70759546,4828661.217368551]},"properties":{"name":"DD","freq":"253.000","type":"ndb","uuid":"ndb-dd"}},{"type":"Feature","geometry":{"type":"Point","coordinates":[4564915.403612539,7743229.729879158]},"properties":{"name":"DD","freq":"326.000","type":"ndb","uuid":"ndb-dd"}},{"type":"Feature","geometry":{"type":"Point","coordinates":[-7392993.65361886,2092433.1527453864]},"properties":{"name":"DDP","freq":"391.000","type":"ndb","uuid":"ndb-ddp"}},{"type":"Feature","geometry":{"type":"Point","coordinates":[1128563.2130004433,422294.4452072299]},"properties":{"name":"DE","freq":"362.000","type":"ndb","uuid":"ndb-de"}},{"type":"Feature","geometry":{"type":"Point","coordinates":[-9902301.615192547,4835537.566785927]},"properties":{"name":"DE","freq":"275.000","type":"ndb","uuid":"ndb-de"}},{"type":"Feature","geometry":{"type":"Point","coordinates":[998984.2025869145,4773906.346616071]},"properties":{"name":"DEC","freq":"331.000","type":"ndb","uuid":"ndb-dec"}},{"type":"Feature","geometry":{"type":"Point","coordinates":[3856169.0052405484,3766446.8236804935]},"properties":{"name":"DEENA","freq":"00.000","type":"ndb","uuid":"ndb-deena"}},{"type":"Feature","geometry":{"type":"Point","coordinates":[3884060.691178338,3797122.566096257]},"properties":{"name":"DEROR","freq":"00.000","type":"ndb","uuid":"ndb-deror"}},{"type":"Feature","geometry":{"type":"Point","coordinates":[3955459.775689912,3878061.2861363036]},"properties":{"name":"DESHE","freq":"00.000","type":"ndb","uuid":"ndb-deshe"}},{"type":"Feature","geometry":{"type":"Point","coordinates":[4961014.982285869,5148504.718620198]},"properties":{"name":"DF","freq":"520.000","type":"ndb","uuid":"ndb-df"}},{"type":"Feature","geometry":{"type":"Point","coordinates":[7846911.2152386615,3498690.1104268148]},"properties":{"name":"DG","freq":"322.000","type":"ndb","uuid":"ndb-dg"}},{"type":"Feature","geometry":{"type":"Point","coordinates":[12621379.128476735,6803355.566632007]},"properties":{"name":"DG","freq":"518.000","type":"ndb","uuid":"ndb-dg"}},{"type":"Feature","geometry":{"type":"Point","coordinates":[-18134409.12881255,10456657.706519777]},"properties":{"name":"DGG","freq":"429.000","type":"ndb","uuid":"ndb-dgg"}},{"type":"Feature","geometry":{"type":"Point","coordinates":[8594124.372875076,3320332.51924473]},"properties":{"name":"DH","freq":"202.000","type":"ndb","uuid":"ndb-dh"}},{"type":"Feature","geometry":{"type":"Point","coordinates":[8970371.91384611,3344182.3868951467]},"properties":{"name":"DHI","freq":"253.000","type":"ndb","uuid":"ndb-dhi"}},{"type":"Feature","geometry":{"type":"Point","coordinates":[3896831.5105387885,3641554.5098150447]},"properties":{"name":"DIMON","freq":"00.000","type":"ndb","uuid":"ndb-dimon"}},{"type":"Feature","geometry":{"type":"Point","coordinates":[326629.970158011,7231896.192811132]},"properties":{"name":"DIV","freq":"358.000","type":"ndb","uuid":"ndb-div"}},{"type":"Feature","geometry":{"type":"Point","coordinates":[12045599.780142648,1802126.8718579016]},"properties":{"name":"DJ","freq":"212.000","type":"ndb","uuid":"ndb-dj"}},{"type":"Feature","geometry":{"type":"Point","coordinates":[1623517.498940036,9144071.767284408]},"properties":{"name":"DJ","freq":"312.000","type":"ndb","uuid":"ndb-dj"}},{"type":"Feature","geometry":{"type":"Point","coordinates":[-16217783.483509565,9355723.024191678]},"properties":{"name":"DJN","freq":"347.000","type":"ndb","uuid":"ndb-djn"}},{"type":"Feature","geometry":{"type":"Point","coordinates":[4207753.063662638,7393468.136608183]},"properties":{"name":"DK","freq":"999.999","type":"ndb","uuid":"ndb-dk"}},{"type":"Feature","geometry":{"type":"Point","coordinates":[1861487.617253198,9501497.82489146]},"properties":{"name":"DK","freq":"328.000","type":"ndb","uuid":"ndb-dk"}},{"type":"Feature","geometry":{"type":"Point","coordinates":[-10280904.429212121,5916927.726536122]},"properties":{"name":"DL","freq":"379.000","type":"ndb","uuid":"ndb-dl"}},{"type":"Feature","geometry":{"type":"Point","coordinates":[17724876.84363976,8839869.806649044]},"properties":{"name":"DL","freq":"900.000","type":"ndb","uuid":"ndb-dl"}},{"type":"Feature","geometry":{"type":"Point","coordinates":[1487634.0328537533,6911897.845023909]},"properties":{"name":"DLS","freq":"413.500","type":"ndb","uuid":"ndb-dls"}},{"type":"Feature","geometry":{"type":"Point","coordinates":[4370201.256434374,-761299.5467852916]},"properties":{"name":"DM","freq":"272.500","type":"ndb","uuid":"ndb-dm"}},{"type":"Feature","geometry":{"type":"Point","coordinates":[4202527.170167347,1142500.3515831716]},"properties":{"name":"DM","freq":"235.000","type":"ndb","uuid":"ndb-dm"}},{"type":"Feature","geometry":{"type":"Point","coordinates":[4214899.094685788,7445504.568563745]},"properties":{"name":"DM","freq":"320.000","type":"ndb","uuid":"ndb-dm"}},{"type":"Feature","geometry":{"type":"Point","coordinates":[4235252.101018734,7480164.478586495]},"properties":{"name":"DM","freq":"581.000","type":"ndb","uuid":"ndb-dm"}},{"type":"Feature","geometry":{"type":"Point","coordinates":[7425684.168194343,10046139.652078867]},"properties":{"name":"DM","freq":"315.000","type":"ndb","uuid":"ndb-dm"}},{"type":"Feature","geometry":{"type":"Point","coordinates":[-9262150.19428113,5193992.434523151]},"properties":{"name":"DM","freq":"223.000","type":"ndb","uuid":"ndb-dm"}},{"type":"Feature","geometry":{"type":"Point","coordinates":[10215233.072644748,3408141.993286977]},"properties":{"name":"DM","freq":"435.000","type":"ndb","uuid":"ndb-dm"}},{"type":"Feature","geometry":{"type":"Point","coordinates":[-9743788.78287492,4908114.663162536]},"properties":{"name":"DN","freq":"332.000","type":"ndb","uuid":"ndb-dn"}},{"type":"Feature","geometry":{"type":"Point","coordinates":[-10761131.826805541,4005528.939247878]},"properties":{"name":"DNI","freq":"341.000","type":"ndb","uuid":"ndb-dni"}},{"type":"Feature","geometry":{"type":"Point","coordinates":[5486877.6814416675,-1385154.58755462]},"properties":{"name":"DO","freq":"390.000","type":"ndb","uuid":"ndb-do"}},{"type":"Feature","geometry":{"type":"Point","coordinates":[3979282.8270054506,-688059.0522822854]},"properties":{"name":"DO","freq":"373.000","type":"ndb","uuid":"ndb-do"}},{"type":"Feature","geometry":{"type":"Point","coordinates":[590568.4828288626,5938746.676254827]},"properties":{"name":"DO","freq":"309.000","type":"ndb","uuid":"ndb-do"}},{"type":"Feature","geometry":{"type":"Point","coordinates":[4220508.39106062,7437296.558594577]},"properties":{"name":"DO","freq":"659.000","type":"ndb","uuid":"ndb-do"}},{"type":"Feature","geometry":{"type":"Point","coordinates":[3351187.863544398,-283487.6387445832]},"properties":{"name":"DO","freq":"295.000","type":"ndb","uuid":"ndb-do"}},{"type":"Feature","geometry":{"type":"Point","coordinates":[13114734.773762295,4038877.1450633584]},"properties":{"name":"DO","freq":"266.000","type":"ndb","uuid":"ndb-do"}},{"type":"Feature","geometry":{"type":"Point","coordinates":[571418.4072822612,7453434.344041353]},"properties":{"name":"DON","freq":"355.000","type":"ndb","uuid":"ndb-don"}},{"type":"Feature","geometry":{"type":"Point","coordinates":[3886225.267754732,3843357.997414127]},"properties":{"name":"DOORS","freq":"00.000","type":"ndb","uuid":"ndb-doors"}},{"type":"Feature","geometry":{"type":"Point","coordinates":[941030.2861733516,6907820.535175104]},"properties":{"name":"DP","freq":"325.000","type":"ndb","uuid":"ndb-dp"}},{"type":"Feature","geometry":{"type":"Point","coordinates":[6634165.420313076,5240956.300743319]},"properties":{"name":"DP","freq":"435.000","type":"ndb","uuid":"ndb-dp"}},{"type":"Feature","geometry":{"type":"Point","coordinates":[5992532.213290877,9251843.231141085]},"properties":{"name":"DP","freq":"304.000","type":"ndb","uuid":"ndb-dp"}},{"type":"Feature","geometry":{"type":"Point","coordinates":[-13071839.013946258,6101489.412666944]},"properties":{"name":"DPY","freq":"365.000","type":"ndb","uuid":"ndb-dpy"}},{"type":"Feature","geometry":{"type":"Point","coordinates":[-11242408.627054252,3432112.615248284]},"properties":{"name":"DR","freq":"335.000","type":"ndb","uuid":"ndb-dr"}},{"type":"Feature","geometry":{"type":"Point","coordinates":[4159390.867484954,7402946.694832253]},"properties":{"name":"DR","freq":"415.000","type":"ndb","uuid":"ndb-dr"}},{"type":"Feature","geometry":{"type":"Point","coordinates":[4473642.7905525295,4203239.8908848455]},"properties":{"name":"DRZ","freq":"295.000","type":"ndb","uuid":"ndb-drz"}},{"type":"Feature","geometry":{"type":"Point","coordinates":[-10214855.235739749,4180542.3653280004]},"properties":{"name":"DS","freq":"375.000","type":"ndb","uuid":"ndb-ds"}},{"type":"Feature","geometry":{"type":"Point","coordinates":[4358559.1239443235,-773039.4541174873]},"properties":{"name":"DS","freq":"282.500","type":"ndb","uuid":"ndb-ds"}},{"type":"Feature","geometry":{"type":"Point","coordinates":[11894301.996932464,3529283.935335742]},"properties":{"name":"DS","freq":"250.000","type":"ndb","uuid":"ndb-ds"}},{"type":"Feature","geometry":{"type":"Point","coordinates":[-10819838.262976868,3932941.6932020457]},"properties":{"name":"DT","freq":"257.000","type":"ndb","uuid":"ndb-dt"}},{"type":"Feature","geometry":{"type":"Point","coordinates":[-9287576.462718656,5178987.270376417]},"properties":{"name":"DT","freq":"388.000","type":"ndb","uuid":"ndb-dt"}},{"type":"Feature","geometry":{"type":"Point","coordinates":[-9844514.987235982,5032033.204470725]},"properties":{"name":"DTG","freq":"344.000","type":"ndb","uuid":"ndb-dtg"}},{"type":"Feature","geometry":{"type":"Point","coordinates":[7894324.969354787,2358349.4217244983]},"properties":{"name":"DU","freq":"307.000","type":"ndb","uuid":"ndb-du"}},{"type":"Feature","geometry":{"type":"Point","coordinates":[16537522.68442123,-3791898.922865144]},"properties":{"name":"DU","freq":"251.000","type":"ndb","uuid":"ndb-du"}},{"type":"Feature","geometry":{"type":"Point","coordinates":[3901933.684788894,3875742.0942581887]},"properties":{"name":"DUGIT","freq":"00.000","type":"ndb","uuid":"ndb-dugit"}},{"type":"Feature","geometry":{"type":"Point","coordinates":[3932330.0592695326,3737595.436120384]},"properties":{"name":"DUMIM","freq":"00.000","type":"ndb","uuid":"ndb-dumim"}},{"type":"Feature","geometry":{"type":"Point","coordinates":[-18540023.740961436,7152212.687884636]},"properties":{"name":"DUT","freq":"283.000","type":"ndb","uuid":"ndb-dut"}},{"type":"Feature","geometry":{"type":"Point","coordinates":[4308497.20283055,5513627.868212762]},"properties":{"name":"DV","freq":"420.000","type":"ndb","uuid":"ndb-dv"}},{"type":"Feature","geometry":{"type":"Point","coordinates":[-9435888.966406573,4519760.04382256]},"properties":{"name":"DVK","freq":"311.000","type":"ndb","uuid":"ndb-dvk"}},{"type":"Feature","geometry":{"type":"Point","coordinates":[1797100.9803758226,5380218.227664162]},"properties":{"name":"DVN","freq":"418.000","type":"ndb","uuid":"ndb-dvn"}},{"type":"Feature","geometry":{"type":"Point","coordinates":[3208642.0496224607,-1865853.1907582392]},"properties":{"name":"DW","freq":"300.000","type":"ndb","uuid":"ndb-dw"}},{"type":"Feature","geometry":{"type":"Point","coordinates":[5474506.962884377,7177946.0415267935]},"properties":{"name":"DW","freq":"995.000","type":"ndb","uuid":"ndb-dw"}},{"type":"Feature","geometry":{"type":"Point","coordinates":[10931625.295631472,1585647.4725586444]},"properties":{"name":"DWI","freq":"310.000","type":"ndb","uuid":"ndb-dwi"}},{"type":"Feature","geometry":{"type":"Point","coordinates":[-114451.89757587318,5418731.220027655]},"properties":{"name":"DX","freq":"334.000","type":"ndb","uuid":"ndb-dx"}},{"type":"Feature","geometry":{"type":"Point","coordinates":[-10389976.5031746,3600600.9270252194]},"properties":{"name":"DXB","freq":"385.000","type":"ndb","uuid":"ndb-dxb"}},{"type":"Feature","geometry":{"type":"Point","coordinates":[740761.605625409,6662847.153951585]},"properties":{"name":"DY","freq":"284.500","type":"ndb","uuid":"ndb-dy"}},{"type":"Feature","geometry":{"type":"Point","coordinates":[4475974.253598872,4561598.328885917]},"properties":{"name":"DYB","freq":"330.000","type":"ndb","uuid":"ndb-dyb"}},{"type":"Feature","geometry":{"type":"Point","coordinates":[-8936415.449283661,3903464.299550384]},"properties":{"name":"DYB","freq":"365.000","type":"ndb","uuid":"ndb-dyb"}},{"type":"Feature","geometry":{"type":"Point","coordinates":[-8121491.871229351,5420079.318436098]},"properties":{"name":"DYO","freq":"221.000","type":"ndb","uuid":"ndb-dyo"}},{"type":"Feature","geometry":{"type":"Point","coordinates":[11625116.007153941,5403436.744665032]},"properties":{"name":"DZ","freq":"510.000","type":"ndb","uuid":"ndb-dz"}},{"type":"Feature","geometry":{"type":"Point","coordinates":[5385445.247677764,3820946.9200700773]},"properties":{"name":"DZF","freq":"293.000","type":"ndb","uuid":"ndb-dzf"}},{"type":"Feature","geometry":{"type":"Point","coordinates":[3437397.480630644,6500427.04574968]},"properties":{"name":"E","freq":"405.000","type":"ndb","uuid":"ndb-e"}},{"type":"Feature","geometry":{"type":"Point","coordinates":[-12670786.398218403,7551175.010074722]},"properties":{"name":"E3","freq":"361.000","type":"ndb","uuid":"ndb-e3"}},{"type":"Feature","geometry":{"type":"Point","coordinates":[-257670.54505341328,5228836.975767892]},"properties":{"name":"EAG","freq":"399.000","type":"ndb","uuid":"ndb-eag"}},{"type":"Feature","geometry":{"type":"Point","coordinates":[-417973.73492588557,4714909.649902614]},"properties":{"name":"EAL","freq":"332.000","type":"ndb","uuid":"ndb-eal"}},{"type":"Feature","geometry":{"type":"Point","coordinates":[-150960.02132186978,6613342.509391889]},"properties":{"name":"EAS","freq":"391.500","type":"ndb","uuid":"ndb-eas"}},{"type":"Feature","geometry":{"type":"Point","coordinates":[9248948.939556276,7347915.718304591]},"properties":{"name":"EB","freq":"816.000","type":"ndb","uuid":"ndb-eb"}},{"type":"Feature","geometry":{"type":"Point","coordinates":[-52549.01499266108,4811673.285284853]},"properties":{"name":"EBT","freq":"362.000","type":"ndb","uuid":"ndb-ebt"}},{"type":"Feature","geometry":{"type":"Point","coordinates":[445401.6205741172,7109052.068151089]},"properties":{"name":"EC","freq":"323.000","type":"ndb","uuid":"ndb-ec"}},{"type":"Feature","geometry":{"type":"Point","coordinates":[-418873.6293206261,4968143.026609517]},"properties":{"name":"ECV","freq":"319.000","type":"ndb","uuid":"ndb-ecv"}},{"type":"Feature","geometry":{"type":"Point","coordinates":[-365734.9302475684,7554133.985581327]},"properties":{"name":"EDN","freq":"341.000","type":"ndb","uuid":"ndb-edn"}},{"type":"Feature","geometry":{"type":"Point","coordinates":[3006083.867291789,4800963.891446946]},"properties":{"name":"EDR","freq":"368.000","type":"ndb","uuid":"ndb-edr"}},{"type":"Feature","geometry":{"type":"Point","coordinates":[250159.26241213712,8146422.682466087]},"properties":{"name":"EDV","freq":"437.000","type":"ndb","uuid":"ndb-edv"}},{"type":"Feature","geometry":{"type":"Point","coordinates":[-668142.6759493055,4482693.065607956]},"properties":{"name":"EEC","freq":"327.000","type":"ndb","uuid":"ndb-eec"}},{"type":"Feature","geometry":{"type":"Point","coordinates":[-15056842.440014444,8003318.431166911]},"properties":{"name":"EEF","freq":"391.000","type":"ndb","uuid":"ndb-eef"}},{"type":"Feature","geometry":{"type":"Point","coordinates":[2607809.6623658123,4546449.299096285]},"properties":{"name":"EGN","freq":"382.000","type":"ndb","uuid":"ndb-egn"}},{"type":"Feature","geometry":{"type":"Point","coordinates":[-796605.7084676318,7370710.275146973]},"properties":{"name":"EGT","freq":"328.500","type":"ndb","uuid":"ndb-egt"}},{"type":"Feature","geometry":{"type":"Point","coordinates":[-18041966.640670545,8106408.553847422]},"properties":{"name":"EHM","freq":"385.000","type":"ndb","uuid":"ndb-ehm"}},{"type":"Feature","geometry":{"type":"Point","coordinates":[3891605.709809741,3446903.0762788234]},"properties":{"name":"EILAT","freq":"00.000","type":"ndb","uuid":"ndb-eilat"}},{"type":"Feature","geometry":{"type":"Point","coordinates":[3898903.2899507745,3826594.2557532946]},"properties":{"name":"EIRON","freq":"00.000","type":"ndb","uuid":"ndb-eiron"}},{"type":"Feature","geometry":{"type":"Point","coordinates":[454430.8681606827,7094657.803309891]},"properties":{"name":"EK","freq":"323.000","type":"ndb","uuid":"ndb-ek"}},{"type":"Feature","geometry":{"type":"Point","coordinates":[342647.607999932,7140488.801187244]},"properties":{"name":"EKA","freq":"393.000","type":"ndb","uuid":"ndb-eka"}},{"type":"Feature","geometry":{"type":"Point","coordinates":[358828.1124412998,7667145.108531645]},"properties":{"name":"EKO","freq":"375.000","type":"ndb","uuid":"ndb-eko"}},{"type":"Feature","geometry":{"type":"Point","coordinates":[-10322450.40928021,3933336.673751621]},"properties":{"name":"EL","freq":"418.000","type":"ndb","uuid":"ndb-el"}},{"type":"Feature","geometry":{"type":"Point","coordinates":[-18121615.519878566,7419556.183896853]},"properties":{"name":"ELF","freq":"341.000","type":"ndb","uuid":"ndb-elf"}},{"type":"Feature","geometry":{"type":"Point","coordinates":[4374027.307332938,4664159.978733649]},"properties":{"name":"ELG","freq":"338.000","type":"ndb","uuid":"ndb-elg"}},{"type":"Feature","geometry":{"type":"Point","coordinates":[755611.316476424,3962698.2990512378]},"properties":{"name":"ELO","freq":"358.000","type":"ndb","uuid":"ndb-elo"}},{"type":"Feature","geometry":{"type":"Point","coordinates":[3891203.722759654,3788569.276874381]},"properties":{"name":"ELYAU","freq":"00.000","type":"ndb","uuid":"ndb-elyau"}},{"type":"Feature","geometry":{"type":"Point","coordinates":[3903325.17842381,3847102.7720152372]},"properties":{"name":"ELYKM","freq":"00.000","type":"ndb","uuid":"ndb-elykm"}},{"type":"Feature","geometry":{"type":"Point","coordinates":[3609500.412838881,15426.979296852573]},"properties":{"name":"EM","freq":"355.000","type":"ndb","uuid":"ndb-em"}},{"type":"Feature","geometry":{"type":"Point","coordinates":[16494326.70212294,-2700788.6025329037]},"properties":{"name":"EML","freq":"324.000","type":"ndb","uuid":"ndb-eml"}},{"type":"Feature","geometry":{"type":"Point","coordinates":[3911952.4389602887,3844312.4446148146]},"properties":{"name":"EMMEK","freq":"00.000","type":"ndb","uuid":"ndb-emmek"}},{"type":"Feature","geometry":{"type":"Point","coordinates":[-9127848.23801613,3956896.3120077006]},"properties":{"name":"EMR","freq":"385.000","type":"ndb","uuid":"ndb-emr"}},{"type":"Feature","geometry":{"type":"Point","coordinates":[689472.7272685278,6162340.934345717]},"properties":{"name":"EMT","freq":"419.000","type":"ndb","uuid":"ndb-emt"}},{"type":"Feature","geometry":{"type":"Point","coordinates":[3023864.032815856,4617567.391339555]},"properties":{"name":"EN","freq":"315.000","type":"ndb","uuid":"ndb-en"}},{"type":"Feature","geometry":{"type":"Point","coordinates":[3967426.6518722703,3866506.713356942]},"properties":{"name":"ENGEV","freq":"00.000","type":"ndb","uuid":"ndb-engev"}},{"type":"Feature","geometry":{"type":"Point","coordinates":[3938730.929990146,3836312.116035933]},"properties":{"name":"ENHRD","freq":"00.000","type":"ndb","uuid":"ndb-enhrd"}},{"type":"Feature","geometry":{"type":"Point","coordinates":[-9087714.438454997,4070643.807542412]},"properties":{"name":"EOE","freq":"278.000","type":"ndb","uuid":"ndb-eoe"}},{"type":"Feature","geometry":{"type":"Point","coordinates":[-9430237.956144776,3929458.840164429]},"properties":{"name":"EQQ","freq":"234.000","type":"ndb","uuid":"ndb-eqq"}},{"type":"Feature","geometry":{"type":"Point","coordinates":[4162424.32360907,7556497.009888294]},"properties":{"name":"ER","freq":"794.000","type":"ndb","uuid":"ndb-er"}},{"type":"Feature","geometry":{"type":"Point","coordinates":[4526188.58964879,5874641.6335838325]},"properties":{"name":"ER","freq":"435.000","type":"ndb","uuid":"ndb-er"}},{"type":"Feature","geometry":{"type":"Point","coordinates":[4587157.718158812,4859647.234617443]},"properties":{"name":"ERZ","freq":"354.000","type":"ndb","uuid":"ndb-erz"}},{"type":"Feature","geometry":{"type":"Point","coordinates":[-1608792.3731524672,9671468.253281323]},"properties":{"name":"ES","freq":"365.000","type":"ndb","uuid":"ndb-es"}},{"type":"Feature","geometry":{"type":"Point","coordinates":[-9709824.309493547,5736027.429334148]},"properties":{"name":"ES","freq":"344.000","type":"ndb","uuid":"ndb-es"}},{"type":"Feature","geometry":{"type":"Point","coordinates":[-7884575.515584868,5345552.170719671]},"properties":{"name":"ESG","freq":"260.000","type":"ndb","uuid":"ndb-esg"}},{"type":"Feature","geometry":{"type":"Point","coordinates":[13561732.282925256,-3986847.054236413]},"properties":{"name":"ESP","freq":"326.000","type":"ndb","uuid":"ndb-esp"}},{"type":"Feature","geometry":{"type":"Point","coordinates":[3396629.716569443,4838833.142040052]},"properties":{"name":"ESR","freq":"372.000","type":"ndb","uuid":"ndb-esr"}},{"type":"Feature","geometry":{"type":"Point","coordinates":[3897449.983076387,3734393.939339767]},"properties":{"name":"ESTOL","freq":"00.000","type":"ndb","uuid":"ndb-estol"}},{"type":"Feature","geometry":{"type":"Point","coordinates":[631679.3273762725,6313736.487565864]},"properties":{"name":"ETN","freq":"410.000","type":"ndb","uuid":"ndb-etn"}},{"type":"Feature","geometry":{"type":"Point","coordinates":[3895409.1257451773,3644442.844616919]},"properties":{"name":"ETZEM","freq":"00.000","type":"ndb","uuid":"ndb-etzem"}},{"type":"Feature","geometry":{"type":"Point","coordinates":[3913034.7117874455,3871951.4213847513]},"properties":{"name":"EVLYM","freq":"00.000","type":"ndb","uuid":"ndb-evlym"}},{"type":"Feature","geometry":{"type":"Point","coordinates":[-878514.8062478879,4654514.597258847]},"properties":{"name":"EVR","freq":"425.000","type":"ndb","uuid":"ndb-evr"}},{"type":"Feature","geometry":{"type":"Point","coordinates":[-9733859.424439047,4597317.6759562865]},"properties":{"name":"EVV","freq":"219.000","type":"ndb","uuid":"ndb-evv"}},{"type":"Feature","geometry":{"type":"Point","coordinates":[-8580446.33058674,4166820.2836464606]},"properties":{"name":"EW","freq":"362.000","type":"ndb","uuid":"ndb-ew"}},{"type":"Feature","geometry":{"type":"Point","coordinates":[2840347.7296711514,8042559.314201248]},"properties":{"name":"EWZ","freq":"405.000","type":"ndb","uuid":"ndb-ewz"}},{"type":"Feature","geometry":{"type":"Point","coordinates":[-366803.2572162953,6577568.964557884]},"properties":{"name":"EX","freq":"337.000","type":"ndb","uuid":"ndb-ex"}},{"type":"Feature","geometry":{"type":"Point","coordinates":[-13288826.088530665,6435843.2804441815]},"properties":{"name":"EX","freq":"374.000","type":"ndb","uuid":"ndb-ex"}},{"type":"Feature","geometry":{"type":"Point","coordinates":[-8621751.087502697,4617120.332167578]},"properties":{"name":"EZF","freq":"237.000","type":"ndb","uuid":"ndb-ezf"}},{"type":"Feature","geometry":{"type":"Point","coordinates":[-9256654.47470899,3780609.682244501]},"properties":{"name":"EZM","freq":"366.000","type":"ndb","uuid":"ndb-ezm"}},{"type":"Feature","geometry":{"type":"Point","coordinates":[4235196.441273337,8243562.925967034]},"properties":{"name":"F","freq":"825.000","type":"ndb","uuid":"ndb-f"}},{"type":"Feature","geometry":{"type":"Point","coordinates":[4616406.914364745,6950053.380285137]},"properties":{"name":"F","freq":"362.000","type":"ndb","uuid":"ndb-f"}},{"type":"Feature","geometry":{"type":"Point","coordinates":[7658233.583903327,4656526.801035918]},"properties":{"name":"F","freq":"732.000","type":"ndb","uuid":"ndb-f"}},{"type":"Feature","geometry":{"type":"Point","coordinates":[12407905.420710089,3577170.463234179]},"properties":{"name":"F","freq":"333.000","type":"ndb","uuid":"ndb-f"}},{"type":"Feature","geometry":{"type":"Point","coordinates":[16772690.118099106,8380233.346053002]},"properties":{"name":"F","freq":"765.000","type":"ndb","uuid":"ndb-f"}},{"type":"Feature","geometry":{"type":"Point","coordinates":[14348154.731751766,11637707.264219377]},"properties":{"name":"F","freq":"660.000","type":"ndb","uuid":"ndb-f"}},{"type":"Feature","geometry":{"type":"Point","coordinates":[9785536.715052554,9825626.235383922]},"properties":{"name":"F","freq":"999.999","type":"ndb","uuid":"ndb-f"}},{"type":"Feature","geometry":{"type":"Point","coordinates":[12769923.516848393,4616213.394547338]},"properties":{"name":"F","freq":"377.000","type":"ndb","uuid":"ndb-f"}},{"type":"Feature","geometry":{"type":"Point","coordinates":[247927.95598542827,8305407.963862622]},"properties":{"name":"F4H","freq":"358.000","type":"ndb","uuid":"ndb-f4h"}},{"type":"Feature","geometry":{"type":"Point","coordinates":[14786908.135881145,7008730.04132219]},"properties":{"name":"FA","freq":"680.000","type":"ndb","uuid":"ndb-fa"}},{"type":"Feature","geometry":{"type":"Point","coordinates":[8125757.201207418,3680918.065233637]},"properties":{"name":"FA","freq":"212.000","type":"ndb","uuid":"ndb-fa"}},{"type":"Feature","geometry":{"type":"Point","coordinates":[3947729.2864180156,3769620.3198908446]},"properties":{"name":"FAZEL","freq":"00.000","type":"ndb","uuid":"ndb-fazel"}},{"type":"Feature","geometry":{"type":"Point","coordinates":[798869.5140012362,490713.37512566603]},"properties":{"name":"FB","freq":"332.000","type":"ndb","uuid":"ndb-fb"}},{"type":"Feature","geometry":{"type":"Point","coordinates":[-10816450.130586252,4891649.076607243]},"properties":{"name":"FBY","freq":"293.000","type":"ndb","uuid":"ndb-fby"}},{"type":"Feature","geometry":{"type":"Point","coordinates":[13539604.070857046,4702828.8829680225]},"properties":{"name":"FC","freq":"213.000","type":"ndb","uuid":"ndb-fc"}},{"type":"Feature","geometry":{"type":"Point","coordinates":[13428655.737799326,4429354.137504168]},"properties":{"name":"FD","freq":"298.000","type":"ndb","uuid":"ndb-fd"}},{"type":"Feature","geometry":{"type":"Point","coordinates":[-18402792.412296213,9476526.7175177]},"properties":{"name":"FDV","freq":"529.000","type":"ndb","uuid":"ndb-fdv"}},{"type":"Feature","geometry":{"type":"Point","coordinates":[4330575.537582468,7215794.001460148]},"properties":{"name":"FE","freq":"570.000","type":"ndb","uuid":"ndb-fe"}},{"type":"Feature","geometry":{"type":"Point","coordinates":[-544454.6002223145,4018987.346482937]},"properties":{"name":"FEZ","freq":"315.000","type":"ndb","uuid":"ndb-fez"}},{"type":"Feature","geometry":{"type":"Point","coordinates":[-1479126.780912766,949955.8001959808]},"properties":{"name":"FF","freq":"296.500","type":"ndb","uuid":"ndb-ff"}},{"type":"Feature","geometry":{"type":"Point","coordinates":[4613398.164983167,6955986.141923065]},"properties":{"name":"FF","freq":"735.000","type":"ndb","uuid":"ndb-ff"}},{"type":"Feature","geometry":{"type":"Point","coordinates":[6386590.872788835,-2306421.6062330166]},"properties":{"name":"FF","freq":"258.000","type":"ndb","uuid":"ndb-ff"}},{"type":"Feature","geometry":{"type":"Point","coordinates":[-10693092.333604027,5815645.285731591]},"properties":{"name":"FF","freq":"337.000","type":"ndb","uuid":"ndb-ff"}},{"type":"Feature","geometry":{"type":"Point","coordinates":[-9404986.119164906,3935314.3677013814]},"properties":{"name":"FFC","freq":"316.000","type":"ndb","uuid":"ndb-ffc"}},{"type":"Feature","geometry":{"type":"Point","coordinates":[446842.651382436,5397106.768643502]},"properties":{"name":"FG","freq":"339.000","type":"ndb","uuid":"ndb-fg"}},{"type":"Feature","geometry":{"type":"Point","coordinates":[-1197815.624820393,1124660.2653520007]},"properties":{"name":"FH","freq":"350.000","type":"ndb","uuid":"ndb-fh"}},{"type":"Feature","geometry":{"type":"Point","coordinates":[-13694953.543389218,6192482.86083819]},"properties":{"name":"FHR","freq":"284.000","type":"ndb","uuid":"ndb-fhr"}},{"type":"Feature","geometry":{"type":"Point","coordinates":[15202655.480991162,6350566.057028944]},"properties":{"name":"FI","freq":"335.000","type":"ndb","uuid":"ndb-fi"}},{"type":"Feature","geometry":{"type":"Point","coordinates":[-3193298.5440635355,4653502.774344535]},"properties":{"name":"FIL","freq":"380.000","type":"ndb","uuid":"ndb-fil"}},{"type":"Feature","geometry":{"type":"Point","coordinates":[-9091613.40362003,4260820.16356726]},"properties":{"name":"FIQ","freq":"391.000","type":"ndb","uuid":"ndb-fiq"}},{"type":"Feature","geometry":{"type":"Point","coordinates":[2559431.108407398,5026829.111978397]},"properties":{"name":"FIS","freq":"314.000","type":"ndb","uuid":"ndb-fis"}},{"type":"Feature","geometry":{"type":"Point","coordinates":[-9730865.579500405,4402511.916191922]},"properties":{"name":"FK","freq":"273.000","type":"ndb","uuid":"ndb-fk"}},{"type":"Feature","geometry":{"type":"Point","coordinates":[3898624.96030171,7470388.675653585]},"properties":{"name":"FK","freq":"985.000","type":"ndb","uuid":"ndb-fk"}},{"type":"Feature","geometry":{"type":"Point","coordinates":[7250052.624582524,4557122.606146861]},"properties":{"name":"FK","freq":"469.000","type":"ndb","uuid":"ndb-fk"}},{"type":"Feature","geometry":{"type":"Point","coordinates":[16766774.724046675,8380535.587515233]},"properties":{"name":"FK","freq":"375.000","type":"ndb","uuid":"ndb-fk"}},{"type":"Feature","geometry":{"type":"Point","coordinates":[12789310.702910384,4614566.547377882]},"properties":{"name":"FL","freq":"272.000","type":"ndb","uuid":"ndb-fl"}},{"type":"Feature","geometry":{"type":"Point","coordinates":[2126901.113177061,2027936.5351002146]},"properties":{"name":"FLU","freq":"290.000","type":"ndb","uuid":"ndb-flu"}},{"type":"Feature","geometry":{"type":"Point","coordinates":[-9122662.20308296,3063147.668973909]},"properties":{"name":"FM","freq":"341.000","type":"ndb","uuid":"ndb-fm"}},{"type":"Feature","geometry":{"type":"Point","coordinates":[239856.4270846542,7657325.09345164]},"properties":{"name":"FM","freq":"386.000","type":"ndb","uuid":"ndb-fm"}},{"type":"Feature","geometry":{"type":"Point","coordinates":[1368119.6340574098,8043514.207676061]},"properties":{"name":"FM","freq":"399.000","type":"ndb","uuid":"ndb-fm"}},{"type":"Feature","geometry":{"type":"Point","coordinates":[-10861225.612770572,4952045.335135465]},"properties":{"name":"FMZ","freq":"392.000","type":"ndb","uuid":"ndb-fmz"}},{"type":"Feature","geometry":{"type":"Point","coordinates":[-11685358.775986537,4918859.49122285]},"properties":{"name":"FN","freq":"400.000","type":"ndb","uuid":"ndb-fn"}},{"type":"Feature","geometry":{"type":"Point","coordinates":[7653697.3146535,4656554.396921586]},"properties":{"name":"FN","freq":"372.000","type":"ndb","uuid":"ndb-fn"}},{"type":"Feature","geometry":{"type":"Point","coordinates":[-8546778.430882093,4762916.375457277]},"properties":{"name":"FND","freq":"371.000","type":"ndb","uuid":"ndb-fnd"}},{"type":"Feature","geometry":{"type":"Point","coordinates":[-10498048.897187676,5238362.136649592]},"properties":{"name":"FO","freq":"341.000","type":"ndb","uuid":"ndb-fo"}},{"type":"Feature","geometry":{"type":"Point","coordinates":[-11317804.637882762,7299021.077418051]},"properties":{"name":"FO","freq":"250.000","type":"ndb","uuid":"ndb-fo"}},{"type":"Feature","geometry":{"type":"Point","coordinates":[12606004.700837035,2648756.2414063946]},"properties":{"name":"FO","freq":"410.000","type":"ndb","uuid":"ndb-fo"}},{"type":"Feature","geometry":{"type":"Point","coordinates":[-1023629.131887395,6903165.43736782]},"properties":{"name":"FOY","freq":"395.000","type":"ndb","uuid":"ndb-foy"}},{"type":"Feature","geometry":{"type":"Point","coordinates":[4238993.64187054,8247778.42204281]},"properties":{"name":"FP","freq":"405.000","type":"ndb","uuid":"ndb-fp"}},{"type":"Feature","geometry":{"type":"Point","coordinates":[-1822225.7894478648,3311132.467373178]},"properties":{"name":"FP","freq":"420.000","type":"ndb","uuid":"ndb-fp"}},{"type":"Feature","geometry":{"type":"Point","coordinates":[-10499429.599016404,5399699.759956943]},"properties":{"name":"FQ","freq":"420.000","type":"ndb","uuid":"ndb-fq"}},{"type":"Feature","geometry":{"type":"Point","coordinates":[966641.5614201599,6457663.586384922]},"properties":{"name":"FR","freq":"297.000","type":"ndb","uuid":"ndb-fr"}},{"type":"Feature","geometry":{"type":"Point","coordinates":[-8180029.565605882,4979433.639384599]},"properties":{"name":"FR","freq":"407.000","type":"ndb","uuid":"ndb-fr"}},{"type":"Feature","geometry":{"type":"Point","coordinates":[-4829454.825079109,-2483661.884011291]},"properties":{"name":"FRA","freq":"999.999","type":"ndb","uuid":"ndb-fra"}},{"type":"Feature","geometry":{"type":"Point","coordinates":[3890214.2161748237,3841265.78804114]},"properties":{"name":"FRDIS","freq":"00.000","type":"ndb","uuid":"ndb-frdis"}},{"type":"Feature","geometry":{"type":"Point","coordinates":[3059925.981858337,-2411482.0826785117]},"properties":{"name":"FRW","freq":"375.000","type":"ndb","uuid":"ndb-frw"}},{"type":"Feature","geometry":{"type":"Point","coordinates":[1541778.3798378052,6655506.380416027]},"properties":{"name":"FS","freq":"374.000","type":"ndb","uuid":"ndb-fs"}},{"type":"Feature","geometry":{"type":"Point","coordinates":[1855963.944120036,10627230.729426814]},"properties":{"name":"FS","freq":"396.000","type":"ndb","uuid":"ndb-fs"}},{"type":"Feature","geometry":{"type":"Point","coordinates":[-10778961.745957576,5387462.988051517]},"properties":{"name":"FS","freq":"245.000","type":"ndb","uuid":"ndb-fs"}},{"type":"Feature","geometry":{"type":"Point","coordinates":[5980392.2662224155,3362440.4656701265]},"properties":{"name":"FSA","freq":"216.000","type":"ndb","uuid":"ndb-fsa"}},{"type":"Feature","geometry":{"type":"Point","coordinates":[363396.0149797594,7633655.3315635165]},"properties":{"name":"FSM","freq":"544.000","type":"ndb","uuid":"ndb-fsm"}},{"type":"Feature","geometry":{"type":"Point","coordinates":[3085590.721382807,5516307.4598512035]},"properties":{"name":"FSS","freq":"535.000","type":"ndb","uuid":"ndb-fss"}},{"type":"Feature","geometry":{"type":"Point","coordinates":[-10839550.501951974,3881121.8842205903]},"properties":{"name":"FT","freq":"365.000","type":"ndb","uuid":"ndb-ft"}},{"type":"Feature","geometry":{"type":"Point","coordinates":[9781476.645846678,9830336.969812697]},"properties":{"name":"FT","freq":"492.000","type":"ndb","uuid":"ndb-ft"}},{"type":"Feature","geometry":{"type":"Point","coordinates":[-5158303.949286084,-2356618.544564528]},"properties":{"name":"FUR","freq":"390.000","type":"ndb","uuid":"ndb-fur"}},{"type":"Feature","geometry":{"type":"Point","coordinates":[-1543580.7660820712,3297294.914828309]},"properties":{"name":"FV","freq":"397.000","type":"ndb","uuid":"ndb-fv"}},{"type":"Feature","geometry":{"type":"Point","coordinates":[-9595325.101134088,4834946.0974362055]},"properties":{"name":"FV","freq":"349.000","type":"ndb","uuid":"ndb-fv"}},{"type":"Feature","geometry":{"type":"Point","coordinates":[4256702.686608821,7235873.97442941]},"properties":{"name":"FV","freq":"335.000","type":"ndb","uuid":"ndb-fv"}},{"type":"Feature","geometry":{"type":"Point","coordinates":[-9841683.8233643,4633272.271722465]},"properties":{"name":"FWC","freq":"257.000","type":"ndb","uuid":"ndb-fwc"}},{"type":"Feature","geometry":{"type":"Point","coordinates":[-10281700.363571292,3869762.1621247283]},"properties":{"name":"FWV","freq":"379.000","type":"ndb","uuid":"ndb-fwv"}},{"type":"Feature","geometry":{"type":"Point","coordinates":[-8938782.225346249,3022093.6841060175]},"properties":{"name":"FX","freq":"221.000","type":"ndb","uuid":"ndb-fx"}},{"type":"Feature","geometry":{"type":"Point","coordinates":[6181147.62939969,-2379094.723129959]},"properties":{"name":"FXR","freq":"382.000","type":"ndb","uuid":"ndb-fxr"}},{"type":"Feature","geometry":{"type":"Point","coordinates":[3325669.787449048,-2051599.1250755175]},"properties":{"name":"FY","freq":"290.000","type":"ndb","uuid":"ndb-fy"}},{"type":"Feature","geometry":{"type":"Point","coordinates":[-10079682.11169305,4675561.088798321]},"properties":{"name":"FZ","freq":"227.000","type":"ndb","uuid":"ndb-fz"}},{"type":"Feature","geometry":{"type":"Point","coordinates":[-10079681.431407271,4675561.088798321]},"properties":{"name":"FZ","freq":"227.000","type":"ndb","uuid":"ndb-fz"}},{"type":"Feature","geometry":{"type":"Point","coordinates":[13489510.300000075,4502251.726448317]},"properties":{"name":"FZ","freq":"247.000","type":"ndb","uuid":"ndb-fz"}},{"type":"Feature","geometry":{"type":"Point","coordinates":[5340939.065894918,5826228.425559832]},"properties":{"name":"G","freq":"315.000","type":"ndb","uuid":"ndb-g"}},{"type":"Feature","geometry":{"type":"Point","coordinates":[11316872.337147364,7634471.399384093]},"properties":{"name":"G","freq":"755.000","type":"ndb","uuid":"ndb-g"}},{"type":"Feature","geometry":{"type":"Point","coordinates":[308373.57366791414,5149959.226433858]},"properties":{"name":"G","freq":"330.000","type":"ndb","uuid":"ndb-g"}},{"type":"Feature","geometry":{"type":"Point","coordinates":[3449129.3180770245,6897368.097687414]},"properties":{"name":"G","freq":"511.000","type":"ndb","uuid":"ndb-g"}},{"type":"Feature","geometry":{"type":"Point","coordinates":[14525685.138499869,5918675.720641551]},"properties":{"name":"G","freq":"304.000","type":"ndb","uuid":"ndb-g"}},{"type":"Feature","geometry":{"type":"Point","coordinates":[13056511.897090143,6372996.079010727]},"properties":{"name":"G","freq":"300.000","type":"ndb","uuid":"ndb-g"}},{"type":"Feature","geometry":{"type":"Point","coordinates":[5907821.203927353,10340141.916276958]},"properties":{"name":"G","freq":"332.000","type":"ndb","uuid":"ndb-g"}},{"type":"Feature","geometry":{"type":"Point","coordinates":[11375233.806585556,3243803.824962416]},"properties":{"name":"G","freq":"304.000","type":"ndb","uuid":"ndb-g"}},{"type":"Feature","geometry":{"type":"Point","coordinates":[5035243.375344278,7197296.044856921]},"properties":{"name":"G","freq":"999.999","type":"ndb","uuid":"ndb-g"}},{"type":"Feature","geometry":{"type":"Point","coordinates":[8166045.271029541,8705177.531930566]},"properties":{"name":"G","freq":"668.000","type":"ndb","uuid":"ndb-g"}},{"type":"Feature","geometry":{"type":"Point","coordinates":[9195685.686341854,7363656.110172487]},"properties":{"name":"G","freq":"700.000","type":"ndb","uuid":"ndb-g"}},{"type":"Feature","geometry":{"type":"Point","coordinates":[1467005.2943265287,3850738.576121337]},"properties":{"name":"G","freq":"365.000","type":"ndb","uuid":"ndb-g"}},{"type":"Feature","geometry":{"type":"Point","coordinates":[4037390.951835842,6757185.889541156]},"properties":{"name":"G","freq":"368.000","type":"ndb","uuid":"ndb-g"}},{"type":"Feature","geometry":{"type":"Point","coordinates":[3378114.285808686,-316718.01202252536]},"properties":{"name":"GA","freq":"345.000","type":"ndb","uuid":"ndb-ga"}},{"type":"Feature","geometry":{"type":"Point","coordinates":[5898921.890924207,10338809.301087517]},"properties":{"name":"GA","freq":"680.000","type":"ndb","uuid":"ndb-ga"}},{"type":"Feature","geometry":{"type":"Point","coordinates":[1085086.736507434,3525062.826035564]},"properties":{"name":"GAD","freq":"287.000","type":"ndb","uuid":"ndb-gad"}},{"type":"Feature","geometry":{"type":"Point","coordinates":[3894079.4453497324,3874233.0246207886]},"properties":{"name":"GALIM","freq":"00.000","type":"ndb","uuid":"ndb-galim"}},{"type":"Feature","geometry":{"type":"Point","coordinates":[4171469.032236024,4432352.536482471]},"properties":{"name":"GAZ","freq":"432.000","type":"ndb","uuid":"ndb-gaz"}},{"type":"Feature","geometry":{"type":"Point","coordinates":[-11004585.326780614,4615036.333880474]},"properties":{"name":"GB","freq":"419.000","type":"ndb","uuid":"ndb-gb"}},{"type":"Feature","geometry":{"type":"Point","coordinates":[-10676760.558343504,5543469.327916529]},"properties":{"name":"GB","freq":"253.000","type":"ndb","uuid":"ndb-gb"}},{"type":"Feature","geometry":{"type":"Point","coordinates":[18454637.88810706,-1200809.502139569]},"properties":{"name":"GB","freq":"370.000","type":"ndb","uuid":"ndb-gb"}},{"type":"Feature","geometry":{"type":"Point","coordinates":[-8773807.389354313,5292796.106972733]},"properties":{"name":"GB","freq":"204.000","type":"ndb","uuid":"ndb-gb"}},{"type":"Feature","geometry":{"type":"Point","coordinates":[2893656.747565123,-2816659.2187941014]},"properties":{"name":"GBE","freq":"311.000","type":"ndb","uuid":"ndb-gbe"}},{"type":"Feature","geometry":{"type":"Point","coordinates":[1758883.4530824532,5923647.2517110165]},"properties":{"name":"GBG","freq":"426.000","type":"ndb","uuid":"ndb-gbg"}},{"type":"Feature","geometry":{"type":"Point","coordinates":[-11746681.220191503,5507461.169598111]},"properties":{"name":"GC","freq":"380.000","type":"ndb","uuid":"ndb-gc"}},{"type":"Feature","geometry":{"type":"Point","coordinates":[4051064.6341107883,7271700.0568118915]},"properties":{"name":"GC","freq":"286.000","type":"ndb","uuid":"ndb-gc"}},{"type":"Feature","geometry":{"type":"Point","coordinates":[-3120375.031891789,4735121.239177391]},"properties":{"name":"GC","freq":"428.000","type":"ndb","uuid":"ndb-gc"}},{"type":"Feature","geometry":{"type":"Point","coordinates":[-16194143.583678465,8511627.435674483]},"properties":{"name":"GCR","freq":"404.000","type":"ndb","uuid":"ndb-gcr"}},{"type":"Feature","geometry":{"type":"Point","coordinates":[6938611.858800369,2903739.792218017]},"properties":{"name":"GD","freq":"303.000","type":"ndb","uuid":"ndb-gd"}},{"type":"Feature","geometry":{"type":"Point","coordinates":[4124943.700422671,7089761.195632083]},"properties":{"name":"GD","freq":"975.000","type":"ndb","uuid":"ndb-gd"}},{"type":"Feature","geometry":{"type":"Point","coordinates":[5806610.203183886,1826510.9792913822]},"properties":{"name":"GDA","freq":"354.000","type":"ndb","uuid":"ndb-gda"}},{"type":"Feature","geometry":{"type":"Point","coordinates":[2504651.4672738053,4960217.270092473]},"properties":{"name":"GDA","freq":"394.000","type":"ndb","uuid":"ndb-gda"}},{"type":"Feature","geometry":{"type":"Point","coordinates":[-10487524.536073517,3512611.5750126424]},"properties":{"name":"GDE","freq":"368.000","type":"ndb","uuid":"ndb-gde"}},{"type":"Feature","geometry":{"type":"Point","coordinates":[604681.2277287453,7179473.429230805]},"properties":{"name":"GDF","freq":"384.000","type":"ndb","uuid":"ndb-gdf"}},{"type":"Feature","geometry":{"type":"Point","coordinates":[4885401.218164538,4861962.958325471]},"properties":{"name":"GDR","freq":"388.000","type":"ndb","uuid":"ndb-gdr"}},{"type":"Feature","geometry":{"type":"Point","coordinates":[-427943.04469011957,4895016.052825744]},"properties":{"name":"GE","freq":"421.000","type":"ndb","uuid":"ndb-ge"}},{"type":"Feature","geometry":{"type":"Point","coordinates":[4033321.5441615717,6759919.0871071275]},"properties":{"name":"GE","freq":"742.000","type":"ndb","uuid":"ndb-ge"}},{"type":"Feature","geometry":{"type":"Point","coordinates":[3881741.5660422253,3729629.732250629]},"properties":{"name":"GEFEN","freq":"00.000","type":"ndb","uuid":"ndb-gefen"}},{"type":"Feature","geometry":{"type":"Point","coordinates":[12768546.278292716,-3350014.209002529]},"properties":{"name":"GEL","freq":"359.000","type":"ndb","uuid":"ndb-gel"}},{"type":"Feature","geometry":{"type":"Point","coordinates":[2200705.935573001,360653.5464278086]},"properties":{"name":"GEM","freq":"420.000","type":"ndb","uuid":"ndb-gem"}},{"type":"Feature","geometry":{"type":"Point","coordinates":[-7214647.120392836,5625281.337226303]},"properties":{"name":"GF","freq":"341.000","type":"ndb","uuid":"ndb-gf"}},{"type":"Feature","geometry":{"type":"Point","coordinates":[-8193755.815418145,5350885.405691101]},"properties":{"name":"GF","freq":"209.000","type":"ndb","uuid":"ndb-gf"}},{"type":"Feature","geometry":{"type":"Point","coordinates":[-10818196.980773445,6081349.800437534]},"properties":{"name":"GF","freq":"345.000","type":"ndb","uuid":"ndb-gf"}},{"type":"Feature","geometry":{"type":"Point","coordinates":[243511.38611028594,8666245.313695664]},"properties":{"name":"GFA","freq":"414.000","type":"ndb","uuid":"ndb-gfa"}},{"type":"Feature","geometry":{"type":"Point","coordinates":[253097.20022873703,8675294.086302772]},"properties":{"name":"GFC","freq":"333.000","type":"ndb","uuid":"ndb-gfc"}},{"type":"Feature","geometry":{"type":"Point","coordinates":[17034936.234367013,-3472701.5793346483]},"properties":{"name":"GFN","freq":"389.000","type":"ndb","uuid":"ndb-gfn"}},{"type":"Feature","geometry":{"type":"Point","coordinates":[11311575.415632533,7636917.778305084]},"properties":{"name":"GG","freq":"374.000","type":"ndb","uuid":"ndb-gg"}},{"type":"Feature","geometry":{"type":"Point","coordinates":[-11324581.892170578,4993324.226593502]},"properties":{"name":"GGF","freq":"359.000","type":"ndb","uuid":"ndb-ggf"}},{"type":"Feature","geometry":{"type":"Point","coordinates":[6057338.772025188,4425734.059397786]},"properties":{"name":"GGN","freq":"310.000","type":"ndb","uuid":"ndb-ggn"}},{"type":"Feature","geometry":{"type":"Point","coordinates":[-5033342.595038983,-2606397.8255386134]},"properties":{"name":"GGT","freq":"275.000","type":"ndb","uuid":"ndb-ggt"}},{"type":"Feature","geometry":{"type":"Point","coordinates":[6493698.807102511,4580053.604350702]},"properties":{"name":"GH","freq":"320.000","type":"ndb","uuid":"ndb-gh"}},{"type":"Feature","geometry":{"type":"Point","coordinates":[9289178.566645736,3090610.110649717]},"properties":{"name":"GH","freq":"278.000","type":"ndb","uuid":"ndb-gh"}},{"type":"Feature","geometry":{"type":"Point","coordinates":[9196687.561758993,7358362.5783486795]},"properties":{"name":"GH","freq":"875.000","type":"ndb","uuid":"ndb-gh"}},{"type":"Feature","geometry":{"type":"Point","coordinates":[422364.7322402262,3812599.8415955417]},"properties":{"name":"GHA","freq":"340.000","type":"ndb","uuid":"ndb-gha"}},{"type":"Feature","geometry":{"type":"Point","coordinates":[-9034451.185240576,4189931.955904226]},"properties":{"name":"GHJ","freq":"260.000","type":"ndb","uuid":"ndb-ghj"}},{"type":"Feature","geometry":{"type":"Point","coordinates":[1128532.2599975867,2898929.0562964673]},"properties":{"name":"GHT","freq":"435.000","type":"ndb","uuid":"ndb-ght"}},{"type":"Feature","geometry":{"type":"Point","coordinates":[276548.53721126745,6418981.828581532]},"properties":{"name":"GI","freq":"339.000","type":"ndb","uuid":"ndb-gi"}},{"type":"Feature","geometry":{"type":"Point","coordinates":[13523428.79224733,2592889.796690245]},"properties":{"name":"GI","freq":"300.000","type":"ndb","uuid":"ndb-gi"}},{"type":"Feature","geometry":{"type":"Point","coordinates":[3910932.0102946837,3871620.252347702]},"properties":{"name":"GILAM","freq":"00.000","type":"ndb","uuid":"ndb-gilam"}},{"type":"Feature","geometry":{"type":"Point","coordinates":[3857560.498875464,3676621.7079205406]},"properties":{"name":"GILAT","freq":"00.000","type":"ndb","uuid":"ndb-gilat"}},{"type":"Feature","geometry":{"type":"Point","coordinates":[12491902.22277393,3259484.2146550193]},"properties":{"name":"GJ","freq":"245.000","type":"ndb","uuid":"ndb-gj"}},{"type":"Feature","geometry":{"type":"Point","coordinates":[-1034730.4681067542,1033760.568069453]},"properties":{"name":"GK","freq":"286.000","type":"ndb","uuid":"ndb-gk"}},{"type":"Feature","geometry":{"type":"Point","coordinates":[8159585.741121697,8705229.052362787]},"properties":{"name":"GK","freq":"325.000","type":"ndb","uuid":"ndb-gk"}},{"type":"Feature","geometry":{"type":"Point","coordinates":[2885809.403749974,4892093.456141405]},"properties":{"name":"GKA","freq":"384.000","type":"ndb","uuid":"ndb-gka"}},{"type":"Feature","geometry":{"type":"Point","coordinates":[3756259.793175666,4195408.493374134]},"properties":{"name":"GKE","freq":"435.000","type":"ndb","uuid":"ndb-gke"}},{"type":"Feature","geometry":{"type":"Point","coordinates":[-9440779.355325446,5623828.561206602]},"properties":{"name":"GL","freq":"375.000","type":"ndb","uuid":"ndb-gl"}},{"type":"Feature","geometry":{"type":"Point","coordinates":[1494593.3872752602,6904274.976306403]},"properties":{"name":"GL","freq":"321.000","type":"ndb","uuid":"ndb-gl"}},{"type":"Feature","geometry":{"type":"Point","coordinates":[16668665.733680405,-4137708.1506897216]},"properties":{"name":"GLB","freq":"407.000","type":"ndb","uuid":"ndb-glb"}},{"type":"Feature","geometry":{"type":"Point","coordinates":[3875000.521510996,3781665.3098409465]},"properties":{"name":"GLILE","freq":"00.000","type":"ndb","uuid":"ndb-glile"}},{"type":"Feature","geometry":{"type":"Point","coordinates":[-9167136.566044688,4134046.6949202004]},"properties":{"name":"GM","freq":"521.000","type":"ndb","uuid":"ndb-gm"}},{"type":"Feature","geometry":{"type":"Point","coordinates":[-8661968.036539037,4074183.186591819]},"properties":{"name":"GM","freq":"205.000","type":"ndb","uuid":"ndb-gm"}},{"type":"Feature","geometry":{"type":"Point","coordinates":[-7980038.534421227,5521688.035181288]},"properties":{"name":"GMA","freq":"386.000","type":"ndb","uuid":"ndb-gma"}},{"type":"Feature","geometry":{"type":"Point","coordinates":[4231695.999885343,5554877.574974505]},"properties":{"name":"GN","freq":"999.999","type":"ndb","uuid":"ndb-gn"}},{"type":"Feature","geometry":{"type":"Point","coordinates":[8937708.981766678,2454075.176812206]},"properties":{"name":"GN","freq":"230.000","type":"ndb","uuid":"ndb-gn"}},{"type":"Feature","geometry":{"type":"Point","coordinates":[11875328.270012528,1212478.031285333]},"properties":{"name":"GN","freq":"343.000","type":"ndb","uuid":"ndb-gn"}},{"type":"Feature","geometry":{"type":"Point","coordinates":[111164.84946731324,7797854.32844247]},"properties":{"name":"GNT","freq":"337.500","type":"ndb","uuid":"ndb-gnt"}},{"type":"Feature","geometry":{"type":"Point","coordinates":[3884400.864988953,3783053.126097224]},"properties":{"name":"GNYAM","freq":"00.000","type":"ndb","uuid":"ndb-gnyam"}},{"type":"Feature","geometry":{"type":"Point","coordinates":[10314121.856044028,7687115.873905989]},"properties":{"name":"GO","freq":"999.999","type":"ndb","uuid":"ndb-go"}},{"type":"Feature","geometry":{"type":"Point","coordinates":[3364631.6092266934,6543488.119580242]},"properties":{"name":"GO","freq":"590.000","type":"ndb","uuid":"ndb-go"}},{"type":"Feature","geometry":{"type":"Point","coordinates":[8225418.758327368,1734402.480254604]},"properties":{"name":"GO","freq":"274.000","type":"ndb","uuid":"ndb-go"}},{"type":"Feature","geometry":{"type":"Point","coordinates":[1213082.5363852363,1152867.0486102293]},"properties":{"name":"GO","freq":"360.000","type":"ndb","uuid":"ndb-go"}},{"type":"Feature","geometry":{"type":"Point","coordinates":[10314152.778124804,7687115.873905989]},"properties":{"name":"GO","freq":"999.999","type":"ndb","uuid":"ndb-go"}},{"type":"Feature","geometry":{"type":"Point","coordinates":[9560213.696854658,6805084.308509095]},"properties":{"name":"GO","freq":"350.000","type":"ndb","uuid":"ndb-go"}},{"type":"Feature","geometry":{"type":"Point","coordinates":[11375408.238043213,3238783.5032073096]},"properties":{"name":"GO","freq":"627.000","type":"ndb","uuid":"ndb-go"}},{"type":"Feature","geometry":{"type":"Point","coordinates":[3959541.521274413,3917779.595806222]},"properties":{"name":"GOMME","freq":"00.000","type":"ndb","uuid":"ndb-gomme"}},{"type":"Feature","geometry":{"type":"Point","coordinates":[3872434.0197286764,3674992.663568043]},"properties":{"name":"GORAL","freq":"00.000","type":"ndb","uuid":"ndb-goral"}},{"type":"Feature","geometry":{"type":"Point","coordinates":[3884246.2545850743,3711716.885402545]},"properties":{"name":"GOVRN","freq":"00.000","type":"ndb","uuid":"ndb-govrn"}},{"type":"Feature","geometry":{"type":"Point","coordinates":[-9925503.720204024,3566125.6037154715]},"properties":{"name":"GP","freq":"360.000","type":"ndb","uuid":"ndb-gp"}},{"type":"Feature","geometry":{"type":"Point","coordinates":[-9476737.09695571,3970641.88213851]},"properties":{"name":"GPQ","freq":"278.000","type":"ndb","uuid":"ndb-gpq"}},{"type":"Feature","geometry":{"type":"Point","coordinates":[-9822790.77215311,5533859.934129649]},"properties":{"name":"GR","freq":"356.000","type":"ndb","uuid":"ndb-gr"}},{"type":"Feature","geometry":{"type":"Point","coordinates":[5136327.719244887,6748457.391729467]},"properties":{"name":"GR","freq":"479.000","type":"ndb","uuid":"ndb-gr"}},{"type":"Feature","geometry":{"type":"Point","coordinates":[-427578.1641369638,4465378.954676986]},"properties":{"name":"GR","freq":"285.000","type":"ndb","uuid":"ndb-gr"}},{"type":"Feature","geometry":{"type":"Point","coordinates":[1582250.6834171924,9965448.18531403]},"properties":{"name":"GR","freq":"368.000","type":"ndb","uuid":"ndb-gr"}},{"type":"Feature","geometry":{"type":"Point","coordinates":[-9504307.16233135,5296100.952357221]},"properties":{"name":"GR","freq":"263.000","type":"ndb","uuid":"ndb-gr"}},{"type":"Feature","geometry":{"type":"Point","coordinates":[-409402.1341348035,4465534.215617951]},"properties":{"name":"GRA","freq":"412.000","type":"ndb","uuid":"ndb-gra"}},{"type":"Feature","geometry":{"type":"Point","coordinates":[1567935.0278232584,5020929.042161671]},"properties":{"name":"GRA","freq":"343.000","type":"ndb","uuid":"ndb-gra"}},{"type":"Feature","geometry":{"type":"Point","coordinates":[-7810330.084459954,-6238130.357813459]},"properties":{"name":"GRE","freq":"360.000","type":"ndb","uuid":"ndb-gre"}},{"type":"Feature","geometry":{"type":"Point","coordinates":[-9948878.896101601,4697951.879803268]},"properties":{"name":"GRE","freq":"233.000","type":"ndb","uuid":"ndb-gre"}},{"type":"Feature","geometry":{"type":"Point","coordinates":[312498.51739925885,5164720.854515723]},"properties":{"name":"GRN","freq":"412.000","type":"ndb","uuid":"ndb-grn"}},{"type":"Feature","geometry":{"type":"Point","coordinates":[-11374558.097276442,5281743.462114862]},"properties":{"name":"GRN","freq":"414.000","type":"ndb","uuid":"ndb-grn"}},{"type":"Feature","geometry":{"type":"Point","coordinates":[16168042.84281505,1593912.7456378124]},"properties":{"name":"GRO","freq":"332.000","type":"ndb","uuid":"ndb-gro"}},{"type":"Feature","geometry":{"type":"Point","coordinates":[17638.23317330566,4192765.601204785]},"properties":{"name":"GRS","freq":"424.000","type":"ndb","uuid":"ndb-grs"}},{"type":"Feature","geometry":{"type":"Point","coordinates":[1512367.9868247877,3554389.2451191]},"properties":{"name":"GRT","freq":"337.000","type":"ndb","uuid":"ndb-grt"}},{"type":"Feature","geometry":{"type":"Point","coordinates":[-5735470.462163779,-2923307.991733974]},"properties":{"name":"GRU","freq":"230.000","type":"ndb","uuid":"ndb-gru"}},{"type":"Feature","geometry":{"type":"Point","coordinates":[1329344.2724268427,6393548.143223496]},"properties":{"name":"GRW","freq":"405.000","type":"ndb","uuid":"ndb-grw"}},{"type":"Feature","geometry":{"type":"Point","coordinates":[-7022658.07434929,865465.6134351202]},"properties":{"name":"GRY","freq":"255.000","type":"ndb","uuid":"ndb-gry"}},{"type":"Feature","geometry":{"type":"Point","coordinates":[3255138.96404358,-189264.9982636115]},"properties":{"name":"GS","freq":"397.000","type":"ndb","uuid":"ndb-gs"}},{"type":"Feature","geometry":{"type":"Point","coordinates":[2504688.5428486555,3204917.9970036643]},"properties":{"name":"GS","freq":"305.000","type":"ndb","uuid":"ndb-gs"}},{"type":"Feature","geometry":{"type":"Point","coordinates":[3891296.4580799006,3822196.3303593174]},"properties":{"name":"GSHML","freq":"00.000","type":"ndb","uuid":"ndb-gshml"}},{"type":"Feature","geometry":{"type":"Point","coordinates":[5662868.910697071,3543760.819878621]},"properties":{"name":"GSN","freq":"245.000","type":"ndb","uuid":"ndb-gsn"}},{"type":"Feature","geometry":{"type":"Point","coordinates":[8274943.346443496,4289640.072236181]},"properties":{"name":"GT","freq":"324.000","type":"ndb","uuid":"ndb-gt"}},{"type":"Feature","geometry":{"type":"Point","coordinates":[13253141.976393184,3735339.8100156756]},"properties":{"name":"GT","freq":"276.000","type":"ndb","uuid":"ndb-gt"}},{"type":"Feature","geometry":{"type":"Point","coordinates":[8760534.67370079,10294987.516151534]},"properties":{"name":"GT","freq":"360.000","type":"ndb","uuid":"ndb-gt"}},{"type":"Feature","geometry":{"type":"Point","coordinates":[4143920.581394847,7475945.167519753]},"properties":{"name":"GT","freq":"294.000","type":"ndb","uuid":"ndb-gt"}},{"type":"Feature","geometry":{"type":"Point","coordinates":[15190151.859330699,-1571355.848472774]},"properties":{"name":"GTE","freq":"407.000","type":"ndb","uuid":"ndb-gte"}},{"type":"Feature","geometry":{"type":"Point","coordinates":[16258953.791218309,-4066087.1801607627]},"properties":{"name":"GTH","freq":"305.000","type":"ndb","uuid":"ndb-gth"}},{"type":"Feature","geometry":{"type":"Point","coordinates":[-8585428.558085516,4711635.317454709]},"properties":{"name":"GTN","freq":"323.000","type":"ndb","uuid":"ndb-gtn"}},{"type":"Feature","geometry":{"type":"Point","coordinates":[-9331542.435750347,3627238.1862885677]},"properties":{"name":"GTP","freq":"245.000","type":"ndb","uuid":"ndb-gtp"}},{"type":"Feature","geometry":{"type":"Point","coordinates":[-477059.6468724931,6186697.229437918]},"properties":{"name":"GU","freq":"338.000","type":"ndb","uuid":"ndb-gu"}},{"type":"Feature","geometry":{"type":"Point","coordinates":[12526782.298967075,4178839.7327820035]},"properties":{"name":"GU","freq":"234.000","type":"ndb","uuid":"ndb-gu"}},{"type":"Feature","geometry":{"type":"Point","coordinates":[14003559.001740873,7070516.791618324]},"properties":{"name":"GU","freq":"344.000","type":"ndb","uuid":"ndb-gu"}},{"type":"Feature","geometry":{"type":"Point","coordinates":[-11299495.364634536,4398117.923472927]},"properties":{"name":"GUY","freq":"275.000","type":"ndb","uuid":"ndb-guy"}},{"type":"Feature","geometry":{"type":"Point","coordinates":[15231213.846990483,-1376475.6775920452]},"properties":{"name":"GV","freq":"380.000","type":"ndb","uuid":"ndb-gv"}},{"type":"Feature","geometry":{"type":"Point","coordinates":[9206492.891728874,7424492.656018969]},"properties":{"name":"GV","freq":"660.000","type":"ndb","uuid":"ndb-gv"}},{"type":"Feature","geometry":{"type":"Point","coordinates":[-10693753.138470206,3916064.867693675]},"properties":{"name":"GV","freq":"201.000","type":"ndb","uuid":"ndb-gv"}},{"type":"Feature","geometry":{"type":"Point","coordinates":[3852798.4984359746,3710046.853122071]},"properties":{"name":"GVARM","freq":"00.000","type":"ndb","uuid":"ndb-gvarm"}},{"type":"Feature","geometry":{"type":"Point","coordinates":[-10003405.099861156,3617383.97842868]},"properties":{"name":"GVB","freq":"353.000","type":"ndb","uuid":"ndb-gvb"}},{"type":"Feature","geometry":{"type":"Point","coordinates":[-8655248.359165624,7417297.052229572]},"properties":{"name":"GW","freq":"371.000","type":"ndb","uuid":"ndb-gw"}},{"type":"Feature","geometry":{"type":"Point","coordinates":[6954417.1237915205,2911091.1480156826]},"properties":{"name":"GW","freq":"365.000","type":"ndb","uuid":"ndb-gw"}},{"type":"Feature","geometry":{"type":"Point","coordinates":[-9455931.824269336,5057920.650353519]},"properties":{"name":"GW","freq":"227.000","type":"ndb","uuid":"ndb-gw"}},{"type":"Feature","geometry":{"type":"Point","coordinates":[-7273940.241202722,-1212298.6130416084]},"properties":{"name":"GYA","freq":"250.000","type":"ndb","uuid":"ndb-gya"}},{"type":"Feature","geometry":{"type":"Point","coordinates":[-9443034.13161146,5582242.97590288]},"properties":{"name":"GYG","freq":"359.000","type":"ndb","uuid":"ndb-gyg"}},{"type":"Feature","geometry":{"type":"Point","coordinates":[-11656740.637605079,5196986.61613818]},"properties":{"name":"GYZ","freq":"280.000","type":"ndb","uuid":"ndb-gyz"}},{"type":"Feature","geometry":{"type":"Point","coordinates":[12293193.128292002,2265299.4464387856]},"properties":{"name":"H","freq":"389.000","type":"ndb","uuid":"ndb-h"}},{"type":"Feature","geometry":{"type":"Point","coordinates":[15052655.590277385,6198777.74269094]},"properties":{"name":"H","freq":"950.000","type":"ndb","uuid":"ndb-h"}},{"type":"Feature","geometry":{"type":"Point","coordinates":[5302951.289661712,5286835.974108579]},"properties":{"name":"H","freq":"740.000","type":"ndb","uuid":"ndb-h"}},{"type":"Feature","geometry":{"type":"Point","coordinates":[-10964536.903084503,8698320.127255358]},"properties":{"name":"H2","freq":"314.000","type":"ndb","uuid":"ndb-h2"}},{"type":"Feature","geometry":{"type":"Point","coordinates":[-853263.8969304418,3977110.9895802382]},"properties":{"name":"HA","freq":"301.000","type":"ndb","uuid":"ndb-ha"}},{"type":"Feature","geometry":{"type":"Point","coordinates":[1091496.8220081187,6884480.15467997]},"properties":{"name":"HA","freq":"320.000","type":"ndb","uuid":"ndb-ha"}},{"type":"Feature","geometry":{"type":"Point","coordinates":[14148707.24890299,-360681.63760773995]},"properties":{"name":"HA","freq":"290.000","type":"ndb","uuid":"ndb-ha"}},{"type":"Feature","geometry":{"type":"Point","coordinates":[5417548.582861395,4191093.6702733617]},"properties":{"name":"HAB","freq":"329.000","type":"ndb","uuid":"ndb-hab"}},{"type":"Feature","geometry":{"type":"Point","coordinates":[3886410.7693173066,3824468.3885664362]},"properties":{"name":"HADRA","freq":"00.000","type":"ndb","uuid":"ndb-hadra"}},{"type":"Feature","geometry":{"type":"Point","coordinates":[-10162701.374017324,3722726.3562762826]},"properties":{"name":"HAH","freq":"388.000","type":"ndb","uuid":"ndb-hah"}},{"type":"Feature","geometry":{"type":"Point","coordinates":[5404115.9691281775,4145406.999193991]},"properties":{"name":"HAM","freq":"317.000","type":"ndb","uuid":"ndb-ham"}},{"type":"Feature","geometry":{"type":"Point","coordinates":[810503.266607395,6440196.376433944]},"properties":{"name":"HAN","freq":"376.000","type":"ndb","uuid":"ndb-han"}},{"type":"Feature","geometry":{"type":"Point","coordinates":[3965880.516911394,3859226.509776103]},"properties":{"name":"HAONN","freq":"00.000","type":"ndb","uuid":"ndb-haonn"}},{"type":"Feature","geometry":{"type":"Point","coordinates":[3912447.161330622,3736904.103662621]},"properties":{"name":"HAREL","freq":"00.000","type":"ndb","uuid":"ndb-harel"}},{"type":"Feature","geometry":{"type":"Point","coordinates":[3970580.6731893313,3863380.822631888]},"properties":{"name":"HAROV","freq":"00.000","type":"ndb","uuid":"ndb-harov"}},{"type":"Feature","geometry":{"type":"Point","coordinates":[3880690.184373764,3793137.580625425]},"properties":{"name":"HAROZ","freq":"00.000","type":"ndb","uuid":"ndb-haroz"}},{"type":"Feature","geometry":{"type":"Point","coordinates":[4536763.94127415,4367271.196084666]},"properties":{"name":"HAS","freq":"363.000","type":"ndb","uuid":"ndb-has"}},{"type":"Feature","geometry":{"type":"Point","coordinates":[3904840.3603818305,3861726.2748830398]},"properties":{"name":"HASID","freq":"00.000","type":"ndb","uuid":"ndb-hasid"}},{"type":"Feature","geometry":{"type":"Point","coordinates":[3923826.487056157,3661208.7784533584]},"properties":{"name":"HATRU","freq":"00.000","type":"ndb","uuid":"ndb-hatru"}},{"type":"Feature","geometry":{"type":"Point","coordinates":[-12440850.764153246,5871989.240235738]},"properties":{"name":"HAU","freq":"386.000","type":"ndb","uuid":"ndb-hau"}},{"type":"Feature","geometry":{"type":"Point","coordinates":[457090.1671074109,6977861.383925607]},"properties":{"name":"HAVE","freq":"289.000","type":"ndb","uuid":"ndb-have"}},{"type":"Feature","geometry":{"type":"Point","coordinates":[5222065.650910977,2625865.6127165575]},"properties":{"name":"HAW","freq":"405.000","type":"ndb","uuid":"ndb-haw"}},{"type":"Feature","geometry":{"type":"Point","coordinates":[3922496.868504874,3603346.9806878613]},"properties":{"name":"HAZVA","freq":"00.000","type":"ndb","uuid":"ndb-hazva"}},{"type":"Feature","geometry":{"type":"Point","coordinates":[-8859344.080118716,4297610.982445513]},"properties":{"name":"HB","freq":"361.000","type":"ndb","uuid":"ndb-hb"}},{"type":"Feature","geometry":{"type":"Point","coordinates":[-653657.7838072849,7288680.793788956]},"properties":{"name":"HB","freq":"420.000","type":"ndb","uuid":"ndb-hb"}},{"type":"Feature","geometry":{"type":"Point","coordinates":[-5977763.920278544,10137801.519735582]},"properties":{"name":"HB","freq":"328.000","type":"ndb","uuid":"ndb-hb"}},{"type":"Feature","geometry":{"type":"Point","coordinates":[-17868825.87066523,7423373.238302405]},"properties":{"name":"HBT","freq":"390.000","type":"ndb","uuid":"ndb-hbt"}},{"type":"Feature","geometry":{"type":"Point","coordinates":[5300990.829740521,5289965.267526597]},"properties":{"name":"HC","freq":"365.000","type":"ndb","uuid":"ndb-hc"}},{"type":"Feature","geometry":{"type":"Point","coordinates":[7751745.0792998355,4896348.126553265]},"properties":{"name":"HD","freq":"655.000","type":"ndb","uuid":"ndb-hd"}},{"type":"Feature","geometry":{"type":"Point","coordinates":[5012129.119964286,7559798.112162608]},"properties":{"name":"HD","freq":"564.000","type":"ndb","uuid":"ndb-hd"}},{"type":"Feature","geometry":{"type":"Point","coordinates":[560307.82536075,7467114.621474619]},"properties":{"name":"HDY","freq":"427.000","type":"ndb","uuid":"ndb-hdy"}},{"type":"Feature","geometry":{"type":"Point","coordinates":[1002335.2594026807,8313161.057956003]},"properties":{"name":"HE","freq":"324.000","type":"ndb","uuid":"ndb-he"}},{"type":"Feature","geometry":{"type":"Point","coordinates":[3614605.7411412257,5883104.273448647]},"properties":{"name":"HE","freq":"999.999","type":"ndb","uuid":"ndb-he"}},{"type":"Feature","geometry":{"type":"Point","coordinates":[814397.5625382322,9694652.059508784]},"properties":{"name":"HEI","freq":"340.000","type":"ndb","uuid":"ndb-hei"}},{"type":"Feature","geometry":{"type":"Point","coordinates":[-9527422.994737461,4298969.475401277]},"properties":{"name":"HEM","freq":"233.000","type":"ndb","uuid":"ndb-hem"}},{"type":"Feature","geometry":{"type":"Point","coordinates":[2803037.7963706353,4209690.219560902]},"properties":{"name":"HER","freq":"431.000","type":"ndb","uuid":"ndb-her"}},{"type":"Feature","geometry":{"type":"Point","coordinates":[-10688217.220193056,4218994.266873943]},"properties":{"name":"HET","freq":"267.000","type":"ndb","uuid":"ndb-het"}},{"type":"Feature","geometry":{"type":"Point","coordinates":[-8230238.335681261,5289802.491029462]},"properties":{"name":"HEU","freq":"356.000","type":"ndb","uuid":"ndb-heu"}},{"type":"Feature","geometry":{"type":"Point","coordinates":[1320187.254802511,6311989.4255142985]},"properties":{"name":"HFX","freq":"286.000","type":"ndb","uuid":"ndb-hfx"}},{"type":"Feature","geometry":{"type":"Point","coordinates":[12880221.651313636,4539477.3135675015]},"properties":{"name":"HG","freq":"350.000","type":"ndb","uuid":"ndb-hg"}},{"type":"Feature","geometry":{"type":"Point","coordinates":[12730022.622399662,3623034.4552767486]},"properties":{"name":"HG","freq":"254.000","type":"ndb","uuid":"ndb-hg"}},{"type":"Feature","geometry":{"type":"Point","coordinates":[3966437.11436536,3925022.313125401]},"properties":{"name":"HGSRM","freq":"00.000","type":"ndb","uuid":"ndb-hgsrm"}},{"type":"Feature","geometry":{"type":"Point","coordinates":[-13490716.353916578,4295279.318249758]},"properties":{"name":"HGT","freq":"209.000","type":"ndb","uuid":"ndb-hgt"}},{"type":"Feature","geometry":{"type":"Point","coordinates":[-11013868.135429543,3393263.4803688442]},"properties":{"name":"HHH","freq":"359.000","type":"ndb","uuid":"ndb-hhh"}},{"type":"Feature","geometry":{"type":"Point","coordinates":[-18096584.311945032,10127985.688550653]},"properties":{"name":"HHM","freq":"356.000","type":"ndb","uuid":"ndb-hhm"}},{"type":"Feature","geometry":{"type":"Point","coordinates":[-8427429.001386689,4192139.2834387897]},"properties":{"name":"HI","freq":"306.000","type":"ndb","uuid":"ndb-hi"}},{"type":"Feature","geometry":{"type":"Point","coordinates":[-13112322.820539692,11321456.004877556]},"properties":{"name":"HI","freq":"361.000","type":"ndb","uuid":"ndb-hi"}},{"type":"Feature","geometry":{"type":"Point","coordinates":[15055528.189737305,6201950.084980014]},"properties":{"name":"HI","freq":"469.000","type":"ndb","uuid":"ndb-hi"}},{"type":"Feature","geometry":{"type":"Point","coordinates":[15839935.755780457,-1185875.632505758]},"properties":{"name":"HID","freq":"356.000","type":"ndb","uuid":"ndb-hid"}},{"type":"Feature","geometry":{"type":"Point","coordinates":[-1991103.7032415771,3225816.35499829]},"properties":{"name":"HIE","freq":"376.000","type":"ndb","uuid":"ndb-hie"}},{"type":"Feature","geometry":{"type":"Point","coordinates":[991720.2965918457,6992128.9332974395]},"properties":{"name":"HIG","freq":"318.000","type":"ndb","uuid":"ndb-hig"}},{"type":"Feature","geometry":{"type":"Point","coordinates":[-199917.43663240896,5370953.309627198]},"properties":{"name":"HIG","freq":"328.000","type":"ndb","uuid":"ndb-hig"}},{"type":"Feature","geometry":{"type":"Point","coordinates":[-7766296.9795908965,2097819.6017982927]},"properties":{"name":"HIJ","freq":"220.000","type":"ndb","uuid":"ndb-hij"}},{"type":"Feature","geometry":{"type":"Point","coordinates":[-11476343.07368327,5285955.098401477]},"properties":{"name":"HIN","freq":"275.000","type":"ndb","uuid":"ndb-hin"}},{"type":"Feature","geometry":{"type":"Point","coordinates":[-2025080.8546760655,9836366.247964343]},"properties":{"name":"HJ","freq":"319.000","type":"ndb","uuid":"ndb-hj"}},{"type":"Feature","geometry":{"type":"Point","coordinates":[2463773.373228396,11230034.286782123]},"properties":{"name":"HK","freq":"386.000","type":"ndb","uuid":"ndb-hk"}},{"type":"Feature","geometry":{"type":"Point","coordinates":[19030759.23465453,-5270864.787976803]},"properties":{"name":"HK","freq":"310.000","type":"ndb","uuid":"ndb-hk"}},{"type":"Feature","geometry":{"type":"Point","coordinates":[-9050865.460612606,4271287.121024669]},"properties":{"name":"HK","freq":"332.000","type":"ndb","uuid":"ndb-hk"}},{"type":"Feature","geometry":{"type":"Point","coordinates":[-565684.2166231766,3399574.4817392277]},"properties":{"name":"HKI","freq":"419.000","type":"ndb","uuid":"ndb-hki"}},{"type":"Feature","geometry":{"type":"Point","coordinates":[1632350.051170786,10517954.28969055]},"properties":{"name":"HL","freq":"258.500","type":"ndb","uuid":"ndb-hl"}},{"type":"Feature","geometry":{"type":"Point","coordinates":[18942339.492766906,-5771681.134535422]},"properties":{"name":"HL","freq":"378.000","type":"ndb","uuid":"ndb-hl"}},{"type":"Feature","geometry":{"type":"Point","coordinates":[10565689.74292383,2862856.649359435]},"properties":{"name":"HL","freq":"255.000","type":"ndb","uuid":"ndb-hl"}},{"type":"Feature","geometry":{"type":"Point","coordinates":[18435775.480677918,-2422775.2294511017]},"properties":{"name":"HL","freq":"284.000","type":"ndb","uuid":"ndb-hl"}},{"type":"Feature","geometry":{"type":"Point","coordinates":[13439645.414385006,2822238.4910589876]},"properties":{"name":"HL","freq":"362.000","type":"ndb","uuid":"ndb-hl"}},{"type":"Feature","geometry":{"type":"Point","coordinates":[14212431.442043904,-2064851.8835638708]},"properties":{"name":"HLC","freq":"245.000","type":"ndb","uuid":"ndb-hlc"}},{"type":"Feature","geometry":{"type":"Point","coordinates":[-12717549.273456277,5362302.857224759]},"properties":{"name":"HLE","freq":"220.000","type":"ndb","uuid":"ndb-hle"}},{"type":"Feature","geometry":{"type":"Point","coordinates":[2893855.5765445116,11404807.620581552]},"properties":{"name":"HLN","freq":"308.500","type":"ndb","uuid":"ndb-hln"}},{"type":"Feature","geometry":{"type":"Point","coordinates":[6264844.518202086,2269477.3206918817]},"properties":{"name":"HMA","freq":"288.000","type":"ndb","uuid":"ndb-hma"}},{"type":"Feature","geometry":{"type":"Point","coordinates":[-107857.76385041053,4213310.13254052]},"properties":{"name":"HMB","freq":"432.000","type":"ndb","uuid":"ndb-hmb"}},{"type":"Feature","geometry":{"type":"Point","coordinates":[683316.0791418827,3717309.568267704]},"properties":{"name":"HMD","freq":"390.000","type":"ndb","uuid":"ndb-hmd"}},{"type":"Feature","geometry":{"type":"Point","coordinates":[15813809.62788873,-4529998.315554375]},"properties":{"name":"HML","freq":"203.000","type":"ndb","uuid":"ndb-hml"}},{"type":"Feature","geometry":{"type":"Point","coordinates":[12765729.585954838,6128074.0333714355]},"properties":{"name":"HN","freq":"450.000","type":"ndb","uuid":"ndb-hn"}},{"type":"Feature","geometry":{"type":"Point","coordinates":[-17593934.200386096,2430638.9043294005]},"properties":{"name":"HN","freq":"242.000","type":"ndb","uuid":"ndb-hn"}},{"type":"Feature","geometry":{"type":"Point","coordinates":[-17593925.17113851,2430640.2321205717]},"properties":{"name":"HN","freq":"242.000","type":"ndb","uuid":"ndb-hn"}},{"type":"Feature","geometry":{"type":"Point","coordinates":[17817202.137095626,-1053847.368735739]},"properties":{"name":"HN","freq":"348.000","type":"ndb","uuid":"ndb-hn"}},{"type":"Feature","geometry":{"type":"Point","coordinates":[670334.1238138942,8897923.045160118]},"properties":{"name":"HN","freq":"389.000","type":"ndb","uuid":"ndb-hn"}},{"type":"Feature","geometry":{"type":"Point","coordinates":[11125965.65669722,1419203.0453718835]},"properties":{"name":"HN","freq":"213.000","type":"ndb","uuid":"ndb-hn"}},{"type":"Feature","geometry":{"type":"Point","coordinates":[3919280.972104179,3741052.5090434337]},"properties":{"name":"HNINA","freq":"00.000","type":"ndb","uuid":"ndb-hnina"}},{"type":"Feature","geometry":{"type":"Point","coordinates":[-10946801.265356753,5534390.838037586]},"properties":{"name":"HO","freq":"302.000","type":"ndb","uuid":"ndb-ho"}},{"type":"Feature","geometry":{"type":"Point","coordinates":[11996715.928462274,4192456.052207634]},"properties":{"name":"HO","freq":"375.000","type":"ndb","uuid":"ndb-ho"}},{"type":"Feature","geometry":{"type":"Point","coordinates":[819991.7070934827,6129134.937225508]},"properties":{"name":"HO","freq":"380.000","type":"ndb","uuid":"ndb-ho"}},{"type":"Feature","geometry":{"type":"Point","coordinates":[-10373827.137268575,4085683.0616381182]},"properties":{"name":"HO","freq":"385.000","type":"ndb","uuid":"ndb-ho"}},{"type":"Feature","geometry":{"type":"Point","coordinates":[462031.546537482,6969260.135569622]},"properties":{"name":"HO","freq":"358.000","type":"ndb","uuid":"ndb-ho"}},{"type":"Feature","geometry":{"type":"Point","coordinates":[3857498.654713912,3721741.933689324]},"properties":{"name":"HODYA","freq":"00.000","type":"ndb","uuid":"ndb-hodya"}},{"type":"Feature","geometry":{"type":"Point","coordinates":[202657.13298915455,6229269.958115776]},"properties":{"name":"HOL","freq":"315.000","type":"ndb","uuid":"ndb-hol"}},{"type":"Feature","geometry":{"type":"Point","coordinates":[3824968.6257376564,3631991.597178966]},"properties":{"name":"HOLOT","freq":"00.000","type":"ndb","uuid":"ndb-holot"}},{"type":"Feature","geometry":{"type":"Point","coordinates":[3920641.5127362385,3728066.2684052256]},"properties":{"name":"HOMMA","freq":"00.000","type":"ndb","uuid":"ndb-homma"}},{"type":"Feature","geometry":{"type":"Point","coordinates":[1458052.764422368,6758714.274087937]},"properties":{"name":"HON","freq":"406.000","type":"ndb","uuid":"ndb-hon"}},{"type":"Feature","geometry":{"type":"Point","coordinates":[1775545.8472306326,3392627.2798932805]},"properties":{"name":"HON","freq":"397.000","type":"ndb","uuid":"ndb-hon"}},{"type":"Feature","geometry":{"type":"Point","coordinates":[14542464.449035464,-2076322.5975108417]},"properties":{"name":"HOO","freq":"398.000","type":"ndb","uuid":"ndb-hoo"}},{"type":"Feature","geometry":{"type":"Point","coordinates":[3889162.8345063627,3862682.2074805815]},"properties":{"name":"HOTRM","freq":"00.000","type":"ndb","uuid":"ndb-hotrm"}},{"type":"Feature","geometry":{"type":"Point","coordinates":[3874474.8461378054,3650366.153992835]},"properties":{"name":"HOVAV","freq":"00.000","type":"ndb","uuid":"ndb-hovav"}},{"type":"Feature","geometry":{"type":"Point","coordinates":[-10065638.477643702,3581730.994918252]},"properties":{"name":"HP","freq":"212.000","type":"ndb","uuid":"ndb-hp"}},{"type":"Feature","geometry":{"type":"Point","coordinates":[-10425158.471642364,3991014.5296048378]},"properties":{"name":"HPC","freq":"362.000","type":"ndb","uuid":"ndb-hpc"}},{"type":"Feature","geometry":{"type":"Point","coordinates":[-8758035.86035329,4222881.98091496]},"properties":{"name":"HQT","freq":"417.000","type":"ndb","uuid":"ndb-hqt"}},{"type":"Feature","geometry":{"type":"Point","coordinates":[749430.6109709352,6034239.183377874]},"properties":{"name":"HR","freq":"289.000","type":"ndb","uuid":"ndb-hr"}},{"type":"Feature","geometry":{"type":"Point","coordinates":[15045868.100780834,6191909.212965491]},"properties":{"name":"HR","freq":"258.000","type":"ndb","uuid":"ndb-hr"}},{"type":"Feature","geometry":{"type":"Point","coordinates":[3890616.2032249114,3583855.9495984004]},"properties":{"name":"HRGVS","freq":"00.000","type":"ndb","uuid":"ndb-hrgvs"}},{"type":"Feature","geometry":{"type":"Point","coordinates":[364076.6099776372,3885868.9521080153]},"properties":{"name":"HRM","freq":"331.000","type":"ndb","uuid":"ndb-hrm"}},{"type":"Feature","geometry":{"type":"Point","coordinates":[6927588.106081676,4057221.8305194634]},"properties":{"name":"HRT","freq":"412.000","type":"ndb","uuid":"ndb-hrt"}},{"type":"Feature","geometry":{"type":"Point","coordinates":[-10776954.87199314,4677742.566172335]},"properties":{"name":"HRU","freq":"407.000","type":"ndb","uuid":"ndb-hru"}},{"type":"Feature","geometry":{"type":"Point","coordinates":[5739645.283211415,3886358.8698192434]},"properties":{"name":"HSA","freq":"230.000","type":"ndb","uuid":"ndb-hsa"}},{"type":"Feature","geometry":{"type":"Point","coordinates":[-3187021.3616660256,4653127.264428407]},"properties":{"name":"HT","freq":"360.000","type":"ndb","uuid":"ndb-ht"}},{"type":"Feature","geometry":{"type":"Point","coordinates":[3877505.2100538453,3666705.9858645843]},"properties":{"name":"HTIVA","freq":"00.000","type":"ndb","uuid":"ndb-htiva"}},{"type":"Feature","geometry":{"type":"Point","coordinates":[2338046.3573392024,11044797.175990118]},"properties":{"name":"HTK","freq":"378.000","type":"ndb","uuid":"ndb-htk"}},{"type":"Feature","geometry":{"type":"Point","coordinates":[3871506.3263833188,3782432.25740682]},"properties":{"name":"HTZUK","freq":"00.000","type":"ndb","uuid":"ndb-htzuk"}},{"type":"Feature","geometry":{"type":"Point","coordinates":[-10901170.725794815,4596903.764598895]},"properties":{"name":"HU","freq":"404.000","type":"ndb","uuid":"ndb-hu"}},{"type":"Feature","geometry":{"type":"Point","coordinates":[-9729069.90334767,4777376.251489184]},"properties":{"name":"HU","freq":"245.000","type":"ndb","uuid":"ndb-hu"}},{"type":"Feature","geometry":{"type":"Point","coordinates":[16055502.826571476,-2370502.478611845]},"properties":{"name":"HUG","freq":"371.000","type":"ndb","uuid":"ndb-hug"}},{"type":"Feature","geometry":{"type":"Point","coordinates":[3966251.5818807045,3901094.0037908466]},"properties":{"name":"HULAT","freq":"00.000","type":"ndb","uuid":"ndb-hulat"}},{"type":"Feature","geometry":{"type":"Point","coordinates":[7765125.125495734,4898239.152934006]},"properties":{"name":"HV","freq":"655.000","type":"ndb","uuid":"ndb-hv"}},{"type":"Feature","geometry":{"type":"Point","coordinates":[-8918892.555471648,4083520.686391637]},"properties":{"name":"HVS","freq":"341.000","type":"ndb","uuid":"ndb-hvs"}},{"type":"Feature","geometry":{"type":"Point","coordinates":[-9337010.449138112,4772426.295007447]},"properties":{"name":"HW","freq":"299.000","type":"ndb","uuid":"ndb-hw"}},{"type":"Feature","geometry":{"type":"Point","coordinates":[1062705.2725976694,6885286.162894386]},"properties":{"name":"HW","freq":"358.000","type":"ndb","uuid":"ndb-hw"}},{"type":"Feature","geometry":{"type":"Point","coordinates":[8846989.719342155,3379592.1968996744]},"properties":{"name":"HW","freq":"400.000","type":"ndb","uuid":"ndb-hw"}},{"type":"Feature","geometry":{"type":"Point","coordinates":[475548.1755641666,7627227.223539862]},"properties":{"name":"HWB","freq":"336.000","type":"ndb","uuid":"ndb-hwb"}},{"type":"Feature","geometry":{"type":"Point","coordinates":[499762.60765608505,7070828.389607611]},"properties":{"name":"HX","freq":"323.000","type":"ndb","uuid":"ndb-hx"}},{"type":"Feature","geometry":{"type":"Point","coordinates":[-8751772.592892129,4342148.599135981]},"properties":{"name":"HXO","freq":"271.000","type":"ndb","uuid":"ndb-hxo"}},{"type":"Feature","geometry":{"type":"Point","coordinates":[-7814955.409302414,5118552.357101638]},"properties":{"name":"HY","freq":"342.000","type":"ndb","uuid":"ndb-hy"}},{"type":"Feature","geometry":{"type":"Point","coordinates":[17676792.94618906,6983049.301925739]},"properties":{"name":"HY","freq":"710.000","type":"ndb","uuid":"ndb-hy"}},{"type":"Feature","geometry":{"type":"Point","coordinates":[-11048602.042946862,4688669.133789862]},"properties":{"name":"HY","freq":"374.000","type":"ndb","uuid":"ndb-hy"}},{"type":"Feature","geometry":{"type":"Point","coordinates":[-11307944.854128633,5990952.398351781]},"properties":{"name":"HZE","freq":"414.000","type":"ndb","uuid":"ndb-hze"}},{"type":"Feature","geometry":{"type":"Point","coordinates":[7425149.185274839,9274930.335695824]},"properties":{"name":"I","freq":"387.000","type":"ndb","uuid":"ndb-i"}},{"type":"Feature","geometry":{"type":"Point","coordinates":[9483199.193396261,7631433.853899355]},"properties":{"name":"I","freq":"770.000","type":"ndb","uuid":"ndb-i"}},{"type":"Feature","geometry":{"type":"Point","coordinates":[3440566.9629880944,6510407.696668291]},"properties":{"name":"I","freq":"640.000","type":"ndb","uuid":"ndb-i"}},{"type":"Feature","geometry":{"type":"Point","coordinates":[3182945.8314197604,6318653.074148905]},"properties":{"name":"I","freq":"842.000","type":"ndb","uuid":"ndb-i"}},{"type":"Feature","geometry":{"type":"Point","coordinates":[11624714.020103853,6847011.360052594]},"properties":{"name":"I","freq":"545.000","type":"ndb","uuid":"ndb-i"}},{"type":"Feature","geometry":{"type":"Point","coordinates":[3733865.991355671,10293017.5457742]},"properties":{"name":"I","freq":"595.000","type":"ndb","uuid":"ndb-i"}},{"type":"Feature","geometry":{"type":"Point","coordinates":[12785739.264424928,8564772.017806739]},"properties":{"name":"I","freq":"330.000","type":"ndb","uuid":"ndb-i"}},{"type":"Feature","geometry":{"type":"Point","coordinates":[4402456.975632066,6925187.427191962]},"properties":{"name":"I","freq":"400.000","type":"ndb","uuid":"ndb-i"}},{"type":"Feature","geometry":{"type":"Point","coordinates":[5332175.748203025,7695955.418080578]},"properties":{"name":"I","freq":"297.000","type":"ndb","uuid":"ndb-i"}},{"type":"Feature","geometry":{"type":"Point","coordinates":[12709562.656589314,7933374.785664089]},"properties":{"name":"IA","freq":"405.000","type":"ndb","uuid":"ndb-ia"}},{"type":"Feature","geometry":{"type":"Point","coordinates":[5282656.16946398,-2130623.26096813]},"properties":{"name":"IA","freq":"364.000","type":"ndb","uuid":"ndb-ia"}},{"type":"Feature","geometry":{"type":"Point","coordinates":[-8776239.41100734,5328594.402181401]},"properties":{"name":"IA","freq":"329.000","type":"ndb","uuid":"ndb-ia"}},{"type":"Feature","geometry":{"type":"Point","coordinates":[3873299.807068321,3752850.3899490144]},"properties":{"name":"IANES","freq":"00.000","type":"ndb","uuid":"ndb-ianes"}},{"type":"Feature","geometry":{"type":"Point","coordinates":[444330.1704752319,823594.4740257391]},"properties":{"name":"IB","freq":"400.000","type":"ndb","uuid":"ndb-ib"}},{"type":"Feature","geometry":{"type":"Point","coordinates":[-10848731.57695515,4520004.718508077]},"properties":{"name":"IC","freq":"332.000","type":"ndb","uuid":"ndb-ic"}},{"type":"Feature","geometry":{"type":"Point","coordinates":[-16595162.123273304,9489709.589402344]},"properties":{"name":"ICW","freq":"525.000","type":"ndb","uuid":"ndb-icw"}},{"type":"Feature","geometry":{"type":"Point","coordinates":[7744410.361739788,4840318.698921302]},"properties":{"name":"IF","freq":"375.000","type":"ndb","uuid":"ndb-if"}},{"type":"Feature","geometry":{"type":"Point","coordinates":[5775344.887311364,3862035.106170185]},"properties":{"name":"IFN","freq":"337.000","type":"ndb","uuid":"ndb-ifn"}},{"type":"Feature","geometry":{"type":"Point","coordinates":[-574436.3714439092,3961875.013138157]},"properties":{"name":"IFN","freq":"409.000","type":"ndb","uuid":"ndb-ifn"}},{"type":"Feature","geometry":{"type":"Point","coordinates":[12791008.32514498,8568023.897728762]},"properties":{"name":"IG","freq":"678.000","type":"ndb","uuid":"ndb-ig"}},{"type":"Feature","geometry":{"type":"Point","coordinates":[640364.1339050753,2221564.5628180085]},"properties":{"name":"IGZ","freq":"435.000","type":"ndb","uuid":"ndb-igz"}},{"type":"Feature","geometry":{"type":"Point","coordinates":[-11661073.192186752,4675725.50830332]},"properties":{"name":"IHS","freq":"335.000","type":"ndb","uuid":"ndb-ihs"}},{"type":"Feature","geometry":{"type":"Point","coordinates":[-9734803.506487217,5583180.545491739]},"properties":{"name":"II","freq":"224.000","type":"ndb","uuid":"ndb-ii"}},{"type":"Feature","geometry":{"type":"Point","coordinates":[14988612.837860318,6084977.986733075]},"properties":{"name":"IJ","freq":"394.000","type":"ndb","uuid":"ndb-ij"}},{"type":"Feature","geometry":{"type":"Point","coordinates":[2545781.7927321037,9020872.015313393]},"properties":{"name":"IJ","freq":"382.000","type":"ndb","uuid":"ndb-ij"}},{"type":"Feature","geometry":{"type":"Point","coordinates":[-9785402.791520715,5014971.202902246]},"properties":{"name":"IK","freq":"272.000","type":"ndb","uuid":"ndb-ik"}},{"type":"Feature","geometry":{"type":"Point","coordinates":[2932794.5778265446,4534706.984551594]},"properties":{"name":"IKA","freq":"322.000","type":"ndb","uuid":"ndb-ika"}},{"type":"Feature","geometry":{"type":"Point","coordinates":[3870609.616962898,3756931.353507506]},"properties":{"name":"IKKEA","freq":"00.000","type":"ndb","uuid":"ndb-ikkea"}},{"type":"Feature","geometry":{"type":"Point","coordinates":[-9321691.650321728,4792542.373498759]},"properties":{"name":"IL","freq":"407.000","type":"ndb","uuid":"ndb-il"}},{"type":"Feature","geometry":{"type":"Point","coordinates":[-8668038.412060317,4054526.9671890386]},"properties":{"name":"IL","freq":"281.000","type":"ndb","uuid":"ndb-il"}},{"type":"Feature","geometry":{"type":"Point","coordinates":[-8417305.514127703,4805277.5282005025]},"properties":{"name":"IL","freq":"248.000","type":"ndb","uuid":"ndb-il"}},{"type":"Feature","geometry":{"type":"Point","coordinates":[498309.33170377876,941267.9693982418]},"properties":{"name":"IL","freq":"391.000","type":"ndb","uuid":"ndb-il"}},{"type":"Feature","geometry":{"type":"Point","coordinates":[-10876818.381222636,3635878.588972523]},"properties":{"name":"IL","freq":"278.000","type":"ndb","uuid":"ndb-il"}},{"type":"Feature","geometry":{"type":"Point","coordinates":[3184018.827622685,-2274291.2920220853]},"properties":{"name":"IL","freq":"226.000","type":"ndb","uuid":"ndb-il"}},{"type":"Feature","geometry":{"type":"Point","coordinates":[-17244462.120081004,8343862.496592604]},"properties":{"name":"ILI","freq":"411.000","type":"ndb","uuid":"ndb-ili"}},{"type":"Feature","geometry":{"type":"Point","coordinates":[1156422.709052145,6355331.68982543]},"properties":{"name":"ILM","freq":"488.000","type":"ndb","uuid":"ndb-ilm"}},{"type":"Feature","geometry":{"type":"Point","coordinates":[-6483278.065881029,-4124653.5794582535]},"properties":{"name":"ILM","freq":"210.000","type":"ndb","uuid":"ndb-ilm"}},{"type":"Feature","geometry":{"type":"Point","coordinates":[-9193591.983174598,4236533.500713641]},"properties":{"name":"IM","freq":"357.000","type":"ndb","uuid":"ndb-im"}},{"type":"Feature","geometry":{"type":"Point","coordinates":[10201330.47420582,6095692.529087848]},"properties":{"name":"IM","freq":"450.000","type":"ndb","uuid":"ndb-im"}},{"type":"Feature","geometry":{"type":"Point","coordinates":[11882647.526532186,6083641.433505675]},"properties":{"name":"IM","freq":"450.000","type":"ndb","uuid":"ndb-im"}},{"type":"Feature","geometry":{"type":"Point","coordinates":[3941266.571535851,-2738183.6959814243]},"properties":{"name":"IN","freq":"400.000","type":"ndb","uuid":"ndb-in"}},{"type":"Feature","geometry":{"type":"Point","coordinates":[4154845.352532976,7286326.450898423]},"properties":{"name":"IN","freq":"999.999","type":"ndb","uuid":"ndb-in"}},{"type":"Feature","geometry":{"type":"Point","coordinates":[1001634.503208137,1550076.733130069]},"properties":{"name":"IN","freq":"264.000","type":"ndb","uuid":"ndb-in"}},{"type":"Feature","geometry":{"type":"Point","coordinates":[1269249.001919548,5979700.161392471]},"properties":{"name":"INN","freq":"420.000","type":"ndb","uuid":"ndb-inn"}},{"type":"Feature","geometry":{"type":"Point","coordinates":[2034363.6633249938,-217114.92541003376]},"properties":{"name":"INO","freq":"385.000","type":"ndb","uuid":"ndb-ino"}},{"type":"Feature","geometry":{"type":"Point","coordinates":[9480249.226890238,7626963.482652406]},"properties":{"name":"IO","freq":"380.000","type":"ndb","uuid":"ndb-io"}},{"type":"Feature","geometry":{"type":"Point","coordinates":[5275752.598476192,-2129531.3508252245]},"properties":{"name":"IO","freq":"305.000","type":"ndb","uuid":"ndb-io"}},{"type":"Feature","geometry":{"type":"Point","coordinates":[3727678.513914493,10298056.335183132]},"properties":{"name":"IO","freq":"999.999","type":"ndb","uuid":"ndb-io"}},{"type":"Feature","geometry":{"type":"Point","coordinates":[5332815.866197167,7690704.394624884]},"properties":{"name":"IO","freq":"610.000","type":"ndb","uuid":"ndb-io"}},{"type":"Feature","geometry":{"type":"Point","coordinates":[2317777.211689321,4821440.061791272]},"properties":{"name":"IOA","freq":"340.000","type":"ndb","uuid":"ndb-ioa"}},{"type":"Feature","geometry":{"type":"Point","coordinates":[3377965.2104572654,4557153.226531052]},"properties":{"name":"IPT","freq":"349.000","type":"ndb","uuid":"ndb-ipt"}},{"type":"Feature","geometry":{"type":"Point","coordinates":[3979966.112224356,-857120.950803812]},"properties":{"name":"IR","freq":"397.000","type":"ndb","uuid":"ndb-ir"}},{"type":"Feature","geometry":{"type":"Point","coordinates":[11629268.904446308,6845051.445888662]},"properties":{"name":"IR","freq":"514.000","type":"ndb","uuid":"ndb-ir"}},{"type":"Feature","geometry":{"type":"Point","coordinates":[3069263.924577289,316648.35156340094]},"properties":{"name":"IRO","freq":"405.000","type":"ndb","uuid":"ndb-iro"}},{"type":"Feature","geometry":{"type":"Point","coordinates":[-9510445.535508256,5133030.270876434]},"properties":{"name":"IRS","freq":"382.000","type":"ndb","uuid":"ndb-irs"}},{"type":"Feature","geometry":{"type":"Point","coordinates":[-8649345.086568857,4197072.3685378255]},"properties":{"name":"IS","freq":"276.000","type":"ndb","uuid":"ndb-is"}},{"type":"Feature","geometry":{"type":"Point","coordinates":[3070157.47994547,5980398.359834268]},"properties":{"name":"ISI","freq":"351.000","type":"ndb","uuid":"ndb-isi"}},{"type":"Feature","geometry":{"type":"Point","coordinates":[6759047.397578823,3152591.3653934365]},"properties":{"name":"ISR","freq":"309.000","type":"ndb","uuid":"ndb-isr"}},{"type":"Feature","geometry":{"type":"Point","coordinates":[-11386185.418089796,4757005.966338845]},"properties":{"name":"ITR","freq":"209.000","type":"ndb","uuid":"ndb-itr"}},{"type":"Feature","geometry":{"type":"Point","coordinates":[-6080486.979849872,-2926017.322829706]},"properties":{"name":"ITU","freq":"225.000","type":"ndb","uuid":"ndb-itu"}},{"type":"Feature","geometry":{"type":"Point","coordinates":[7425347.086591804,9280767.973781433]},"properties":{"name":"IU","freq":"785.000","type":"ndb","uuid":"ndb-iu"}},{"type":"Feature","geometry":{"type":"Point","coordinates":[16824825.364728905,-3488735.4853832168]},"properties":{"name":"IVL","freq":"260.000","type":"ndb","uuid":"ndb-ivl"}},{"type":"Feature","geometry":{"type":"Point","coordinates":[163686.0655093568,4709570.876236739]},"properties":{"name":"IZA","freq":"394.000","type":"ndb","uuid":"ndb-iza"}},{"type":"Feature","geometry":{"type":"Point","coordinates":[1444215.7517167644,3690821.662904774]},"properties":{"name":"IZD","freq":"378.000","type":"ndb","uuid":"ndb-izd"}},{"type":"Feature","geometry":{"type":"Point","coordinates":[-10100388.402798861,1566569.099645741]},"properties":{"name":"IZP","freq":"400.000","type":"ndb","uuid":"ndb-izp"}},{"type":"Feature","geometry":{"type":"Point","coordinates":[14407021.035080705,5293664.544143843]},"properties":{"name":"J","freq":"437.000","type":"ndb","uuid":"ndb-j"}},{"type":"Feature","geometry":{"type":"Point","coordinates":[7320985.06397311,4696345.849097237]},"properties":{"name":"J","freq":"301.000","type":"ndb","uuid":"ndb-j"}},{"type":"Feature","geometry":{"type":"Point","coordinates":[12249266.797367863,2899648.722845258]},"properties":{"name":"J","freq":"316.000","type":"ndb","uuid":"ndb-j"}},{"type":"Feature","geometry":{"type":"Point","coordinates":[8510319.411400368,8610207.047797443]},"properties":{"name":"J","freq":"915.000","type":"ndb","uuid":"ndb-j"}},{"type":"Feature","geometry":{"type":"Point","coordinates":[15935737.649700038,6763958.356626794]},"properties":{"name":"J","freq":"475.000","type":"ndb","uuid":"ndb-j"}},{"type":"Feature","geometry":{"type":"Point","coordinates":[12630093.001761468,4877117.780614184]},"properties":{"name":"J","freq":"305.000","type":"ndb","uuid":"ndb-j"}},{"type":"Feature","geometry":{"type":"Point","coordinates":[-12362957.053172145,7811046.033993396]},"properties":{"name":"J4","freq":"299.000","type":"ndb","uuid":"ndb-j4"}},{"type":"Feature","geometry":{"type":"Point","coordinates":[14398176.70153718,5292411.346794428]},"properties":{"name":"JA","freq":"332.000","type":"ndb","uuid":"ndb-ja"}},{"type":"Feature","geometry":{"type":"Point","coordinates":[-9106117.993127506,3563467.8078657044]},"properties":{"name":"JA","freq":"344.000","type":"ndb","uuid":"ndb-ja"}},{"type":"Feature","geometry":{"type":"Point","coordinates":[-9106117.683906699,3563467.8078657044]},"properties":{"name":"JA","freq":"344.000","type":"ndb","uuid":"ndb-ja"}},{"type":"Feature","geometry":{"type":"Point","coordinates":[12419609.459205851,3566102.997686011]},"properties":{"name":"JA","freq":"436.000","type":"ndb","uuid":"ndb-ja"}},{"type":"Feature","geometry":{"type":"Point","coordinates":[250914.13224803863,7729317.947510662]},"properties":{"name":"JAD","freq":"347.000","type":"ndb","uuid":"ndb-jad"}},{"type":"Feature","geometry":{"type":"Point","coordinates":[-8809659.06824752,4102329.764836137]},"properties":{"name":"JB","freq":"384.000","type":"ndb","uuid":"ndb-jb"}},{"type":"Feature","geometry":{"type":"Point","coordinates":[12935139.235849572,4727880.523275398]},"properties":{"name":"JB","freq":"403.000","type":"ndb","uuid":"ndb-jb"}},{"type":"Feature","geometry":{"type":"Point","coordinates":[7715986.8160126535,4656546.568854771]},"properties":{"name":"JD","freq":"475.000","type":"ndb","uuid":"ndb-jd"}},{"type":"Feature","geometry":{"type":"Point","coordinates":[-9989584.444936281,4647173.827212188]},"properties":{"name":"JD","freq":"385.000","type":"ndb","uuid":"ndb-jd"}},{"type":"Feature","geometry":{"type":"Point","coordinates":[5858188.202996022,2776984.30877565]},"properties":{"name":"JD","freq":"302.500","type":"ndb","uuid":"ndb-jd"}},{"type":"Feature","geometry":{"type":"Point","coordinates":[15937302.245143136,6767494.329712343]},"properties":{"name":"JD","freq":"750.000","type":"ndb","uuid":"ndb-jd"}},{"type":"Feature","geometry":{"type":"Point","coordinates":[260153.64998388037,7698399.251835922]},"properties":{"name":"JDY","freq":"331.000","type":"ndb","uuid":"ndb-jdy"}},{"type":"Feature","geometry":{"type":"Point","coordinates":[-10249369.194496507,4657138.395496461]},"properties":{"name":"JE","freq":"397.000","type":"ndb","uuid":"ndb-je"}},{"type":"Feature","geometry":{"type":"Point","coordinates":[-669722.7633548738,4416059.357255754]},"properties":{"name":"JER","freq":"433.000","type":"ndb","uuid":"ndb-jer"}},{"type":"Feature","geometry":{"type":"Point","coordinates":[-10047850.612521522,3817652.417206453]},"properties":{"name":"JH","freq":"260.000","type":"ndb","uuid":"ndb-jh"}},{"type":"Feature","geometry":{"type":"Point","coordinates":[9354690.086977577,2502139.6760425367]},"properties":{"name":"JH","freq":"314.000","type":"ndb","uuid":"ndb-jh"}},{"type":"Feature","geometry":{"type":"Point","coordinates":[-5123974.255208669,8562571.156319916]},"properties":{"name":"JH","freq":"265.000","type":"ndb","uuid":"ndb-jh"}},{"type":"Feature","geometry":{"type":"Point","coordinates":[8506271.711026803,8605746.669825237]},"properties":{"name":"JH","freq":"450.000","type":"ndb","uuid":"ndb-jh"}},{"type":"Feature","geometry":{"type":"Point","coordinates":[6420030.010939903,3341491.5359957376]},"properties":{"name":"JIR","freq":"276.000","type":"ndb","uuid":"ndb-jir"}},{"type":"Feature","geometry":{"type":"Point","coordinates":[-9108637.493347045,4358084.588123269]},"properties":{"name":"JJC","freq":"396.000","type":"ndb","uuid":"ndb-jjc"}},{"type":"Feature","geometry":{"type":"Point","coordinates":[-8274537.927042443,5311883.396327209]},"properties":{"name":"JJH","freq":"523.000","type":"ndb","uuid":"ndb-jjh"}},{"type":"Feature","geometry":{"type":"Point","coordinates":[-10526211.522397224,4467449.624897506]},"properties":{"name":"JL","freq":"344.000","type":"ndb","uuid":"ndb-jl"}},{"type":"Feature","geometry":{"type":"Point","coordinates":[546232.3724902831,7465728.785827382]},"properties":{"name":"JL","freq":"434.000","type":"ndb","uuid":"ndb-jl"}},{"type":"Feature","geometry":{"type":"Point","coordinates":[245583.13460019112,7703948.518548441]},"properties":{"name":"JME","freq":"367.000","type":"ndb","uuid":"ndb-jme"}},{"type":"Feature","geometry":{"type":"Point","coordinates":[-9497888.356803885,4892268.299466698]},"properties":{"name":"JN","freq":"365.000","type":"ndb","uuid":"ndb-jn"}},{"type":"Feature","geometry":{"type":"Point","coordinates":[-8730262.884283599,4228620.57598506]},"properties":{"name":"JN","freq":"263.000","type":"ndb","uuid":"ndb-jn"}},{"type":"Feature","geometry":{"type":"Point","coordinates":[7319949.143345037,4700037.387093723]},"properties":{"name":"JP","freq":"622.000","type":"ndb","uuid":"ndb-jp"}},{"type":"Feature","geometry":{"type":"Point","coordinates":[11539126.029607445,186318.08395759022]},"properties":{"name":"JR","freq":"245.000","type":"ndb","uuid":"ndb-jr"}},{"type":"Feature","geometry":{"type":"Point","coordinates":[12923636.252723012,4825336.438500808]},"properties":{"name":"JR","freq":"475.000","type":"ndb","uuid":"ndb-jr"}},{"type":"Feature","geometry":{"type":"Point","coordinates":[5964965.178279152,3322941.6199436532]},"properties":{"name":"JRM","freq":"374.000","type":"ndb","uuid":"ndb-jrm"}},{"type":"Feature","geometry":{"type":"Point","coordinates":[990026.1067082144,1077946.0573190672]},"properties":{"name":"JS","freq":"270.000","type":"ndb","uuid":"ndb-js"}},{"type":"Feature","geometry":{"type":"Point","coordinates":[6432426.673122966,2955995.046140197]},"properties":{"name":"JSK","freq":"349.000","type":"ndb","uuid":"ndb-jsk"}},{"type":"Feature","geometry":{"type":"Point","coordinates":[-7840726.42801851,-5474430.857198333]},"properties":{"name":"JSM","freq":"250.000","type":"ndb","uuid":"ndb-jsm"}},{"type":"Feature","geometry":{"type":"Point","coordinates":[283369.9791525138,8144868.948153605]},"properties":{"name":"JSV","freq":"382.000","type":"ndb","uuid":"ndb-jsv"}},{"type":"Feature","geometry":{"type":"Point","coordinates":[12900450.876557238,-3776798.3575089225]},"properties":{"name":"JT","freq":"281.000","type":"ndb","uuid":"ndb-jt"}},{"type":"Feature","geometry":{"type":"Point","coordinates":[-9544224.198106244,4646599.085855315]},"properties":{"name":"JV","freq":"331.000","type":"ndb","uuid":"ndb-jv"}},{"type":"Feature","geometry":{"type":"Point","coordinates":[-247120.88967717707,6309873.17238594]},"properties":{"name":"JW","freq":"329.000","type":"ndb","uuid":"ndb-jw"}},{"type":"Feature","geometry":{"type":"Point","coordinates":[12246999.343028726,2876768.1530592693]},"properties":{"name":"JW","freq":"281.000","type":"ndb","uuid":"ndb-jw"}},{"type":"Feature","geometry":{"type":"Point","coordinates":[12289671.783577403,3398788.547972455]},"properties":{"name":"JX","freq":"319.000","type":"ndb","uuid":"ndb-jx"}},{"type":"Feature","geometry":{"type":"Point","coordinates":[-10866676.278871022,4997241.586308939]},"properties":{"name":"JYR","freq":"257.000","type":"ndb","uuid":"ndb-jyr"}},{"type":"Feature","geometry":{"type":"Point","coordinates":[-10592466.997070456,4709310.610208832]},"properties":{"name":"JZ","freq":"338.000","type":"ndb","uuid":"ndb-jz"}},{"type":"Feature","geometry":{"type":"Point","coordinates":[-10081141.943126481,4941519.686272805]},"properties":{"name":"JZY","freq":"251.000","type":"ndb","uuid":"ndb-jzy"}},{"type":"Feature","geometry":{"type":"Point","coordinates":[9241278.253588602,7384497.022033379]},"properties":{"name":"K","freq":"927.000","type":"ndb","uuid":"ndb-k"}},{"type":"Feature","geometry":{"type":"Point","coordinates":[6851068.324993609,7420341.693222903]},"properties":{"name":"K","freq":"367.000","type":"ndb","uuid":"ndb-k"}},{"type":"Feature","geometry":{"type":"Point","coordinates":[5801820.341949617,7474938.577597095]},"properties":{"name":"K","freq":"749.000","type":"ndb","uuid":"ndb-k"}},{"type":"Feature","geometry":{"type":"Point","coordinates":[6232549.404273484,7945769.689262507]},"properties":{"name":"K","freq":"345.000","type":"ndb","uuid":"ndb-k"}},{"type":"Feature","geometry":{"type":"Point","coordinates":[7322727.770601479,4690281.371214767]},"properties":{"name":"K","freq":"301.000","type":"ndb","uuid":"ndb-k"}},{"type":"Feature","geometry":{"type":"Point","coordinates":[2297278.7169663245,7342778.069522509]},"properties":{"name":"K","freq":"410.000","type":"ndb","uuid":"ndb-k"}},{"type":"Feature","geometry":{"type":"Point","coordinates":[8297912.577264651,8909368.342592105]},"properties":{"name":"K","freq":"996.000","type":"ndb","uuid":"ndb-k"}},{"type":"Feature","geometry":{"type":"Point","coordinates":[11775715.260559399,2419077.748954754]},"properties":{"name":"K","freq":"230.000","type":"ndb","uuid":"ndb-k"}},{"type":"Feature","geometry":{"type":"Point","coordinates":[12176607.668986753,2072601.4964356725]},"properties":{"name":"K","freq":"305.000","type":"ndb","uuid":"ndb-k"}},{"type":"Feature","geometry":{"type":"Point","coordinates":[3361891.912869948,8355915.668024675]},"properties":{"name":"K","freq":"700.000","type":"ndb","uuid":"ndb-k"}},{"type":"Feature","geometry":{"type":"Point","coordinates":[4691408.421286712,5639609.033318526]},"properties":{"name":"K","freq":"358.000","type":"ndb","uuid":"ndb-k"}},{"type":"Feature","geometry":{"type":"Point","coordinates":[4538059.576458662,9503205.946018266]},"properties":{"name":"K","freq":"334.000","type":"ndb","uuid":"ndb-k"}},{"type":"Feature","geometry":{"type":"Point","coordinates":[14350442.903885022,11652082.883170493]},"properties":{"name":"K","freq":"660.000","type":"ndb","uuid":"ndb-k"}},{"type":"Feature","geometry":{"type":"Point","coordinates":[9205484.893739741,7365025.938922658]},"properties":{"name":"K","freq":"620.000","type":"ndb","uuid":"ndb-k"}},{"type":"Feature","geometry":{"type":"Point","coordinates":[19784448.187213276,9532561.998686412]},"properties":{"name":"K","freq":"389.000","type":"ndb","uuid":"ndb-k"}},{"type":"Feature","geometry":{"type":"Point","coordinates":[-7408315.204500433,6296714.566546529]},"properties":{"name":"K7","freq":"211.000","type":"ndb","uuid":"ndb-k7"}},{"type":"Feature","geometry":{"type":"Point","coordinates":[7421049.814104295,2854624.7958874498]},"properties":{"name":"KA","freq":"244.000","type":"ndb","uuid":"ndb-ka"}},{"type":"Feature","geometry":{"type":"Point","coordinates":[8949714.788848735,3051346.418326428]},"properties":{"name":"KA","freq":"292.000","type":"ndb","uuid":"ndb-ka"}},{"type":"Feature","geometry":{"type":"Point","coordinates":[3773174.140438007,-1113426.9678483587]},"properties":{"name":"KA","freq":"245.000","type":"ndb","uuid":"ndb-ka"}},{"type":"Feature","geometry":{"type":"Point","coordinates":[3350610.5792183923,20965.82696454236]},"properties":{"name":"KA","freq":"273.000","type":"ndb","uuid":"ndb-ka"}},{"type":"Feature","geometry":{"type":"Point","coordinates":[4576900.863965443,6038547.697511192]},"properties":{"name":"KA","freq":"999.999","type":"ndb","uuid":"ndb-ka"}},{"type":"Feature","geometry":{"type":"Point","coordinates":[11712356.535491176,6975756.327958511]},"properties":{"name":"KA","freq":"999.999","type":"ndb","uuid":"ndb-ka"}},{"type":"Feature","geometry":{"type":"Point","coordinates":[-6768225.009308952,656083.5715814832]},"properties":{"name":"KAM","freq":"406.000","type":"ndb","uuid":"ndb-kam"}},{"type":"Feature","geometry":{"type":"Point","coordinates":[-1626030.7528992596,1193879.5295907902]},"properties":{"name":"KAM","freq":"308.000","type":"ndb","uuid":"ndb-kam"}},{"type":"Feature","geometry":{"type":"Point","coordinates":[3869836.5340214195,3737631.821218121]},"properties":{"name":"KANOT","freq":"00.000","type":"ndb","uuid":"ndb-kanot"}},{"type":"Feature","geometry":{"type":"Point","coordinates":[2996021.822207308,4221121.622145692]},"properties":{"name":"KAO","freq":"333.000","type":"ndb","uuid":"ndb-kao"}},{"type":"Feature","geometry":{"type":"Point","coordinates":[4798312.208023106,4947172.377575042]},"properties":{"name":"KAR","freq":"431.000","type":"ndb","uuid":"ndb-kar"}},{"type":"Feature","geometry":{"type":"Point","coordinates":[2800408.7701409864,-2016843.5728607697]},"properties":{"name":"KAS","freq":"287.000","type":"ndb","uuid":"ndb-kas"}},{"type":"Feature","geometry":{"type":"Point","coordinates":[-6874164.119891379,622985.8926724982]},"properties":{"name":"KAV","freq":"398.000","type":"ndb","uuid":"ndb-kav"}},{"type":"Feature","geometry":{"type":"Point","coordinates":[1559390.0200216433,5605061.940257729]},"properties":{"name":"KAV","freq":"265.000","type":"ndb","uuid":"ndb-kav"}},{"type":"Feature","geometry":{"type":"Point","coordinates":[5718132.791615615,4234321.367380077]},"properties":{"name":"KAZ","freq":"358.000","type":"ndb","uuid":"ndb-kaz"}},{"type":"Feature","geometry":{"type":"Point","coordinates":[19783019.618003506,9527120.757290274]},"properties":{"name":"KB","freq":"790.000","type":"ndb","uuid":"ndb-kb"}},{"type":"Feature","geometry":{"type":"Point","coordinates":[3438000.368439532,6513462.449387323]},"properties":{"name":"KB","freq":"825.000","type":"ndb","uuid":"ndb-kb"}},{"type":"Feature","geometry":{"type":"Point","coordinates":[433434.77531384025,7046293.294457436]},"properties":{"name":"KB","freq":"402.000","type":"ndb","uuid":"ndb-kb"}},{"type":"Feature","geometry":{"type":"Point","coordinates":[3215553.196520038,-1864379.135618955]},"properties":{"name":"KB","freq":"399.000","type":"ndb","uuid":"ndb-kb"}},{"type":"Feature","geometry":{"type":"Point","coordinates":[11894014.45250333,5332856.463995377]},"properties":{"name":"KB","freq":"485.000","type":"ndb","uuid":"ndb-kb"}},{"type":"Feature","geometry":{"type":"Point","coordinates":[901415.4518938803,6240649.881032819]},"properties":{"name":"KBA","freq":"431.000","type":"ndb","uuid":"ndb-kba"}},{"type":"Feature","geometry":{"type":"Point","coordinates":[1600845.3983930585,8069531.753087426]},"properties":{"name":"KBG","freq":"312.000","type":"ndb","uuid":"ndb-kbg"}},{"type":"Feature","geometry":{"type":"Point","coordinates":[2095221.7197208686,10909550.704448435]},"properties":{"name":"KBV","freq":"283.000","type":"ndb","uuid":"ndb-kbv"}},{"type":"Feature","geometry":{"type":"Point","coordinates":[7476226.000001759,2866323.9661144703]},"properties":{"name":"KC","freq":"271.000","type":"ndb","uuid":"ndb-kc"}},{"type":"Feature","geometry":{"type":"Point","coordinates":[812990.9480058168,1196029.2170773223]},"properties":{"name":"KC","freq":"330.000","type":"ndb","uuid":"ndb-kc"}},{"type":"Feature","geometry":{"type":"Point","coordinates":[7610026.678415298,2915458.371662018]},"properties":{"name":"KD","freq":"223.000","type":"ndb","uuid":"ndb-kd"}},{"type":"Feature","geometry":{"type":"Point","coordinates":[7803895.137606325,2645494.8091236586]},"properties":{"name":"KD","freq":"335.000","type":"ndb","uuid":"ndb-kd"}},{"type":"Feature","geometry":{"type":"Point","coordinates":[3593578.7262136075,6199875.594361439]},"properties":{"name":"KD","freq":"635.000","type":"ndb","uuid":"ndb-kd"}},{"type":"Feature","geometry":{"type":"Point","coordinates":[1039149.5117483588,7448380.736249577]},"properties":{"name":"KD","freq":"357.000","type":"ndb","uuid":"ndb-kd"}},{"type":"Feature","geometry":{"type":"Point","coordinates":[1567174.3755582517,7532827.7503148]},"properties":{"name":"KD","freq":"375.000","type":"ndb","uuid":"ndb-kd"}},{"type":"Feature","geometry":{"type":"Point","coordinates":[9173344.513903342,7416561.907850604]},"properties":{"name":"KD","freq":"715.000","type":"ndb","uuid":"ndb-kd"}},{"type":"Feature","geometry":{"type":"Point","coordinates":[1515800.4305571557,3811538.183408324]},"properties":{"name":"KDR","freq":"429.000","type":"ndb","uuid":"ndb-kdr"}},{"type":"Feature","geometry":{"type":"Point","coordinates":[3437165.4722585822,6495407.229112237]},"properties":{"name":"KE","freq":"825.000","type":"ndb","uuid":"ndb-ke"}},{"type":"Feature","geometry":{"type":"Point","coordinates":[7766861.709552107,2939762.6654433855]},"properties":{"name":"KE","freq":"410.000","type":"ndb","uuid":"ndb-ke"}},{"type":"Feature","geometry":{"type":"Point","coordinates":[2282495.7050435427,4595559.551488889]},"properties":{"name":"KEF","freq":"318.000","type":"ndb","uuid":"ndb-kef"}},{"type":"Feature","geometry":{"type":"Point","coordinates":[2216546.0497491877,4806238.511043684]},"properties":{"name":"KEK","freq":"403.000","type":"ndb","uuid":"ndb-kek"}},{"type":"Feature","geometry":{"type":"Point","coordinates":[3911179.35601881,3730502.394253452]},"properties":{"name":"KENED","freq":"00.000","type":"ndb","uuid":"ndb-kened"}},{"type":"Feature","geometry":{"type":"Point","coordinates":[-1060262.4591384535,6833130.832690562]},"properties":{"name":"KER","freq":"334.000","type":"ndb","uuid":"ndb-ker"}},{"type":"Feature","geometry":{"type":"Point","coordinates":[7521486.958854264,2848814.8279044717]},"properties":{"name":"KF","freq":"296.000","type":"ndb","uuid":"ndb-kf"}},{"type":"Feature","geometry":{"type":"Point","coordinates":[14351432.410469852,11660664.044022936]},"properties":{"name":"KF","freq":"320.000","type":"ndb","uuid":"ndb-kf"}},{"type":"Feature","geometry":{"type":"Point","coordinates":[3400457.870169501,4693654.854278016]},"properties":{"name":"KFK","freq":"324.000","type":"ndb","uuid":"ndb-kfk"}},{"type":"Feature","geometry":{"type":"Point","coordinates":[1617934.8264767535,5881091.8114129575]},"properties":{"name":"KFT","freq":"374.000","type":"ndb","uuid":"ndb-kft"}},{"type":"Feature","geometry":{"type":"Point","coordinates":[13521238.921408862,-3606193.748560589]},"properties":{"name":"KG","freq":"287.000","type":"ndb","uuid":"ndb-kg"}},{"type":"Feature","geometry":{"type":"Point","coordinates":[3753353.0248164884,-1544085.8275743655]},"properties":{"name":"KG","freq":"305.000","type":"ndb","uuid":"ndb-kg"}},{"type":"Feature","geometry":{"type":"Point","coordinates":[11090822.959272042,2428013.061949519]},"properties":{"name":"KG","freq":"400.000","type":"ndb","uuid":"ndb-kg"}},{"type":"Feature","geometry":{"type":"Point","coordinates":[3302752.5366456793,-544830.3258992926]},"properties":{"name":"KG","freq":"394.000","type":"ndb","uuid":"ndb-kg"}},{"type":"Feature","geometry":{"type":"Point","coordinates":[1722588.7226158911,10646707.488978688]},"properties":{"name":"KG","freq":"404.000","type":"ndb","uuid":"ndb-kg"}},{"type":"Feature","geometry":{"type":"Point","coordinates":[8299403.021558048,8917889.665863294]},"properties":{"name":"KG","freq":"490.000","type":"ndb","uuid":"ndb-kg"}},{"type":"Feature","geometry":{"type":"Point","coordinates":[5601745.14086109,3408719.757114942]},"properties":{"name":"KHG","freq":"325.000","type":"ndb","uuid":"ndb-khg"}},{"type":"Feature","geometry":{"type":"Point","coordinates":[6223613.015695489,3093903.1266153394]},"properties":{"name":"KHM","freq":"335.000","type":"ndb","uuid":"ndb-khm"}},{"type":"Feature","geometry":{"type":"Point","coordinates":[2742088.148771502,5001562.578357866]},"properties":{"name":"KHR","freq":"327.000","type":"ndb","uuid":"ndb-khr"}},{"type":"Feature","geometry":{"type":"Point","coordinates":[19335697.70529113,-5224161.161627927]},"properties":{"name":"KI","freq":"350.000","type":"ndb","uuid":"ndb-ki"}},{"type":"Feature","geometry":{"type":"Point","coordinates":[10650870.427772256,2997905.0977895823]},"properties":{"name":"KI","freq":"230.000","type":"ndb","uuid":"ndb-ki"}},{"type":"Feature","geometry":{"type":"Point","coordinates":[1601039.3107616042,5882459.340128112]},"properties":{"name":"KI","freq":"313.000","type":"ndb","uuid":"ndb-ki"}},{"type":"Feature","geometry":{"type":"Point","coordinates":[6005998.872235027,3064572.429589766]},"properties":{"name":"KIH","freq":"201.000","type":"ndb","uuid":"ndb-kih"}},{"type":"Feature","geometry":{"type":"Point","coordinates":[8896298.131191583,2853675.602411296]},"properties":{"name":"KJ","freq":"403.000","type":"ndb","uuid":"ndb-kj"}},{"type":"Feature","geometry":{"type":"Point","coordinates":[3945533.7877608454,3858123.8038597014]},"properties":{"name":"KKAMA","freq":"00.000","type":"ndb","uuid":"ndb-kkama"}},{"type":"Feature","geometry":{"type":"Point","coordinates":[3934649.246249806,3863380.822631888]},"properties":{"name":"KKANA","freq":"00.000","type":"ndb","uuid":"ndb-kkana"}},{"type":"Feature","geometry":{"type":"Point","coordinates":[2094661.7826821785,-561030.1139710845]},"properties":{"name":"KKW","freq":"321.000","type":"ndb","uuid":"ndb-kkw"}},{"type":"Feature","geometry":{"type":"Point","coordinates":[10470544.63399993,2654858.687251497]},"properties":{"name":"KL","freq":"225.000","type":"ndb","uuid":"ndb-kl"}},{"type":"Feature","geometry":{"type":"Point","coordinates":[4463911.58081027,6087790.321678935]},"properties":{"name":"KL","freq":"486.000","type":"ndb","uuid":"ndb-kl"}},{"type":"Feature","geometry":{"type":"Point","coordinates":[18876566.588086266,10128669.005474316]},"properties":{"name":"KL","freq":"760.000","type":"ndb","uuid":"ndb-kl"}},{"type":"Feature","geometry":{"type":"Point","coordinates":[8700412.902970271,1771696.5446942917]},"properties":{"name":"KL","freq":"430.000","type":"ndb","uuid":"ndb-kl"}},{"type":"Feature","geometry":{"type":"Point","coordinates":[12857030.152575867,4922535.253798819]},"properties":{"name":"KM","freq":"360.000","type":"ndb","uuid":"ndb-km"}},{"type":"Feature","geometry":{"type":"Point","coordinates":[3839965.8039918914,9594483.251291178]},"properties":{"name":"KM","freq":"445.000","type":"ndb","uuid":"ndb-km"}},{"type":"Feature","geometry":{"type":"Point","coordinates":[4545539.689642516,9502391.367414782]},"properties":{"name":"KM","freq":"690.000","type":"ndb","uuid":"ndb-km"}},{"type":"Feature","geometry":{"type":"Point","coordinates":[4586953.663347771,4443347.3655092055]},"properties":{"name":"KML","freq":"312.500","type":"ndb","uuid":"ndb-kml"}},{"type":"Feature","geometry":{"type":"Point","coordinates":[5247900.67833428,4076697.3206659732]},"properties":{"name":"KMS","freq":"382.000","type":"ndb","uuid":"ndb-kms"}},{"type":"Feature","geometry":{"type":"Point","coordinates":[-1033431.6788700045,1161422.3433837635]},"properties":{"name":"KN","freq":"276.000","type":"ndb","uuid":"ndb-kn"}},{"type":"Feature","geometry":{"type":"Point","coordinates":[11441917.52115545,1858294.1912597767]},"properties":{"name":"KN","freq":"393.000","type":"ndb","uuid":"ndb-kn"}},{"type":"Feature","geometry":{"type":"Point","coordinates":[4197950.702212513,7618760.468288842]},"properties":{"name":"KN","freq":"642.000","type":"ndb","uuid":"ndb-kn"}},{"type":"Feature","geometry":{"type":"Point","coordinates":[-2010300.0691431002,9764701.3637002]},"properties":{"name":"KN","freq":"364.000","type":"ndb","uuid":"ndb-kn"}},{"type":"Feature","geometry":{"type":"Point","coordinates":[3871166.214416864,3597374.159950791]},"properties":{"name":"KNFHA","freq":"00.000","type":"ndb","uuid":"ndb-knfha"}},{"type":"Feature","geometry":{"type":"Point","coordinates":[2502111.805857599,-657808.5787408204]},"properties":{"name":"KNG","freq":"380.000","type":"ndb","uuid":"ndb-kng"}},{"type":"Feature","geometry":{"type":"Point","coordinates":[-994862.2582974051,7150578.949968618]},"properties":{"name":"KNK","freq":"364.000","type":"ndb","uuid":"ndb-knk"}},{"type":"Feature","geometry":{"type":"Point","coordinates":[3874072.8900097995,3781811.3843529345]},"properties":{"name":"KNTRY","freq":"00.000","type":"ndb","uuid":"ndb-kntry"}},{"type":"Feature","geometry":{"type":"Point","coordinates":[2759610.145843171,-1664492.116015751]},"properties":{"name":"KO","freq":"349.000","type":"ndb","uuid":"ndb-ko"}},{"type":"Feature","geometry":{"type":"Point","coordinates":[8442872.137889873,2896093.168340645]},"properties":{"name":"KO","freq":"284.000","type":"ndb","uuid":"ndb-ko"}},{"type":"Feature","geometry":{"type":"Point","coordinates":[1841409.9411274814,5658417.966948917]},"properties":{"name":"KOS","freq":"316.000","type":"ndb","uuid":"ndb-kos"}},{"type":"Feature","geometry":{"type":"Point","coordinates":[2421198.9247537004,464240.6123148088]},"properties":{"name":"KOT","freq":"340.000","type":"ndb","uuid":"ndb-kot"}},{"type":"Feature","geometry":{"type":"Point","coordinates":[3956696.658920949,3841999.8416075744]},"properties":{"name":"KOYAR","freq":"00.000","type":"ndb","uuid":"ndb-koyar"}},{"type":"Feature","geometry":{"type":"Point","coordinates":[9243697.2879677,7393233.484549822]},"properties":{"name":"KP","freq":"455.000","type":"ndb","uuid":"ndb-kp"}},{"type":"Feature","geometry":{"type":"Point","coordinates":[10298914.376718434,7595243.572039351]},"properties":{"name":"KP","freq":"390.000","type":"ndb","uuid":"ndb-kp"}},{"type":"Feature","geometry":{"type":"Point","coordinates":[8268453.079987361,1881711.8935418823]},"properties":{"name":"KP","freq":"334.000","type":"ndb","uuid":"ndb-kp"}},{"type":"Feature","geometry":{"type":"Point","coordinates":[10412451.01162542,2205532.294041332]},"properties":{"name":"KP","freq":"250.000","type":"ndb","uuid":"ndb-kp"}},{"type":"Feature","geometry":{"type":"Point","coordinates":[803135.8334858883,8666686.587773206]},"properties":{"name":"KPG","freq":"303.000","type":"ndb","uuid":"ndb-kpg"}},{"type":"Feature","geometry":{"type":"Point","coordinates":[11127147.189403666,1593766.9327212106]},"properties":{"name":"KPS","freq":"251.000","type":"ndb","uuid":"ndb-kps"}},{"type":"Feature","geometry":{"type":"Point","coordinates":[2302878.6439506803,7345295.336911291]},"properties":{"name":"KR","freq":"840.000","type":"ndb","uuid":"ndb-kr"}},{"type":"Feature","geometry":{"type":"Point","coordinates":[5081116.251253258,6626847.933030402]},"properties":{"name":"KR","freq":"932.000","type":"ndb","uuid":"ndb-kr"}},{"type":"Feature","geometry":{"type":"Point","coordinates":[4359469.160781559,5624679.419479164]},"properties":{"name":"KR","freq":"377.000","type":"ndb","uuid":"ndb-kr"}},{"type":"Feature","geometry":{"type":"Point","coordinates":[5391694.631124657,3946540.7406670963]},"properties":{"name":"KRD","freq":"350.000","type":"ndb","uuid":"ndb-krd"}},{"type":"Feature","geometry":{"type":"Point","coordinates":[3906077.243612866,3874527.4620267367]},"properties":{"name":"KRYON","freq":"00.000","type":"ndb","uuid":"ndb-kryon"}},{"type":"Feature","geometry":{"type":"Point","coordinates":[6855839.694823575,7419184.694256918]},"properties":{"name":"KS","freq":"412.000","type":"ndb","uuid":"ndb-ks"}},{"type":"Feature","geometry":{"type":"Point","coordinates":[3466431.366388134,-1143361.256248946]},"properties":{"name":"KS","freq":"367.000","type":"ndb","uuid":"ndb-ks"}},{"type":"Feature","geometry":{"type":"Point","coordinates":[7821489.863411979,2429847.226739887]},"properties":{"name":"KS","freq":"282.000","type":"ndb","uuid":"ndb-ks"}},{"type":"Feature","geometry":{"type":"Point","coordinates":[3308122.155972415,-142840.4114406616]},"properties":{"name":"KS","freq":"258.000","type":"ndb","uuid":"ndb-ks"}},{"type":"Feature","geometry":{"type":"Point","coordinates":[4149001.0792663284,7523766.843969042]},"properties":{"name":"KS","freq":"565.000","type":"ndb","uuid":"ndb-ks"}},{"type":"Feature","geometry":{"type":"Point","coordinates":[3908798.3557990654,3787180.894593251]},"properties":{"name":"KSMRN","freq":"00.000","type":"ndb","uuid":"ndb-ksmrn"}},{"type":"Feature","geometry":{"type":"Point","coordinates":[-485612.66349302884,3753506.165955771]},"properties":{"name":"KSR","freq":"293.000","type":"ndb","uuid":"ndb-ksr"}},{"type":"Feature","geometry":{"type":"Point","coordinates":[3762583.296850178,5064149.815031808]},"properties":{"name":"KST","freq":"359.000","type":"ndb","uuid":"ndb-kst"}},{"type":"Feature","geometry":{"type":"Point","coordinates":[19285251.39179123,-4167766.108118335]},"properties":{"name":"KT","freq":"238.000","type":"ndb","uuid":"ndb-kt"}},{"type":"Feature","geometry":{"type":"Point","coordinates":[850845.7902137658,1458637.4514294432]},"properties":{"name":"KT","freq":"365.000","type":"ndb","uuid":"ndb-kt"}},{"type":"Feature","geometry":{"type":"Point","coordinates":[10969430.291445209,1124543.1284356802]},"properties":{"name":"KT","freq":"290.000","type":"ndb","uuid":"ndb-kt"}},{"type":"Feature","geometry":{"type":"Point","coordinates":[4695527.242446063,5640678.30698781]},"properties":{"name":"KT","freq":"730.000","type":"ndb","uuid":"ndb-kt"}},{"type":"Feature","geometry":{"type":"Point","coordinates":[3133643.6349085704,-1448309.8021502942]},"properties":{"name":"KT","freq":"394.000","type":"ndb","uuid":"ndb-kt"}},{"type":"Feature","geometry":{"type":"Point","coordinates":[9210707.57133863,7365926.724190616]},"properties":{"name":"KT","freq":"310.000","type":"ndb","uuid":"ndb-kt"}},{"type":"Feature","geometry":{"type":"Point","coordinates":[3354588.1173906783,4736978.134644038]},"properties":{"name":"KTH","freq":"336.000","type":"ndb","uuid":"ndb-kth"}},{"type":"Feature","geometry":{"type":"Point","coordinates":[3761547.468988346,5057351.309923236]},"properties":{"name":"KTM","freq":"461.000","type":"ndb","uuid":"ndb-ktm"}},{"type":"Feature","geometry":{"type":"Point","coordinates":[4144832.844621898,4059347.8066206034]},"properties":{"name":"KTN","freq":"372.500","type":"ndb","uuid":"ndb-ktn"}},{"type":"Feature","geometry":{"type":"Point","coordinates":[-6658760.905206395,518204.81197095546]},"properties":{"name":"KTO","freq":"360.000","type":"ndb","uuid":"ndb-kto"}},{"type":"Feature","geometry":{"type":"Point","coordinates":[3904685.7499779505,3502193.0617023236]},"properties":{"name":"KTORA","freq":"00.000","type":"ndb","uuid":"ndb-ktora"}},{"type":"Feature","geometry":{"type":"Point","coordinates":[56989.33302583933,7857083.089169022]},"properties":{"name":"KTW","freq":"346.000","type":"ndb","uuid":"ndb-ktw"}},{"type":"Feature","geometry":{"type":"Point","coordinates":[-1126755.7246128493,1025114.6373168736]},"properties":{"name":"KU","freq":"387.000","type":"ndb","uuid":"ndb-ku"}},{"type":"Feature","geometry":{"type":"Point","coordinates":[14327251.374225171,-1779709.353648632]},"properties":{"name":"KU","freq":"221.000","type":"ndb","uuid":"ndb-ku"}},{"type":"Feature","geometry":{"type":"Point","coordinates":[3479607.605149638,-1981969.6176562777]},"properties":{"name":"KU","freq":"363.000","type":"ndb","uuid":"ndb-ku"}},{"type":"Feature","geometry":{"type":"Point","coordinates":[13326056.211940698,7110775.563113646]},"properties":{"name":"KU","freq":"450.000","type":"ndb","uuid":"ndb-ku"}},{"type":"Feature","geometry":{"type":"Point","coordinates":[3869867.456102195,3667140.0834747492]},"properties":{"name":"KUVSH","freq":"00.000","type":"ndb","uuid":"ndb-kuvsh"}},{"type":"Feature","geometry":{"type":"Point","coordinates":[2115413.498324649,11007660.462780705]},"properties":{"name":"KV","freq":"362.000","type":"ndb","uuid":"ndb-kv"}},{"type":"Feature","geometry":{"type":"Point","coordinates":[3260376.2059425153,-348846.23079989187]},"properties":{"name":"KW","freq":"385.000","type":"ndb","uuid":"ndb-kw"}},{"type":"Feature","geometry":{"type":"Point","coordinates":[11771558.34339653,2420376.750125744]},"properties":{"name":"KW","freq":"320.000","type":"ndb","uuid":"ndb-kw"}},{"type":"Feature","geometry":{"type":"Point","coordinates":[2837378.622397129,-1205208.9339932087]},"properties":{"name":"KWZ","freq":"264.000","type":"ndb","uuid":"ndb-kwz"}},{"type":"Feature","geometry":{"type":"Point","coordinates":[171190.76174742763,8299285.019939177]},"properties":{"name":"KY","freq":"388.000","type":"ndb","uuid":"ndb-ky"}},{"type":"Feature","geometry":{"type":"Point","coordinates":[13775415.951620374,5116891.7535796985]},"properties":{"name":"KY","freq":"365.000","type":"ndb","uuid":"ndb-ky"}},{"type":"Feature","geometry":{"type":"Point","coordinates":[426168.05540942075,7108843.835307295]},"properties":{"name":"KZ","freq":"323.000","type":"ndb","uuid":"ndb-kz"}},{"type":"Feature","geometry":{"type":"Point","coordinates":[5200166.32408467,5439900.5469778]},"properties":{"name":"KZ","freq":"455.000","type":"ndb","uuid":"ndb-kz"}},{"type":"Feature","geometry":{"type":"Point","coordinates":[8722686.046831077,7626065.090973035]},"properties":{"name":"KZ","freq":"999.999","type":"ndb","uuid":"ndb-kz"}},{"type":"Feature","geometry":{"type":"Point","coordinates":[14146851.893134354,7108269.592061472]},"properties":{"name":"KZ","freq":"815.000","type":"ndb","uuid":"ndb-kz"}},{"type":"Feature","geometry":{"type":"Point","coordinates":[2431441.1837249426,4908032.776028437]},"properties":{"name":"KZN","freq":"291.000","type":"ndb","uuid":"ndb-kzn"}},{"type":"Feature","geometry":{"type":"Point","coordinates":[3292423.324783294,4320243.041946402]},"properties":{"name":"KZO","freq":"416.000","type":"ndb","uuid":"ndb-kzo"}},{"type":"Feature","geometry":{"type":"Point","coordinates":[6842246.255348243,7422509.235902652]},"properties":{"name":"L","freq":"392.000","type":"ndb","uuid":"ndb-l"}},{"type":"Feature","geometry":{"type":"Point","coordinates":[5370828.349172912,7225271.208114132]},"properties":{"name":"L","freq":"680.000","type":"ndb","uuid":"ndb-l"}},{"type":"Feature","geometry":{"type":"Point","coordinates":[14184428.467537401,6515771.183967556]},"properties":{"name":"L","freq":"220.000","type":"ndb","uuid":"ndb-l"}},{"type":"Feature","geometry":{"type":"Point","coordinates":[5266719.918538661,7575106.009428224]},"properties":{"name":"L","freq":"480.000","type":"ndb","uuid":"ndb-l"}},{"type":"Feature","geometry":{"type":"Point","coordinates":[16469718.631942745,11277593.103608135]},"properties":{"name":"L","freq":"999.999","type":"ndb","uuid":"ndb-l"}},{"type":"Feature","geometry":{"type":"Point","coordinates":[14051747.106603786,5717346.132027881]},"properties":{"name":"L","freq":"220.000","type":"ndb","uuid":"ndb-l"}},{"type":"Feature","geometry":{"type":"Point","coordinates":[9639046.480506843,10285401.702498399]},"properties":{"name":"L","freq":"650.000","type":"ndb","uuid":"ndb-l"}},{"type":"Feature","geometry":{"type":"Point","coordinates":[5953245.802431325,7730386.800051925]},"properties":{"name":"L","freq":"308.000","type":"ndb","uuid":"ndb-l"}},{"type":"Feature","geometry":{"type":"Point","coordinates":[14707645.535306176,5370817.153586416]},"properties":{"name":"L","freq":"295.000","type":"ndb","uuid":"ndb-l"}},{"type":"Feature","geometry":{"type":"Point","coordinates":[8465928.630822975,4799912.027589717]},"properties":{"name":"L","freq":"210.000","type":"ndb","uuid":"ndb-l"}},{"type":"Feature","geometry":{"type":"Point","coordinates":[5434654.585180385,4684322.504593718]},"properties":{"name":"L","freq":"740.000","type":"ndb","uuid":"ndb-l"}},{"type":"Feature","geometry":{"type":"Point","coordinates":[7303888.1836679485,8880435.679478938]},"properties":{"name":"L","freq":"615.000","type":"ndb","uuid":"ndb-l"}},{"type":"Feature","geometry":{"type":"Point","coordinates":[6177192.788034693,6763293.255116545]},"properties":{"name":"L","freq":"843.000","type":"ndb","uuid":"ndb-l"}},{"type":"Feature","geometry":{"type":"Point","coordinates":[3375234.790724753,8355055.03134148]},"properties":{"name":"L","freq":"960.000","type":"ndb","uuid":"ndb-l"}},{"type":"Feature","geometry":{"type":"Point","coordinates":[13621274.852160763,3496904.5926141497]},"properties":{"name":"L","freq":"228.000","type":"ndb","uuid":"ndb-l"}},{"type":"Feature","geometry":{"type":"Point","coordinates":[13795798.550384624,5978153.094894545]},"properties":{"name":"L","freq":"366.000","type":"ndb","uuid":"ndb-l"}},{"type":"Feature","geometry":{"type":"Point","coordinates":[6222858.486002475,7273069.782846282]},"properties":{"name":"L","freq":"435.000","type":"ndb","uuid":"ndb-l"}},{"type":"Feature","geometry":{"type":"Point","coordinates":[1440661.876973189,6480252.323988994]},"properties":{"name":"L","freq":"365.000","type":"ndb","uuid":"ndb-l"}},{"type":"Feature","geometry":{"type":"Point","coordinates":[-13284342.355896078,8235404.998416935]},"properties":{"name":"L2","freq":"300.000","type":"ndb","uuid":"ndb-l2"}},{"type":"Feature","geometry":{"type":"Point","coordinates":[-11578216.54908528,7045154.023001302]},"properties":{"name":"L4","freq":"402.000","type":"ndb","uuid":"ndb-l4"}},{"type":"Feature","geometry":{"type":"Point","coordinates":[-13524050.295148848,8164433.711152118]},"properties":{"name":"L6","freq":"308.000","type":"ndb","uuid":"ndb-l6"}},{"type":"Feature","geometry":{"type":"Point","coordinates":[6048986.996306342,4791702.5819472335]},"properties":{"name":"LA","freq":"430.000","type":"ndb","uuid":"ndb-la"}},{"type":"Feature","geometry":{"type":"Point","coordinates":[5260609.684455261,7573122.361705697]},"properties":{"name":"LA","freq":"510.000","type":"ndb","uuid":"ndb-la"}},{"type":"Feature","geometry":{"type":"Point","coordinates":[-9690593.310861558,4928106.838728352]},"properties":{"name":"LA","freq":"401.000","type":"ndb","uuid":"ndb-la"}},{"type":"Feature","geometry":{"type":"Point","coordinates":[370551.2917050625,737011.5630450812]},"properties":{"name":"LA","freq":"336.000","type":"ndb","uuid":"ndb-la"}},{"type":"Feature","geometry":{"type":"Point","coordinates":[8281804.646946863,3700880.6025466486]},"properties":{"name":"LA","freq":"268.000","type":"ndb","uuid":"ndb-la"}},{"type":"Feature","geometry":{"type":"Point","coordinates":[4379061.391161175,5451567.944927566]},"properties":{"name":"LA","freq":"307.000","type":"ndb","uuid":"ndb-la"}},{"type":"Feature","geometry":{"type":"Point","coordinates":[13626062.270550651,3504192.5273687127]},"properties":{"name":"LA","freq":"363.000","type":"ndb","uuid":"ndb-la"}},{"type":"Feature","geometry":{"type":"Point","coordinates":[-19036467.79090865,9763953.474491863]},"properties":{"name":"LA","freq":"445.000","type":"ndb","uuid":"ndb-la"}},{"type":"Feature","geometry":{"type":"Point","coordinates":[2451277.4202439617,3865885.073120876]},"properties":{"name":"LAB","freq":"392.000","type":"ndb","uuid":"ndb-lab"}},{"type":"Feature","geometry":{"type":"Point","coordinates":[-8034758.526861003,5419481.850190812]},"properties":{"name":"LAH","freq":"276.000","type":"ndb","uuid":"ndb-lah"}},{"type":"Feature","geometry":{"type":"Point","coordinates":[3876917.690519103,3682524.3175034495]},"properties":{"name":"LAHAV","freq":"00.000","type":"ndb","uuid":"ndb-lahav"}},{"type":"Feature","geometry":{"type":"Point","coordinates":[5921665.019490727,3169416.259947142]},"properties":{"name":"LAM","freq":"346.000","type":"ndb","uuid":"ndb-lam"}},{"type":"Feature","geometry":{"type":"Point","coordinates":[3899181.5886777574,3752340.3665897204]},"properties":{"name":"LAPID","freq":"00.000","type":"ndb","uuid":"ndb-lapid"}},{"type":"Feature","geometry":{"type":"Point","coordinates":[-1006371.4876842793,4720859.824131126]},"properties":{"name":"LAR","freq":"382.000","type":"ndb","uuid":"ndb-lar"}},{"type":"Feature","geometry":{"type":"Point","coordinates":[6053173.5059005115,3207438.7054405063]},"properties":{"name":"LAR","freq":"224.000","type":"ndb","uuid":"ndb-lar"}},{"type":"Feature","geometry":{"type":"Point","coordinates":[-7761689.589555286,2105321.2569109215]},"properties":{"name":"LAS","freq":"200.000","type":"ndb","uuid":"ndb-las"}},{"type":"Feature","geometry":{"type":"Point","coordinates":[6837243.124522862,7423720.855121954]},"properties":{"name":"LB","freq":"452.000","type":"ndb","uuid":"ndb-lb"}},{"type":"Feature","geometry":{"type":"Point","coordinates":[5881580.757102997,7301456.278524199]},"properties":{"name":"LB","freq":"325.000","type":"ndb","uuid":"ndb-lb"}},{"type":"Feature","geometry":{"type":"Point","coordinates":[512378.87845681753,7091219.49538418]},"properties":{"name":"LB","freq":"323.000","type":"ndb","uuid":"ndb-lb"}},{"type":"Feature","geometry":{"type":"Point","coordinates":[-1367765.8545312525,1269103.405708037]},"properties":{"name":"LB","freq":"340.000","type":"ndb","uuid":"ndb-lb"}},{"type":"Feature","geometry":{"type":"Point","coordinates":[11205124.606457429,1674999.1718832373]},"properties":{"name":"LB","freq":"280.000","type":"ndb","uuid":"ndb-lb"}},{"type":"Feature","geometry":{"type":"Point","coordinates":[3356931.94926933,6559760.950149837]},"properties":{"name":"LC","freq":"534.000","type":"ndb","uuid":"ndb-lc"}},{"type":"Feature","geometry":{"type":"Point","coordinates":[3091023.761897215,6083014.61835136]},"properties":{"name":"LC","freq":"389.000","type":"ndb","uuid":"ndb-lc"}},{"type":"Feature","geometry":{"type":"Point","coordinates":[14354648.306870546,4544169.146645436]},"properties":{"name":"LC","freq":"257.000","type":"ndb","uuid":"ndb-lc"}},{"type":"Feature","geometry":{"type":"Point","coordinates":[-9221262.885455647,4848674.999101857]},"properties":{"name":"LC","freq":"376.000","type":"ndb","uuid":"ndb-lc"}},{"type":"Feature","geometry":{"type":"Point","coordinates":[16967749.69584162,9081408.838440303]},"properties":{"name":"LC","freq":"687.000","type":"ndb","uuid":"ndb-lc"}},{"type":"Feature","geometry":{"type":"Point","coordinates":[13334405.173750194,4865700.00627117]},"properties":{"name":"LC","freq":"203.000","type":"ndb","uuid":"ndb-lc"}},{"type":"Feature","geometry":{"type":"Point","coordinates":[3088942.644016835,6087126.365044344]},"properties":{"name":"LCT","freq":"790.000","type":"ndb","uuid":"ndb-lct"}},{"type":"Feature","geometry":{"type":"Point","coordinates":[-11323764.55973151,3983598.815079224]},"properties":{"name":"LD","freq":"272.000","type":"ndb","uuid":"ndb-ld"}},{"type":"Feature","geometry":{"type":"Point","coordinates":[-7251629.898078743,-3757113.5715968194]},"properties":{"name":"LDR","freq":"310.000","type":"ndb","uuid":"ndb-ldr"}},{"type":"Feature","geometry":{"type":"Point","coordinates":[3176304.7270535994,-1728163.3437654085]},"properties":{"name":"LE","freq":"325.000","type":"ndb","uuid":"ndb-le"}},{"type":"Feature","geometry":{"type":"Point","coordinates":[1854975.4270417916,8325093.852964966]},"properties":{"name":"LE","freq":"333.000","type":"ndb","uuid":"ndb-le"}},{"type":"Feature","geometry":{"type":"Point","coordinates":[243307.33129924568,6984755.356628076]},"properties":{"name":"LEA","freq":"317.000","type":"ndb","uuid":"ndb-lea"}},{"type":"Feature","geometry":{"type":"Point","coordinates":[15411321.083495887,-3580743.429227625]},"properties":{"name":"LEC","freq":"287.000","type":"ndb","uuid":"ndb-lec"}},{"type":"Feature","geometry":{"type":"Point","coordinates":[6104018.683320341,3064959.5140519985]},"properties":{"name":"LEN","freq":"408.000","type":"ndb","uuid":"ndb-len"}},{"type":"Feature","geometry":{"type":"Point","coordinates":[13505312.441861069,-3360234.984050423]},"properties":{"name":"LEO","freq":"377.000","type":"ndb","uuid":"ndb-leo"}},{"type":"Feature","geometry":{"type":"Point","coordinates":[-10555867.25119912,3661203.3185971733]},"properties":{"name":"LF","freq":"350.000","type":"ndb","uuid":"ndb-lf"}},{"type":"Feature","geometry":{"type":"Point","coordinates":[-10231139.731138766,3540790.3404946406]},"properties":{"name":"LF","freq":"375.000","type":"ndb","uuid":"ndb-lf"}},{"type":"Feature","geometry":{"type":"Point","coordinates":[748700.262345089,9625287.607583331]},"properties":{"name":"LF71","freq":"402.000","type":"ndb","uuid":"ndb-lf71"}},{"type":"Feature","geometry":{"type":"Point","coordinates":[-13131549.58284662,5675601.4694381775]},"properties":{"name":"LGD","freq":"296.000","type":"ndb","uuid":"ndb-lgd"}},{"type":"Feature","geometry":{"type":"Point","coordinates":[-9893478.865261404,4947708.487909012]},"properties":{"name":"LH","freq":"334.000","type":"ndb","uuid":"ndb-lh"}},{"type":"Feature","geometry":{"type":"Point","coordinates":[12282250.422347022,2407983.1944797183]},"properties":{"name":"LH","freq":"356.000","type":"ndb","uuid":"ndb-lh"}},{"type":"Feature","geometry":{"type":"Point","coordinates":[3767886.4337032465,-1556153.1199261271]},"properties":{"name":"LH","freq":"378.000","type":"ndb","uuid":"ndb-lh"}},{"type":"Feature","geometry":{"type":"Point","coordinates":[13173140.30716559,560070.991273564]},"properties":{"name":"LHD","freq":"334.000","type":"ndb","uuid":"ndb-lhd"}},{"type":"Feature","geometry":{"type":"Point","coordinates":[17707919.11269809,-3701631.2696974077]},"properties":{"name":"LHI","freq":"272.000","type":"ndb","uuid":"ndb-lhi"}},{"type":"Feature","geometry":{"type":"Point","coordinates":[869534.7866139177,6165069.394662224]},"properties":{"name":"LHR","freq":"337.000","type":"ndb","uuid":"ndb-lhr"}},{"type":"Feature","geometry":{"type":"Point","coordinates":[15952500.47876658,-1435589.8468843678]},"properties":{"name":"LHR","freq":"392.000","type":"ndb","uuid":"ndb-lhr"}},{"type":"Feature","geometry":{"type":"Point","coordinates":[-10275389.785326546,4118995.3143981886]},"properties":{"name":"LI","freq":"353.000","type":"ndb","uuid":"ndb-li"}},{"type":"Feature","geometry":{"type":"Point","coordinates":[3842192.2247298374,3757842.4350605397]},"properties":{"name":"LIAAD","freq":"00.000","type":"ndb","uuid":"ndb-liaad"}},{"type":"Feature","geometry":{"type":"Point","coordinates":[2074253.116603836,404732.10301584]},"properties":{"name":"LIB","freq":"336.000","type":"ndb","uuid":"ndb-lib"}},{"type":"Feature","geometry":{"type":"Point","coordinates":[2393016.478490375,241695.3632056864]},"properties":{"name":"LIS","freq":"324.000","type":"ndb","uuid":"ndb-lis"}},{"type":"Feature","geometry":{"type":"Point","coordinates":[786170.959543559,6608400.872940015]},"properties":{"name":"LJ","freq":"365.000","type":"ndb","uuid":"ndb-lj"}},{"type":"Feature","geometry":{"type":"Point","coordinates":[13797426.597937474,5974109.220215095]},"properties":{"name":"LJ","freq":"177.000","type":"ndb","uuid":"ndb-lj"}},{"type":"Feature","geometry":{"type":"Point","coordinates":[2610442.0281801843,-380567.2399733923]},"properties":{"name":"LJA","freq":"285.000","type":"ndb","uuid":"ndb-lja"}},{"type":"Feature","geometry":{"type":"Point","coordinates":[-9532665.802610936,4599901.832645126]},"properties":{"name":"LK","freq":"414.000","type":"ndb","uuid":"ndb-lk"}},{"type":"Feature","geometry":{"type":"Point","coordinates":[-19905409.1518704,-2061557.4108519491]},"properties":{"name":"LK","freq":"391.000","type":"ndb","uuid":"ndb-lk"}},{"type":"Feature","geometry":{"type":"Point","coordinates":[10821732.24042439,2236396.999166645]},"properties":{"name":"LK","freq":"295.000","type":"ndb","uuid":"ndb-lk"}},{"type":"Feature","geometry":{"type":"Point","coordinates":[-9362877.295382535,3786235.4004439716]},"properties":{"name":"LKG","freq":"242.000","type":"ndb","uuid":"ndb-lkg"}},{"type":"Feature","geometry":{"type":"Point","coordinates":[2902315.5177019117,5554968.692409529]},"properties":{"name":"LL","freq":"659.000","type":"ndb","uuid":"ndb-ll"}},{"type":"Feature","geometry":{"type":"Point","coordinates":[-8493458.157350719,4336869.950634604]},"properties":{"name":"LLW","freq":"254.000","type":"ndb","uuid":"ndb-llw"}},{"type":"Feature","geometry":{"type":"Point","coordinates":[6182164.965857217,6763313.254367176]},"properties":{"name":"LM","freq":"415.000","type":"ndb","uuid":"ndb-lm"}},{"type":"Feature","geometry":{"type":"Point","coordinates":[711879.7637390943,6687168.219198233]},"properties":{"name":"LMA","freq":"311.000","type":"ndb","uuid":"ndb-lma"}},{"type":"Feature","geometry":{"type":"Point","coordinates":[67122.52981818559,5421828.230340916]},"properties":{"name":"LMT","freq":"420.000","type":"ndb","uuid":"ndb-lmt"}},{"type":"Feature","geometry":{"type":"Point","coordinates":[14713959.824200615,5374328.107110238]},"properties":{"name":"LN","freq":"368.000","type":"ndb","uuid":"ndb-ln"}},{"type":"Feature","geometry":{"type":"Point","coordinates":[1043604.7342244709,59640.255371020976]},"properties":{"name":"LN","freq":"305.000","type":"ndb","uuid":"ndb-ln"}},{"type":"Feature","geometry":{"type":"Point","coordinates":[3158577.314599336,-1687043.1411706174]},"properties":{"name":"LN","freq":"338.000","type":"ndb","uuid":"ndb-ln"}},{"type":"Feature","geometry":{"type":"Point","coordinates":[3371008.9791659173,-221980.89159683505]},"properties":{"name":"LO","freq":"255.000","type":"ndb","uuid":"ndb-lo"}},{"type":"Feature","geometry":{"type":"Point","coordinates":[4177480.28473886,7430309.936140303]},"properties":{"name":"LO","freq":"999.999","type":"ndb","uuid":"ndb-lo"}},{"type":"Feature","geometry":{"type":"Point","coordinates":[8282308.3676427035,3690645.9102321644]},"properties":{"name":"LO","freq":"338.000","type":"ndb","uuid":"ndb-lo"}},{"type":"Feature","geometry":{"type":"Point","coordinates":[-12378455.509277841,5554926.671487489]},"properties":{"name":"LO","freq":"415.000","type":"ndb","uuid":"ndb-lo"}},{"type":"Feature","geometry":{"type":"Point","coordinates":[1714454.9475665153,14503785.904010577]},"properties":{"name":"LON","freq":"350.000","type":"ndb","uuid":"ndb-lon"}},{"type":"Feature","geometry":{"type":"Point","coordinates":[-383016.29168663936,6067548.766722988]},"properties":{"name":"LOR","freq":"359.000","type":"ndb","uuid":"ndb-lor"}},{"type":"Feature","geometry":{"type":"Point","coordinates":[1611109.9521845412,5547377.301898079]},"properties":{"name":"LOS","freq":"429.000","type":"ndb","uuid":"ndb-los"}},{"type":"Feature","geometry":{"type":"Point","coordinates":[698127.8176777047,6274578.506012634]},"properties":{"name":"LOU","freq":"388.000","type":"ndb","uuid":"ndb-lou"}},{"type":"Feature","geometry":{"type":"Point","coordinates":[11077120.550384058,2070116.332302643]},"properties":{"name":"LP","freq":"395.000","type":"ndb","uuid":"ndb-lp"}},{"type":"Feature","geometry":{"type":"Point","coordinates":[-303360.176711716,7046062.879056336]},"properties":{"name":"LPL","freq":"349.500","type":"ndb","uuid":"ndb-lpl"}},{"type":"Feature","geometry":{"type":"Point","coordinates":[-9974579.134174805,4853148.477652815]},"properties":{"name":"LQ","freq":"375.000","type":"ndb","uuid":"ndb-lq"}},{"type":"Feature","geometry":{"type":"Point","coordinates":[1479925.158116319,9772941.95912897]},"properties":{"name":"LR","freq":"335.000","type":"ndb","uuid":"ndb-lr"}},{"type":"Feature","geometry":{"type":"Point","coordinates":[72138.12224211886,5094242.066560044]},"properties":{"name":"LRD","freq":"404.000","type":"ndb","uuid":"ndb-lrd"}},{"type":"Feature","geometry":{"type":"Point","coordinates":[2983626.396907477,4464795.193980669]},"properties":{"name":"LRO","freq":"419.000","type":"ndb","uuid":"ndb-lro"}},{"type":"Feature","geometry":{"type":"Point","coordinates":[5373592.84503844,7229685.529627093]},"properties":{"name":"LS","freq":"332.000","type":"ndb","uuid":"ndb-ls"}},{"type":"Feature","geometry":{"type":"Point","coordinates":[9632661.101748697,10291540.658679415]},"properties":{"name":"LS","freq":"315.000","type":"ndb","uuid":"ndb-ls"}},{"type":"Feature","geometry":{"type":"Point","coordinates":[14702122.882601678,5367745.578370712]},"properties":{"name":"LS","freq":"630.000","type":"ndb","uuid":"ndb-ls"}},{"type":"Feature","geometry":{"type":"Point","coordinates":[7303665.544686361,8874386.965094589]},"properties":{"name":"LS","freq":"298.000","type":"ndb","uuid":"ndb-ls"}},{"type":"Feature","geometry":{"type":"Point","coordinates":[14031265.217038166,5692645.178123244]},"properties":{"name":"LS","freq":"445.000","type":"ndb","uuid":"ndb-ls"}},{"type":"Feature","geometry":{"type":"Point","coordinates":[2500500.7963712546,4814472.617612716]},"properties":{"name":"LSA","freq":"362.000","type":"ndb","uuid":"ndb-lsa"}},{"type":"Feature","geometry":{"type":"Point","coordinates":[10882081.010149887,2629313.319876937]},"properties":{"name":"LSO","freq":"370.000","type":"ndb","uuid":"ndb-lso"}},{"type":"Feature","geometry":{"type":"Point","coordinates":[-6925355.933836705,17402657.543541055]},"properties":{"name":"LT","freq":"305.000","type":"ndb","uuid":"ndb-lt"}},{"type":"Feature","geometry":{"type":"Point","coordinates":[16481991.605802704,11282602.114019232]},"properties":{"name":"LT","freq":"600.000","type":"ndb","uuid":"ndb-lt"}},{"type":"Feature","geometry":{"type":"Point","coordinates":[1429595.8228479952,7718745.5695509]},"properties":{"name":"LT","freq":"336.000","type":"ndb","uuid":"ndb-lt"}},{"type":"Feature","geometry":{"type":"Point","coordinates":[16389012.001117622,-5095461.022097445]},"properties":{"name":"LT","freq":"242.000","type":"ndb","uuid":"ndb-lt"}},{"type":"Feature","geometry":{"type":"Point","coordinates":[9498149.95760725,3200206.1661801217]},"properties":{"name":"LTH","freq":"230.000","type":"ndb","uuid":"ndb-lth"}},{"type":"Feature","geometry":{"type":"Point","coordinates":[4001073.277185344,4229342.724769924]},"properties":{"name":"LTK","freq":"414.000","type":"ndb","uuid":"ndb-ltk"}},{"type":"Feature","geometry":{"type":"Point","coordinates":[3894697.917887331,3742144.3851960795]},"properties":{"name":"LTRUN","freq":"00.000","type":"ndb","uuid":"ndb-ltrun"}},{"type":"Feature","geometry":{"type":"Point","coordinates":[4632461.627781516,5101438.653923014]},"properties":{"name":"LU","freq":"430.000","type":"ndb","uuid":"ndb-lu"}},{"type":"Feature","geometry":{"type":"Point","coordinates":[13558816.05240936,2892885.3572147237]},"properties":{"name":"LU","freq":"357.000","type":"ndb","uuid":"ndb-lu"}},{"type":"Feature","geometry":{"type":"Point","coordinates":[726378.2615966564,5371042.620564526]},"properties":{"name":"LU","freq":"378.000","type":"ndb","uuid":"ndb-lu"}},{"type":"Feature","geometry":{"type":"Point","coordinates":[1480984.0229283287,-982655.3859875224]},"properties":{"name":"LU","freq":"258.000","type":"ndb","uuid":"ndb-lu"}},{"type":"Feature","geometry":{"type":"Point","coordinates":[-8735503.249312691,4678692.367010789]},"properties":{"name":"LUA","freq":"245.000","type":"ndb","uuid":"ndb-lua"}},{"type":"Feature","geometry":{"type":"Point","coordinates":[1103329.8674248783,6143239.1106334515]},"properties":{"name":"LUP","freq":"407.000","type":"ndb","uuid":"ndb-lup"}},{"type":"Feature","geometry":{"type":"Point","coordinates":[-18487496.06220451,10710911.41883653]},"properties":{"name":"LUR","freq":"385.000","type":"ndb","uuid":"ndb-lur"}},{"type":"Feature","geometry":{"type":"Point","coordinates":[5955867.933036961,7736010.28845841]},"properties":{"name":"LV","freq":"635.000","type":"ndb","uuid":"ndb-lv"}},{"type":"Feature","geometry":{"type":"Point","coordinates":[-13545810.472611662,4536037.870670675]},"properties":{"name":"LV","freq":"374.000","type":"ndb","uuid":"ndb-lv"}},{"type":"Feature","geometry":{"type":"Point","coordinates":[5942936.380700637,3098510.000429637]},"properties":{"name":"LVA","freq":"310.000","type":"ndb","uuid":"ndb-lva"}},{"type":"Feature","geometry":{"type":"Point","coordinates":[1256747.2665060093,9462176.541015893]},"properties":{"name":"LVK","freq":"284.500","type":"ndb","uuid":"ndb-lvk"}},{"type":"Feature","geometry":{"type":"Point","coordinates":[2961856.97374251,4728793.173535397]},"properties":{"name":"LVO","freq":"397.000","type":"ndb","uuid":"ndb-lvo"}},{"type":"Feature","geometry":{"type":"Point","coordinates":[-8957718.876691336,4548713.63582597]},"properties":{"name":"LW","freq":"346.000","type":"ndb","uuid":"ndb-lw"}},{"type":"Feature","geometry":{"type":"Point","coordinates":[-13293371.603482643,6456823.074043874]},"properties":{"name":"LW","freq":"257.000","type":"ndb","uuid":"ndb-lw"}},{"type":"Feature","geometry":{"type":"Point","coordinates":[12544593.386571918,-873421.0606401381]},"properties":{"name":"LW","freq":"290.000","type":"ndb","uuid":"ndb-lw"}},{"type":"Feature","geometry":{"type":"Point","coordinates":[3158250.839270504,-1726526.1098549422]},"properties":{"name":"LW","freq":"386.000","type":"ndb","uuid":"ndb-lw"}},{"type":"Feature","geometry":{"type":"Point","coordinates":[17642917.86854321,7004097.333075076]},"properties":{"name":"LW","freq":"920.000","type":"ndb","uuid":"ndb-lw"}},{"type":"Feature","geometry":{"type":"Point","coordinates":[-8821313.538647799,4475754.984890335]},"properties":{"name":"LY","freq":"385.000","type":"ndb","uuid":"ndb-ly"}},{"type":"Feature","geometry":{"type":"Point","coordinates":[3144094.6488471315,-1746121.3657570381]},"properties":{"name":"LY","freq":"235.000","type":"ndb","uuid":"ndb-ly"}},{"type":"Feature","geometry":{"type":"Point","coordinates":[11324145.272390021,1973112.3883145628]},"properties":{"name":"LY","freq":"325.000","type":"ndb","uuid":"ndb-ly"}},{"type":"Feature","geometry":{"type":"Point","coordinates":[-9409276.496028403,3629159.794722048]},"properties":{"name":"LYZ","freq":"359.000","type":"ndb","uuid":"ndb-lyz"}},{"type":"Feature","geometry":{"type":"Point","coordinates":[14185721.010513835,6511372.537351077]},"properties":{"name":"LZ","freq":"350.000","type":"ndb","uuid":"ndb-lz"}},{"type":"Feature","geometry":{"type":"Point","coordinates":[2871427.1419940484,-2016472.0914840112]},"properties":{"name":"LZ","freq":"308.000","type":"ndb","uuid":"ndb-lz"}},{"type":"Feature","geometry":{"type":"Point","coordinates":[104561.16081889084,6614010.527526164]},"properties":{"name":"LZD","freq":"397.000","type":"ndb","uuid":"ndb-lzd"}},{"type":"Feature","geometry":{"type":"Point","coordinates":[5366128.192894974,7217799.738398081]},"properties":{"name":"M","freq":"680.000","type":"ndb","uuid":"ndb-m"}},{"type":"Feature","geometry":{"type":"Point","coordinates":[5876382.693480404,7289525.270347019]},"properties":{"name":"M","freq":"672.000","type":"ndb","uuid":"ndb-m"}},{"type":"Feature","geometry":{"type":"Point","coordinates":[14056483.75093704,5723079.82301714]},"properties":{"name":"M","freq":"202.000","type":"ndb","uuid":"ndb-m"}},{"type":"Feature","geometry":{"type":"Point","coordinates":[5949532.060530138,7722433.8583234055]},"properties":{"name":"M","freq":"308.000","type":"ndb","uuid":"ndb-m"}},{"type":"Feature","geometry":{"type":"Point","coordinates":[6890490.669320252,4522959.058266538]},"properties":{"name":"M","freq":"213.000","type":"ndb","uuid":"ndb-m"}},{"type":"Feature","geometry":{"type":"Point","coordinates":[15660917.656804144,7011271.627322763]},"properties":{"name":"M","freq":"800.000","type":"ndb","uuid":"ndb-m"}},{"type":"Feature","geometry":{"type":"Point","coordinates":[4160296.884451688,7551976.169538518]},"properties":{"name":"M","freq":"338.000","type":"ndb","uuid":"ndb-m"}},{"type":"Feature","geometry":{"type":"Point","coordinates":[8643964.675435929,8563260.478794647]},"properties":{"name":"M","freq":"318.000","type":"ndb","uuid":"ndb-m"}},{"type":"Feature","geometry":{"type":"Point","coordinates":[14450114.015927931,8886145.541662384]},"properties":{"name":"M","freq":"685.000","type":"ndb","uuid":"ndb-m"}},{"type":"Feature","geometry":{"type":"Point","coordinates":[8357449.920668505,10448780.52823551]},"properties":{"name":"M","freq":"707.000","type":"ndb","uuid":"ndb-m"}},{"type":"Feature","geometry":{"type":"Point","coordinates":[17636965.39891593,7018437.2117499225]},"properties":{"name":"M","freq":"407.000","type":"ndb","uuid":"ndb-m"}},{"type":"Feature","geometry":{"type":"Point","coordinates":[-11390783.902566146,3761748.267531911]},"properties":{"name":"MA","freq":"326.000","type":"ndb","uuid":"ndb-ma"}},{"type":"Feature","geometry":{"type":"Point","coordinates":[-1061632.9257584417,947945.4633576501]},"properties":{"name":"MA","freq":"395.000","type":"ndb","uuid":"ndb-ma"}},{"type":"Feature","geometry":{"type":"Point","coordinates":[5161866.172991469,-1768028.445210363]},"properties":{"name":"MA","freq":"285.000","type":"ndb","uuid":"ndb-ma"}},{"type":"Feature","geometry":{"type":"Point","coordinates":[1454154.139400222,1327299.332025103]},"properties":{"name":"MA","freq":"332.000","type":"ndb","uuid":"ndb-ma"}},{"type":"Feature","geometry":{"type":"Point","coordinates":[3212995.847673628,-1246190.6864683086]},"properties":{"name":"MA","freq":"316.000","type":"ndb","uuid":"ndb-ma"}},{"type":"Feature","geometry":{"type":"Point","coordinates":[-15127774.87940503,9255874.069755554]},"properties":{"name":"MA","freq":"365.000","type":"ndb","uuid":"ndb-ma"}},{"type":"Feature","geometry":{"type":"Point","coordinates":[15527572.924471643,-2353216.6141372737]},"properties":{"name":"MA","freq":"338.000","type":"ndb","uuid":"ndb-ma"}},{"type":"Feature","geometry":{"type":"Point","coordinates":[-9523067.619660173,5502211.410377222]},"properties":{"name":"MA","freq":"336.000","type":"ndb","uuid":"ndb-ma"}},{"type":"Feature","geometry":{"type":"Point","coordinates":[3913560.356238555,3887011.0690578697]},"properties":{"name":"MACHR","freq":"00.000","type":"ndb","uuid":"ndb-machr"}},{"type":"Feature","geometry":{"type":"Point","coordinates":[3871939.235514181,3699378.6088436013]},"properties":{"name":"MACHZ","freq":"00.000","type":"ndb","uuid":"ndb-machz"}},{"type":"Feature","geometry":{"type":"Point","coordinates":[19065531.763850734,788504.33119925]},"properties":{"name":"MAJ","freq":"316.000","type":"ndb","uuid":"ndb-maj"}},{"type":"Feature","geometry":{"type":"Point","coordinates":[389219.35385652905,6615011.625570119]},"properties":{"name":"MAK","freq":"360.500","type":"ndb","uuid":"ndb-mak"}},{"type":"Feature","geometry":{"type":"Point","coordinates":[-8737528.707447676,-796886.3218461463]},"properties":{"name":"MAR","freq":"300.000","type":"ndb","uuid":"ndb-mar"}},{"type":"Feature","geometry":{"type":"Point","coordinates":[309708.72727165633,4395257.554141169]},"properties":{"name":"MAR","freq":"416.000","type":"ndb","uuid":"ndb-mar"}},{"type":"Feature","geometry":{"type":"Point","coordinates":[571876.0231556639,5386824.958303858]},"properties":{"name":"MAR","freq":"383.000","type":"ndb","uuid":"ndb-mar"}},{"type":"Feature","geometry":{"type":"Point","coordinates":[-8696377.571429014,-256490.42724771783]},"properties":{"name":"MAS","freq":"405.000","type":"ndb","uuid":"ndb-mas"}},{"type":"Feature","geometry":{"type":"Point","coordinates":[4873629.182013149,7478100.914314876]},"properties":{"name":"MB","freq":"430.000","type":"ndb","uuid":"ndb-mb"}},{"type":"Feature","geometry":{"type":"Point","coordinates":[-9589366.72538938,5507439.577419001]},"properties":{"name":"MB","freq":"254.000","type":"ndb","uuid":"ndb-mb"}},{"type":"Feature","geometry":{"type":"Point","coordinates":[2178800.7335513467,3557436.7581885844]},"properties":{"name":"MB","freq":"403.000","type":"ndb","uuid":"ndb-mb"}},{"type":"Feature","geometry":{"type":"Point","coordinates":[3724546.6637293478,-997317.2753159865]},"properties":{"name":"MB","freq":"320.000","type":"ndb","uuid":"ndb-mb"}},{"type":"Feature","geometry":{"type":"Point","coordinates":[16151375.84127684,-4576090.891485701]},"properties":{"name":"MB","freq":"398.000","type":"ndb","uuid":"ndb-mb"}},{"type":"Feature","geometry":{"type":"Point","coordinates":[-9370856.119885141,5382482.288843192]},"properties":{"name":"MB","freq":"257.000","type":"ndb","uuid":"ndb-mb"}},{"type":"Feature","geometry":{"type":"Point","coordinates":[418128.3453297651,6937807.5099421935]},"properties":{"name":"MB","freq":"358.000","type":"ndb","uuid":"ndb-mb"}},{"type":"Feature","geometry":{"type":"Point","coordinates":[5874515.092567782,7285215.928012761]},"properties":{"name":"MC","freq":"325.000","type":"ndb","uuid":"ndb-mc"}},{"type":"Feature","geometry":{"type":"Point","coordinates":[-10075573.525742436,3665846.1199367493]},"properties":{"name":"MC","freq":"413.000","type":"ndb","uuid":"ndb-mc"}},{"type":"Feature","geometry":{"type":"Point","coordinates":[11655181.60813652,2371387.852621406]},"properties":{"name":"MC","freq":"514.000","type":"ndb","uuid":"ndb-mc"}},{"type":"Feature","geometry":{"type":"Point","coordinates":[-4877927.351241002,-1886337.78700659]},"properties":{"name":"MCL","freq":"310.000","type":"ndb","uuid":"ndb-mcl"}},{"type":"Feature","geometry":{"type":"Point","coordinates":[3899800.030293275,3759810.68509137]},"properties":{"name":"MCZVA","freq":"00.000","type":"ndb","uuid":"ndb-mczva"}},{"type":"Feature","geometry":{"type":"Point","coordinates":[-9934768.284825293,4561111.102676297]},"properties":{"name":"MD","freq":"388.000","type":"ndb","uuid":"ndb-md"}},{"type":"Feature","geometry":{"type":"Point","coordinates":[-8560546.085360516,4901811.706226089]},"properties":{"name":"MD","freq":"204.000","type":"ndb","uuid":"ndb-md"}},{"type":"Feature","geometry":{"type":"Point","coordinates":[5947515.848097307,7718096.105862326]},"properties":{"name":"MD","freq":"635.000","type":"ndb","uuid":"ndb-md"}},{"type":"Feature","geometry":{"type":"Point","coordinates":[8694036.738992196,1101053.3445048707]},"properties":{"name":"MD","freq":"400.000","type":"ndb","uuid":"ndb-md"}},{"type":"Feature","geometry":{"type":"Point","coordinates":[4787733.733267586,5505813.876062249]},"properties":{"name":"MD","freq":"468.000","type":"ndb","uuid":"ndb-md"}},{"type":"Feature","geometry":{"type":"Point","coordinates":[418406.64405674837,6873840.500039285]},"properties":{"name":"MD","freq":"358.000","type":"ndb","uuid":"ndb-md"}},{"type":"Feature","geometry":{"type":"Point","coordinates":[3990829.657642548,3725212.9510980314]},"properties":{"name":"MDB","freq":"399.000","type":"ndb","uuid":"ndb-mdb"}},{"type":"Feature","geometry":{"type":"Point","coordinates":[16655204.764399119,-3837753.971300903]},"properties":{"name":"MDG","freq":"398.000","type":"ndb","uuid":"ndb-mdg"}},{"type":"Feature","geometry":{"type":"Point","coordinates":[8282367.366972824,3745706.8532754444]},"properties":{"name":"MDK","freq":"260.000","type":"ndb","uuid":"ndb-mdk"}},{"type":"Feature","geometry":{"type":"Point","coordinates":[10698469.06500934,1905495.9124358508]},"properties":{"name":"MDS","freq":"397.000","type":"ndb","uuid":"ndb-mds"}},{"type":"Feature","geometry":{"type":"Point","coordinates":[-19745761.541032456,3274735.497170488]},"properties":{"name":"MDY","freq":"400.000","type":"ndb","uuid":"ndb-mdy"}},{"type":"Feature","geometry":{"type":"Point","coordinates":[3026288.3548707687,4607379.3305354025]},"properties":{"name":"ME","freq":"405.000","type":"ndb","uuid":"ndb-me"}},{"type":"Feature","geometry":{"type":"Point","coordinates":[3068603.3361656726,-3429198.8346021143]},"properties":{"name":"ME","freq":"255.000","type":"ndb","uuid":"ndb-me"}},{"type":"Feature","geometry":{"type":"Point","coordinates":[10978293.209159281,1396972.2586436504]},"properties":{"name":"ME","freq":"300.000","type":"ndb","uuid":"ndb-me"}},{"type":"Feature","geometry":{"type":"Point","coordinates":[15665401.265750406,7010926.209042097]},"properties":{"name":"ME","freq":"444.000","type":"ndb","uuid":"ndb-me"}},{"type":"Feature","geometry":{"type":"Point","coordinates":[3869929.331185828,3758170.4544036575]},"properties":{"name":"MEHOL","freq":"00.000","type":"ndb","uuid":"ndb-mehol"}},{"type":"Feature","geometry":{"type":"Point","coordinates":[13195843.360715425,-3075522.0903682536]},"properties":{"name":"MEK","freq":"251.000","type":"ndb","uuid":"ndb-mek"}},{"type":"Feature","geometry":{"type":"Point","coordinates":[4153057.777965401,4324467.795681873]},"properties":{"name":"MER","freq":"365.000","type":"ndb","uuid":"ndb-mer"}},{"type":"Feature","geometry":{"type":"Point","coordinates":[16686729.763905993,-4427149.509623652]},"properties":{"name":"MER","freq":"395.000","type":"ndb","uuid":"ndb-mer"}},{"type":"Feature","geometry":{"type":"Point","coordinates":[3885266.6523285983,3568198.785317337]},"properties":{"name":"MESAR","freq":"00.000","type":"ndb","uuid":"ndb-mesar"}},{"type":"Feature","geometry":{"type":"Point","coordinates":[3885266.6523285983,3777941.047341401]},"properties":{"name":"MESIL","freq":"00.000","type":"ndb","uuid":"ndb-mesil"}},{"type":"Feature","geometry":{"type":"Point","coordinates":[3892038.6189406035,3790579.1522114435]},"properties":{"name":"MEYAL","freq":"00.000","type":"ndb","uuid":"ndb-meyal"}},{"type":"Feature","geometry":{"type":"Point","coordinates":[4032740.2399650654,3959980.354476018]},"properties":{"name":"MEZ","freq":"358.000","type":"ndb","uuid":"ndb-mez"}},{"type":"Feature","geometry":{"type":"Point","coordinates":[1425823.3289933342,7689416.1939363]},"properties":{"name":"MF","freq":"421.000","type":"ndb","uuid":"ndb-mf"}},{"type":"Feature","geometry":{"type":"Point","coordinates":[4412055.282271151,7563615.341392695]},"properties":{"name":"MF","freq":"478.000","type":"ndb","uuid":"ndb-mf"}},{"type":"Feature","geometry":{"type":"Point","coordinates":[-9177734.738165662,4977895.951426748]},"properties":{"name":"MF","freq":"372.000","type":"ndb","uuid":"ndb-mf"}},{"type":"Feature","geometry":{"type":"Point","coordinates":[3551250.0464369184,-1489836.3610138625]},"properties":{"name":"MF","freq":"401.000","type":"ndb","uuid":"ndb-mf"}},{"type":"Feature","geometry":{"type":"Point","coordinates":[-10943861.19391658,3030555.4404170043]},"properties":{"name":"MF","freq":"330.000","type":"ndb","uuid":"ndb-mf"}},{"type":"Feature","geometry":{"type":"Point","coordinates":[8182730.856738305,4074842.7045892314]},"properties":{"name":"MF","freq":"207.000","type":"ndb","uuid":"ndb-mf"}},{"type":"Feature","geometry":{"type":"Point","coordinates":[14453809.266424814,8890999.833032697]},"properties":{"name":"MF","freq":"334.000","type":"ndb","uuid":"ndb-mf"}},{"type":"Feature","geometry":{"type":"Point","coordinates":[669803.1298428103,5375353.88421257]},"properties":{"name":"MFB","freq":"688.000","type":"ndb","uuid":"ndb-mfb"}},{"type":"Feature","geometry":{"type":"Point","coordinates":[-9630319.589026105,3804284.658534175]},"properties":{"name":"MG","freq":"245.000","type":"ndb","uuid":"ndb-mg"}},{"type":"Feature","geometry":{"type":"Point","coordinates":[2577751.173461812,-1713913.6698415992]},"properties":{"name":"MG","freq":"391.000","type":"ndb","uuid":"ndb-mg"}},{"type":"Feature","geometry":{"type":"Point","coordinates":[-15014256.4885257,-2643484.4376624795]},"properties":{"name":"MG","freq":"341.000","type":"ndb","uuid":"ndb-mg"}},{"type":"Feature","geometry":{"type":"Point","coordinates":[14942600.812587846,-1352850.5633271963]},"properties":{"name":"MGD","freq":"401.000","type":"ndb","uuid":"ndb-mgd"}},{"type":"Feature","geometry":{"type":"Point","coordinates":[222267.94753931699,7837097.4128593635]},"properties":{"name":"MGO","freq":"363.500","type":"ndb","uuid":"ndb-mgo"}},{"type":"Feature","geometry":{"type":"Point","coordinates":[10906545.354498634,2190151.7325367387]},"properties":{"name":"MH","freq":"384.000","type":"ndb","uuid":"ndb-mh"}},{"type":"Feature","geometry":{"type":"Point","coordinates":[-16259562.925287515,-1623937.6152327256]},"properties":{"name":"MH","freq":"284.500","type":"ndb","uuid":"ndb-mh"}},{"type":"Feature","geometry":{"type":"Point","coordinates":[3097996.6911121826,11414050.40813468]},"properties":{"name":"MH","freq":"353.000","type":"ndb","uuid":"ndb-mh"}},{"type":"Feature","geometry":{"type":"Point","coordinates":[3953697.2480077664,3811538.146798525]},"properties":{"name":"MHOLA","freq":"00.000","type":"ndb","uuid":"ndb-mhola"}},{"type":"Feature","geometry":{"type":"Point","coordinates":[-9497858.980827149,4892261.864206162]},"properties":{"name":"MI","freq":"365.000","type":"ndb","uuid":"ndb-mi"}},{"type":"Feature","geometry":{"type":"Point","coordinates":[-329007.84724759765,4205789.801926324]},"properties":{"name":"MIA","freq":"292.000","type":"ndb","uuid":"ndb-mia"}},{"type":"Feature","geometry":{"type":"Point","coordinates":[15815592.966131238,-4062121.2505779425]},"properties":{"name":"MIA","freq":"272.000","type":"ndb","uuid":"ndb-mia"}},{"type":"Feature","geometry":{"type":"Point","coordinates":[3952893.242985512,3873607.4064086056]},"properties":{"name":"MIGDL","freq":"00.000","type":"ndb","uuid":"ndb-migdl"}},{"type":"Feature","geometry":{"type":"Point","coordinates":[-7873998.586933389,-1486402.6069076948]},"properties":{"name":"MIL","freq":"999.999","type":"ndb","uuid":"ndb-mil"}},{"type":"Feature","geometry":{"type":"Point","coordinates":[1291028.1036957982,6202249.719881683]},"properties":{"name":"MIQ","freq":"426.000","type":"ndb","uuid":"ndb-miq"}},{"type":"Feature","geometry":{"type":"Point","coordinates":[-7962554.262288103,5291319.766984265]},"properties":{"name":"MJ","freq":"209.000","type":"ndb","uuid":"ndb-mj"}},{"type":"Feature","geometry":{"type":"Point","coordinates":[14061903.433112554,5729554.550793642]},"properties":{"name":"MJ","freq":"417.000","type":"ndb","uuid":"ndb-mj"}},{"type":"Feature","geometry":{"type":"Point","coordinates":[5383070.370030014,-2416664.5156345875]},"properties":{"name":"MJ","freq":"376.000","type":"ndb","uuid":"ndb-mj"}},{"type":"Feature","geometry":{"type":"Point","coordinates":[7585426.647976107,3164882.8973651836]},"properties":{"name":"MJ","freq":"304.000","type":"ndb","uuid":"ndb-mj"}},{"type":"Feature","geometry":{"type":"Point","coordinates":[16607337.38335801,-2411235.7154699536]},"properties":{"name":"MK","freq":"308.000","type":"ndb","uuid":"ndb-mk"}},{"type":"Feature","geometry":{"type":"Point","coordinates":[-15991629.248858334,-1872895.495514201]},"properties":{"name":"MK","freq":"383.000","type":"ndb","uuid":"ndb-mk"}},{"type":"Feature","geometry":{"type":"Point","coordinates":[17536839.639519375,7043497.065138577]},"properties":{"name":"MK","freq":"345.000","type":"ndb","uuid":"ndb-mk"}},{"type":"Feature","geometry":{"type":"Point","coordinates":[10837739.1173822,2922941.4227405475]},"properties":{"name":"MK","freq":"275.000","type":"ndb","uuid":"ndb-mk"}},{"type":"Feature","geometry":{"type":"Point","coordinates":[10829104.373702176,2918881.3251565113]},"properties":{"name":"MKA","freq":"410.000","type":"ndb","uuid":"ndb-mka"}},{"type":"Feature","geometry":{"type":"Point","coordinates":[3875278.820237979,3710772.9622653695]},"properties":{"name":"MKGAT","freq":"00.000","type":"ndb","uuid":"ndb-mkgat"}},{"type":"Feature","geometry":{"type":"Point","coordinates":[2821392.803376326,4500641.489313415]},"properties":{"name":"MKO","freq":"401.000","type":"ndb","uuid":"ndb-mko"}},{"type":"Feature","geometry":{"type":"Point","coordinates":[10676998.658365477,2384060.225115007]},"properties":{"name":"MKT","freq":"350.000","type":"ndb","uuid":"ndb-mkt"}},{"type":"Feature","geometry":{"type":"Point","coordinates":[3481566.4880447104,3508967.555568655]},"properties":{"name":"MKT","freq":"317.000","type":"ndb","uuid":"ndb-mkt"}},{"type":"Feature","geometry":{"type":"Point","coordinates":[8229788.048341002,7603504.559927449]},"properties":{"name":"ML","freq":"740.000","type":"ndb","uuid":"ndb-ml"}},{"type":"Feature","geometry":{"type":"Point","coordinates":[12547561.968170566,-885970.066822816]},"properties":{"name":"ML","freq":"342.000","type":"ndb","uuid":"ndb-ml"}},{"type":"Feature","geometry":{"type":"Point","coordinates":[12529008.65786086,3884248.110576742]},"properties":{"name":"ML","freq":"446.000","type":"ndb","uuid":"ndb-ml"}},{"type":"Feature","geometry":{"type":"Point","coordinates":[-10253008.445105104,3823061.8600292024]},"properties":{"name":"ML","freq":"392.000","type":"ndb","uuid":"ndb-ml"}},{"type":"Feature","geometry":{"type":"Point","coordinates":[224277.48080270103,8513604.372201791]},"properties":{"name":"MLI","freq":"434.000","type":"ndb","uuid":"ndb-mli"}},{"type":"Feature","geometry":{"type":"Point","coordinates":[2724243.077799886,4397004.397407605]},"properties":{"name":"MLO","freq":"378.000","type":"ndb","uuid":"ndb-mlo"}},{"type":"Feature","geometry":{"type":"Point","coordinates":[1617377.54873701,4275262.957884682]},"properties":{"name":"MLT","freq":"395.000","type":"ndb","uuid":"ndb-mlt"}},{"type":"Feature","geometry":{"type":"Point","coordinates":[10871208.868393239,1856119.1273656515]},"properties":{"name":"MM","freq":"330.000","type":"ndb","uuid":"ndb-mm"}},{"type":"Feature","geometry":{"type":"Point","coordinates":[-8274858.310721363,4994639.776340167]},"properties":{"name":"MM","freq":"392.000","type":"ndb","uuid":"ndb-mm"}},{"type":"Feature","geometry":{"type":"Point","coordinates":[3937184.82595135,3665837.836635911]},"properties":{"name":"MMORR","freq":"00.000","type":"ndb","uuid":"ndb-mmorr"}},{"type":"Feature","geometry":{"type":"Point","coordinates":[5458211.026315473,-2131958.523876382]},"properties":{"name":"MMY","freq":"267.000","type":"ndb","uuid":"ndb-mmy"}},{"type":"Feature","geometry":{"type":"Point","coordinates":[10429070.33131508,2136655.1661144085]},"properties":{"name":"MN","freq":"216.000","type":"ndb","uuid":"ndb-mn"}},{"type":"Feature","geometry":{"type":"Point","coordinates":[469019.9367928375,4842207.205881328]},"properties":{"name":"MN","freq":"344.000","type":"ndb","uuid":"ndb-mn"}},{"type":"Feature","geometry":{"type":"Point","coordinates":[721282.2717627056,1081499.943434275]},"properties":{"name":"MN","freq":"350.000","type":"ndb","uuid":"ndb-mn"}},{"type":"Feature","geometry":{"type":"Point","coordinates":[1789184.0618789282,962963.3262127836]},"properties":{"name":"MN","freq":"315.000","type":"ndb","uuid":"ndb-mn"}},{"type":"Feature","geometry":{"type":"Point","coordinates":[1299763.9007358002,6166186.179150416]},"properties":{"name":"MNE","freq":"369.000","type":"ndb","uuid":"ndb-mne"}},{"type":"Feature","geometry":{"type":"Point","coordinates":[-8928505.642865345,3973599.5673490954]},"properties":{"name":"MNI","freq":"381.000","type":"ndb","uuid":"ndb-mni"}},{"type":"Feature","geometry":{"type":"Point","coordinates":[-16291857.049709529,8654403.058431715]},"properties":{"name":"MNL","freq":"524.000","type":"ndb","uuid":"ndb-mnl"}},{"type":"Feature","geometry":{"type":"Point","coordinates":[3875618.994048595,3755291.514650267]},"properties":{"name":"MNSZN","freq":"00.000","type":"ndb","uuid":"ndb-mnszn"}},{"type":"Feature","geometry":{"type":"Point","coordinates":[1326276.2144943378,6169346.920758504]},"properties":{"name":"MNW","freq":"338.000","type":"ndb","uuid":"ndb-mnw"}},{"type":"Feature","geometry":{"type":"Point","coordinates":[10759368.958980506,2643141.489079561]},"properties":{"name":"MO","freq":"220.000","type":"ndb","uuid":"ndb-mo"}},{"type":"Feature","geometry":{"type":"Point","coordinates":[-9829869.362118088,3601700.9672075654]},"properties":{"name":"MOB","freq":"248.000","type":"ndb","uuid":"ndb-mob"}},{"type":"Feature","geometry":{"type":"Point","coordinates":[16411461.493605092,-229553.25613195548]},"properties":{"name":"MOE","freq":"212.000","type":"ndb","uuid":"ndb-moe"}},{"type":"Feature","geometry":{"type":"Point","coordinates":[-13634598.898468375,5120213.2483784035]},"properties":{"name":"MOG","freq":"404.000","type":"ndb","uuid":"ndb-mog"}},{"type":"Feature","geometry":{"type":"Point","coordinates":[13118302.779896785,-3257059.877014586]},"properties":{"name":"MOG","freq":"395.000","type":"ndb","uuid":"ndb-mog"}},{"type":"Feature","geometry":{"type":"Point","coordinates":[102373.39268191447,2436324.4985472467]},"properties":{"name":"MOK","freq":"304.000","type":"ndb","uuid":"ndb-mok"}},{"type":"Feature","geometry":{"type":"Point","coordinates":[16681411.25877878,-3439084.7491158424]},"properties":{"name":"MOR","freq":"392.000","type":"ndb","uuid":"ndb-mor"}},{"type":"Feature","geometry":{"type":"Point","coordinates":[3922156.694694258,3863380.822631888]},"properties":{"name":"MOVIL","freq":"00.000","type":"ndb","uuid":"ndb-movil"}},{"type":"Feature","geometry":{"type":"Point","coordinates":[13281932.845517855,1329946.4898760177]},"properties":{"name":"MP","freq":"315.000","type":"ndb","uuid":"ndb-mp"}},{"type":"Feature","geometry":{"type":"Point","coordinates":[12200121.468572449,7518538.917173544]},"properties":{"name":"MP","freq":"625.000","type":"ndb","uuid":"ndb-mp"}},{"type":"Feature","geometry":{"type":"Point","coordinates":[8642177.348245,8569238.891981017]},"properties":{"name":"MP","freq":"655.000","type":"ndb","uuid":"ndb-mp"}},{"type":"Feature","geometry":{"type":"Point","coordinates":[-6276845.315907055,5957998.512396384]},"properties":{"name":"MQ","freq":"402.000","type":"ndb","uuid":"ndb-mq"}},{"type":"Feature","geometry":{"type":"Point","coordinates":[-8426334.73079219,4288975.629011888]},"properties":{"name":"MQI","freq":"370.000","type":"ndb","uuid":"ndb-mqi"}},{"type":"Feature","geometry":{"type":"Point","coordinates":[10439025.416922158,2984071.3453544793]},"properties":{"name":"MR","freq":"422.000","type":"ndb","uuid":"ndb-mr"}},{"type":"Feature","geometry":{"type":"Point","coordinates":[6890490.885774816,4519057.070010891]},"properties":{"name":"MR","freq":"439.000","type":"ndb","uuid":"ndb-mr"}},{"type":"Feature","geometry":{"type":"Point","coordinates":[6555029.600269287,2353465.157029694]},"properties":{"name":"MR","freq":"343.000","type":"ndb","uuid":"ndb-mr"}},{"type":"Feature","geometry":{"type":"Point","coordinates":[3060543.8050322398,-3451276.328312112]},"properties":{"name":"MR","freq":"215.000","type":"ndb","uuid":"ndb-mr"}},{"type":"Feature","geometry":{"type":"Point","coordinates":[14981593.463680025,6200576.441717449]},"properties":{"name":"MR","freq":"305.000","type":"ndb","uuid":"ndb-mr"}},{"type":"Feature","geometry":{"type":"Point","coordinates":[5045926.9233302735,1743233.6101058268]},"properties":{"name":"MRB","freq":"271.000","type":"ndb","uuid":"ndb-mrb"}},{"type":"Feature","geometry":{"type":"Point","coordinates":[3931062.25395772,3841926.4342029225]},"properties":{"name":"MRHVA","freq":"00.000","type":"ndb","uuid":"ndb-mrhva"}},{"type":"Feature","geometry":{"type":"Point","coordinates":[3873021.508341338,3760284.5710950443]},"properties":{"name":"MRISN","freq":"00.000","type":"ndb","uuid":"ndb-mrisn"}},{"type":"Feature","geometry":{"type":"Point","coordinates":[301242.8799968279,6563360.929276717]},"properties":{"name":"MRV","freq":"404.000","type":"ndb","uuid":"ndb-mrv"}},{"type":"Feature","geometry":{"type":"Point","coordinates":[-10063269.258736733,3506794.087195834]},"properties":{"name":"MS","freq":"338.000","type":"ndb","uuid":"ndb-ms"}},{"type":"Feature","geometry":{"type":"Point","coordinates":[1182574.7805696435,4262908.3417617185]},"properties":{"name":"MS","freq":"275.000","type":"ndb","uuid":"ndb-ms"}},{"type":"Feature","geometry":{"type":"Point","coordinates":[10969399.462130675,1886156.0270318296]},"properties":{"name":"MS","freq":"316.000","type":"ndb","uuid":"ndb-ms"}},{"type":"Feature","geometry":{"type":"Point","coordinates":[4380022.078366721,1765765.5695873573]},"properties":{"name":"MS","freq":"230.000","type":"ndb","uuid":"ndb-ms"}},{"type":"Feature","geometry":{"type":"Point","coordinates":[3433522.882065261,-2274238.572173901]},"properties":{"name":"MS","freq":"317.000","type":"ndb","uuid":"ndb-ms"}},{"type":"Feature","geometry":{"type":"Point","coordinates":[3488123.8863382116,-3062446.17509491]},"properties":{"name":"MS","freq":"262.500","type":"ndb","uuid":"ndb-ms"}},{"type":"Feature","geometry":{"type":"Point","coordinates":[-8339585.894461374,5598584.348225743]},"properties":{"name":"MS","freq":"278.000","type":"ndb","uuid":"ndb-ms"}},{"type":"Feature","geometry":{"type":"Point","coordinates":[11049251.375721073,2334383.8819107944]},"properties":{"name":"MS","freq":"312.000","type":"ndb","uuid":"ndb-ms"}},{"type":"Feature","geometry":{"type":"Point","coordinates":[1476708.364975282,9829840.063251065]},"properties":{"name":"MS","freq":"324.000","type":"ndb","uuid":"ndb-ms"}},{"type":"Feature","geometry":{"type":"Point","coordinates":[6422104.913482047,-2325261.462892636]},"properties":{"name":"MS","freq":"343.000","type":"ndb","uuid":"ndb-ms"}},{"type":"Feature","geometry":{"type":"Point","coordinates":[4327798.765650872,5973720.139570926]},"properties":{"name":"MS","freq":"350.000","type":"ndb","uuid":"ndb-ms"}},{"type":"Feature","geometry":{"type":"Point","coordinates":[6638859.423096938,4332112.175436513]},"properties":{"name":"MSD","freq":"385.000","type":"ndb","uuid":"ndb-msd"}},{"type":"Feature","geometry":{"type":"Point","coordinates":[1297192.9770959294,6162502.335413814]},"properties":{"name":"MSE","freq":"358.000","type":"ndb","uuid":"ndb-mse"}},{"type":"Feature","geometry":{"type":"Point","coordinates":[-8672376.408928208,4643806.967294554]},"properties":{"name":"MSQ","freq":"351.000","type":"ndb","uuid":"ndb-msq"}},{"type":"Feature","geometry":{"type":"Point","coordinates":[1325121.2747773577,6165679.441193667]},"properties":{"name":"MSW","freq":"400.000","type":"ndb","uuid":"ndb-msw"}},{"type":"Feature","geometry":{"type":"Point","coordinates":[-8292812.412949794,6411607.70793351]},"properties":{"name":"MT","freq":"209.000","type":"ndb","uuid":"ndb-mt"}},{"type":"Feature","geometry":{"type":"Point","coordinates":[2884009.676804654,-2097069.5579013873]},"properties":{"name":"MT","freq":"260.000","type":"ndb","uuid":"ndb-mt"}},{"type":"Feature","geometry":{"type":"Point","coordinates":[-9762971.91412587,5496390.168751613]},"properties":{"name":"MT","freq":"362.000","type":"ndb","uuid":"ndb-mt"}},{"type":"Feature","geometry":{"type":"Point","coordinates":[4473321.510133268,-1156481.928950266]},"properties":{"name":"MT","freq":"336.000","type":"ndb","uuid":"ndb-mt"}},{"type":"Feature","geometry":{"type":"Point","coordinates":[7949633.06884884,3528521.849658116]},"properties":{"name":"MT","freq":"387.000","type":"ndb","uuid":"ndb-mt"}},{"type":"Feature","geometry":{"type":"Point","coordinates":[-227592.69892684778,5996721.735603456]},"properties":{"name":"MT","freq":"398.000","type":"ndb","uuid":"ndb-mt"}},{"type":"Feature","geometry":{"type":"Point","coordinates":[15671449.037230643,-4544529.687121757]},"properties":{"name":"MTG","freq":"266.000","type":"ndb","uuid":"ndb-mtg"}},{"type":"Feature","geometry":{"type":"Point","coordinates":[1496292.2463930887,-646615.5788702857]},"properties":{"name":"MTI","freq":"380.000","type":"ndb","uuid":"ndb-mti"}},{"type":"Feature","geometry":{"type":"Point","coordinates":[-10128081.352523504,3951897.6339894948]},"properties":{"name":"MTQ","freq":"359.000","type":"ndb","uuid":"ndb-mtq"}},{"type":"Feature","geometry":{"type":"Point","coordinates":[691139.3965002685,6321846.938288631]},"properties":{"name":"MTZ","freq":"354.000","type":"ndb","uuid":"ndb-mtz"}},{"type":"Feature","geometry":{"type":"Point","coordinates":[3061914.271652228,-3414217.2543494515]},"properties":{"name":"MU","freq":"317.000","type":"ndb","uuid":"ndb-mu"}},{"type":"Feature","geometry":{"type":"Point","coordinates":[11151337.254895933,6386401.796468322]},"properties":{"name":"MU","freq":"525.000","type":"ndb","uuid":"ndb-mu"}},{"type":"Feature","geometry":{"type":"Point","coordinates":[3635632.6633026013,-2147807.709919424]},"properties":{"name":"MU","freq":"405.000","type":"ndb","uuid":"ndb-mu"}},{"type":"Feature","geometry":{"type":"Point","coordinates":[4637702.889550951,4685912.365940783]},"properties":{"name":"MUS","freq":"319.000","type":"ndb","uuid":"ndb-mus"}},{"type":"Feature","geometry":{"type":"Point","coordinates":[735416.723963293,5370693.678803203]},"properties":{"name":"MUS","freq":"428.000","type":"ndb","uuid":"ndb-mus"}},{"type":"Feature","geometry":{"type":"Point","coordinates":[131530.1937104887,5385290.695548304]},"properties":{"name":"MUT","freq":"350.000","type":"ndb","uuid":"ndb-mut"}},{"type":"Feature","geometry":{"type":"Point","coordinates":[-2663545.445159077,11837890.935652697]},"properties":{"name":"MV","freq":"396.000","type":"ndb","uuid":"ndb-mv"}},{"type":"Feature","geometry":{"type":"Point","coordinates":[5498128.402233255,-2048248.2306759167]},"properties":{"name":"MV","freq":"267.000","type":"ndb","uuid":"ndb-mv"}},{"type":"Feature","geometry":{"type":"Point","coordinates":[288008.2294247387,6545853.9904809315]},"properties":{"name":"MVC","freq":"327.000","type":"ndb","uuid":"ndb-mvc"}},{"type":"Feature","geometry":{"type":"Point","coordinates":[-9904186.254171677,4556718.480344106]},"properties":{"name":"MW","freq":"382.000","type":"ndb","uuid":"ndb-mw"}},{"type":"Feature","geometry":{"type":"Point","coordinates":[10572538.89104945,2292135.047017839]},"properties":{"name":"MW","freq":"305.000","type":"ndb","uuid":"ndb-mw"}},{"type":"Feature","geometry":{"type":"Point","coordinates":[3469375.5504650506,-3076625.0841463637]},"properties":{"name":"MW","freq":"408.000","type":"ndb","uuid":"ndb-mw"}},{"type":"Feature","geometry":{"type":"Point","coordinates":[-9386852.51425757,4804833.39920998]},"properties":{"name":"MW","freq":"223.000","type":"ndb","uuid":"ndb-mw"}},{"type":"Feature","geometry":{"type":"Point","coordinates":[-13277577.47044057,5960981.5195944095]},"properties":{"name":"MW","freq":"408.000","type":"ndb","uuid":"ndb-mw"}},{"type":"Feature","geometry":{"type":"Point","coordinates":[-9761569.288541876,5122337.32177378]},"properties":{"name":"MX","freq":"248.000","type":"ndb","uuid":"ndb-mx"}},{"type":"Feature","geometry":{"type":"Point","coordinates":[11698256.03573528,7322824.580495475]},"properties":{"name":"MX","freq":"445.000","type":"ndb","uuid":"ndb-mx"}},{"type":"Feature","geometry":{"type":"Point","coordinates":[1227095.7740291823,185240.05414129296]},"properties":{"name":"MY","freq":"382.000","type":"ndb","uuid":"ndb-my"}},{"type":"Feature","geometry":{"type":"Point","coordinates":[868291.3479017566,6828985.387720991]},"properties":{"name":"MYN","freq":"371.000","type":"ndb","uuid":"ndb-myn"}},{"type":"Feature","geometry":{"type":"Point","coordinates":[3889286.553751547,3673689.583816825]},"properties":{"name":"MYTAR","freq":"00.000","type":"ndb","uuid":"ndb-mytar"}},{"type":"Feature","geometry":{"type":"Point","coordinates":[7666335.199988695,4558241.796710788]},"properties":{"name":"N","freq":"752.000","type":"ndb","uuid":"ndb-n"}},{"type":"Feature","geometry":{"type":"Point","coordinates":[3804983.684932185,7019242.319483953]},"properties":{"name":"N","freq":"668.000","type":"ndb","uuid":"ndb-n"}},{"type":"Feature","geometry":{"type":"Point","coordinates":[13322314.671088893,2993852.857856497]},"properties":{"name":"N","freq":"229.000","type":"ndb","uuid":"ndb-n"}},{"type":"Feature","geometry":{"type":"Point","coordinates":[3187574.835989834,6313613.42382447]},"properties":{"name":"N","freq":"842.000","type":"ndb","uuid":"ndb-n"}},{"type":"Feature","geometry":{"type":"Point","coordinates":[9589172.256423378,7417202.630600497]},"properties":{"name":"N","freq":"995.000","type":"ndb","uuid":"ndb-n"}},{"type":"Feature","geometry":{"type":"Point","coordinates":[12690505.4091292,8984186.508906748]},"properties":{"name":"N","freq":"770.000","type":"ndb","uuid":"ndb-n"}},{"type":"Feature","geometry":{"type":"Point","coordinates":[8090694.344594808,9741472.562510304]},"properties":{"name":"N","freq":"983.000","type":"ndb","uuid":"ndb-n"}},{"type":"Feature","geometry":{"type":"Point","coordinates":[4860147.06202861,5391702.063439373]},"properties":{"name":"N","freq":"350.000","type":"ndb","uuid":"ndb-n"}},{"type":"Feature","geometry":{"type":"Point","coordinates":[8517821.108196603,8618466.352651414]},"properties":{"name":"N","freq":"915.000","type":"ndb","uuid":"ndb-n"}},{"type":"Feature","geometry":{"type":"Point","coordinates":[8512954.003604556,9897684.964873848]},"properties":{"name":"N","freq":"568.000","type":"ndb","uuid":"ndb-n"}},{"type":"Feature","geometry":{"type":"Point","coordinates":[7304302.632316588,8890298.470481297]},"properties":{"name":"N","freq":"615.000","type":"ndb","uuid":"ndb-n"}},{"type":"Feature","geometry":{"type":"Point","coordinates":[4171666.9644750706,7460718.036281707]},"properties":{"name":"N","freq":"305.000","type":"ndb","uuid":"ndb-n"}},{"type":"Feature","geometry":{"type":"Point","coordinates":[3162172.377554505,7925757.124654434]},"properties":{"name":"N","freq":"620.000","type":"ndb","uuid":"ndb-n"}},{"type":"Feature","geometry":{"type":"Point","coordinates":[7410142.637630128,10037701.007466733]},"properties":{"name":"N","freq":"650.000","type":"ndb","uuid":"ndb-n"}},{"type":"Feature","geometry":{"type":"Point","coordinates":[4160293.885009853,7551456.823504674]},"properties":{"name":"N","freq":"770.000","type":"ndb","uuid":"ndb-n"}},{"type":"Feature","geometry":{"type":"Point","coordinates":[6221265.936998354,7272046.516236037]},"properties":{"name":"N","freq":"999.999","type":"ndb","uuid":"ndb-n"}},{"type":"Feature","geometry":{"type":"Point","coordinates":[6752937.194417505,5096180.079155371]},"properties":{"name":"N","freq":"485.000","type":"ndb","uuid":"ndb-n"}},{"type":"Feature","geometry":{"type":"Point","coordinates":[4155256.678051457,5619405.225559437]},"properties":{"name":"N","freq":"780.000","type":"ndb","uuid":"ndb-n"}},{"type":"Feature","geometry":{"type":"Point","coordinates":[5792308.648058785,7466049.021745379]},"properties":{"name":"NA","freq":"370.000","type":"ndb","uuid":"ndb-na"}},{"type":"Feature","geometry":{"type":"Point","coordinates":[-5055346.469420393,8665134.357886877]},"properties":{"name":"NA","freq":"359.000","type":"ndb","uuid":"ndb-na"}},{"type":"Feature","geometry":{"type":"Point","coordinates":[7304534.517000326,8896234.685353423]},"properties":{"name":"NA","freq":"298.000","type":"ndb","uuid":"ndb-na"}},{"type":"Feature","geometry":{"type":"Point","coordinates":[3947667.4113343838,3751320.3481225064]},"properties":{"name":"NAAMA","freq":"00.000","type":"ndb","uuid":"ndb-naama"}},{"type":"Feature","geometry":{"type":"Point","coordinates":[3977971.0504947747,3902901.684818421]},"properties":{"name":"NAFCH","freq":"00.000","type":"ndb","uuid":"ndb-nafch"}},{"type":"Feature","geometry":{"type":"Point","coordinates":[3869001.63784047,3748843.607733645]},"properties":{"name":"NAGID","freq":"00.000","type":"ndb","uuid":"ndb-nagid"}},{"type":"Feature","geometry":{"type":"Point","coordinates":[3876392.015145913,3729920.6247254023]},"properties":{"name":"NAHEM","freq":"00.000","type":"ndb","uuid":"ndb-nahem"}},{"type":"Feature","geometry":{"type":"Point","coordinates":[3874938.708271525,3718290.362290558]},"properties":{"name":"NAHLA","freq":"00.000","type":"ndb","uuid":"ndb-nahla"}},{"type":"Feature","geometry":{"type":"Point","coordinates":[552175.5964154128,7097472.117051973]},"properties":{"name":"NAL","freq":"422.000","type":"ndb","uuid":"ndb-nal"}},{"type":"Feature","geometry":{"type":"Point","coordinates":[537765.8449296774,7044170.141595595]},"properties":{"name":"NAM","freq":"402.000","type":"ndb","uuid":"ndb-nam"}},{"type":"Feature","geometry":{"type":"Point","coordinates":[3862600.767119856,3675716.6927712597]},"properties":{"name":"NASIH","freq":"00.000","type":"ndb","uuid":"ndb-nasih"}},{"type":"Feature","geometry":{"type":"Point","coordinates":[12067032.801990855,435225.53917110525]},"properties":{"name":"NAT","freq":"365.000","type":"ndb","uuid":"ndb-nat"}},{"type":"Feature","geometry":{"type":"Point","coordinates":[-2036432.3196068213,9694799.537704628]},"properties":{"name":"NB","freq":"387.000","type":"ndb","uuid":"ndb-nb"}},{"type":"Feature","geometry":{"type":"Point","coordinates":[-19958873.460454024,9748783.93896579]},"properties":{"name":"NB","freq":"400.000","type":"ndb","uuid":"ndb-nb"}},{"type":"Feature","geometry":{"type":"Point","coordinates":[16679126.42623025,-3544845.4659644617]},"properties":{"name":"NBR","freq":"413.000","type":"ndb","uuid":"ndb-nbr"}},{"type":"Feature","geometry":{"type":"Point","coordinates":[3839749.3803485404,3668442.468319204]},"properties":{"name":"NBSOR","freq":"00.000","type":"ndb","uuid":"ndb-nbsor"}},{"type":"Feature","geometry":{"type":"Point","coordinates":[9593334.368495816,7420271.079948465]},"properties":{"name":"NC","freq":"489.000","type":"ndb","uuid":"ndb-nc"}},{"type":"Feature","geometry":{"type":"Point","coordinates":[3872959.695101867,3670143.0480875364]},"properties":{"name":"NCITY","freq":"00.000","type":"ndb","uuid":"ndb-ncity"}},{"type":"Feature","geometry":{"type":"Point","coordinates":[-2703189.7791036083,1869972.4603345974]},"properties":{"name":"NCL","freq":"357.000","type":"ndb","uuid":"ndb-ncl"}},{"type":"Feature","geometry":{"type":"Point","coordinates":[3886936.444690497,3739123.7044279]},"properties":{"name":"NCSHN","freq":"00.000","type":"ndb","uuid":"ndb-ncshn"}},{"type":"Feature","geometry":{"type":"Point","coordinates":[4479960.171655048,5742592.6452256655]},"properties":{"name":"ND","freq":"507.000","type":"ndb","uuid":"ndb-nd"}},{"type":"Feature","geometry":{"type":"Point","coordinates":[8505514.05820363,9900041.477837712]},"properties":{"name":"ND","freq":"275.000","type":"ndb","uuid":"ndb-nd"}},{"type":"Feature","geometry":{"type":"Point","coordinates":[8057779.057414164,-813985.308260655]},"properties":{"name":"NDG","freq":"300.000","type":"ndb","uuid":"ndb-ndg"}},{"type":"Feature","geometry":{"type":"Point","coordinates":[18671368.371265188,974573.6679226832]},"properties":{"name":"NDJ","freq":"359.000","type":"ndb","uuid":"ndb-ndj"}},{"type":"Feature","geometry":{"type":"Point","coordinates":[4229614.974771205,7767844.045762353]},"properties":{"name":"NE","freq":"900.000","type":"ndb","uuid":"ndb-ne"}},{"type":"Feature","geometry":{"type":"Point","coordinates":[11641347.038275296,-53767.95088357633]},"properties":{"name":"NE","freq":"320.000","type":"ndb","uuid":"ndb-ne"}},{"type":"Feature","geometry":{"type":"Point","coordinates":[3878154.6046722196,3641337.8731109523]},"properties":{"name":"NEGEV","freq":"00.000","type":"ndb","uuid":"ndb-negev"}},{"type":"Feature","geometry":{"type":"Point","coordinates":[4863792.775352091,5393544.4839159055]},"properties":{"name":"NF","freq":"718.000","type":"ndb","uuid":"ndb-nf"}},{"type":"Feature","geometry":{"type":"Point","coordinates":[12975214.25253515,3149524.3751353705]},"properties":{"name":"NF","freq":"292.000","type":"ndb","uuid":"ndb-nf"}},{"type":"Feature","geometry":{"type":"Point","coordinates":[682079.226832927,5349720.067530679]},"properties":{"name":"NFA","freq":"640.000","type":"ndb","uuid":"ndb-nfa"}},{"type":"Feature","geometry":{"type":"Point","coordinates":[490504.5985159394,5443369.139258594]},"properties":{"name":"NG","freq":"354.000","type":"ndb","uuid":"ndb-ng"}},{"type":"Feature","geometry":{"type":"Point","coordinates":[-17561024.139037102,2445836.1264259834]},"properties":{"name":"NGF","freq":"265.000","type":"ndb","uuid":"ndb-ngf"}},{"type":"Feature","geometry":{"type":"Point","coordinates":[7667133.020594794,4554158.1811350975]},"properties":{"name":"NH","freq":"420.000","type":"ndb","uuid":"ndb-nh"}},{"type":"Feature","geometry":{"type":"Point","coordinates":[7613281.567559853,3026002.576936099]},"properties":{"name":"NH","freq":"393.000","type":"ndb","uuid":"ndb-nh"}},{"type":"Feature","geometry":{"type":"Point","coordinates":[11627846.457808534,6936581.295594134]},"properties":{"name":"NH","freq":"699.000","type":"ndb","uuid":"ndb-nh"}},{"type":"Feature","geometry":{"type":"Point","coordinates":[7600430.938308919,7997253.453874988]},"properties":{"name":"NH","freq":"372.000","type":"ndb","uuid":"ndb-nh"}},{"type":"Feature","geometry":{"type":"Point","coordinates":[-8505171.194171987,4619900.91336379]},"properties":{"name":"NHK","freq":"400.000","type":"ndb","uuid":"ndb-nhk"}},{"type":"Feature","geometry":{"type":"Point","coordinates":[3923888.36213979,3837853.036500078]},"properties":{"name":"NIRYA","freq":"00.000","type":"ndb","uuid":"ndb-nirya"}},{"type":"Feature","geometry":{"type":"Point","coordinates":[3848376.640885019,3727157.4279432883]},"properties":{"name":"NITZA","freq":"00.000","type":"ndb","uuid":"ndb-nitza"}},{"type":"Feature","geometry":{"type":"Point","coordinates":[3847758.1683474197,3600899.937210555]},"properties":{"name":"NIZAN","freq":"00.000","type":"ndb","uuid":"ndb-nizan"}},{"type":"Feature","geometry":{"type":"Point","coordinates":[3854746.589524857,3725812.415217209]},"properties":{"name":"NIZNM","freq":"00.000","type":"ndb","uuid":"ndb-niznm"}},{"type":"Feature","geometry":{"type":"Point","coordinates":[5806000.945426357,7478807.00583784]},"properties":{"name":"NK","freq":"370.000","type":"ndb","uuid":"ndb-nk"}},{"type":"Feature","geometry":{"type":"Point","coordinates":[18484292.194493234,7395579.403592651]},"properties":{"name":"NK","freq":"595.000","type":"ndb","uuid":"ndb-nk"}},{"type":"Feature","geometry":{"type":"Point","coordinates":[972142.8469668404,6332191.398577318]},"properties":{"name":"NKR","freq":"292.000","type":"ndb","uuid":"ndb-nkr"}},{"type":"Feature","geometry":{"type":"Point","coordinates":[19461785.303564247,-5046146.315939719]},"properties":{"name":"NL","freq":"358.000","type":"ndb","uuid":"ndb-nl"}},{"type":"Feature","geometry":{"type":"Point","coordinates":[3294726.401359484,-484385.34311208164]},"properties":{"name":"NL","freq":"375.000","type":"ndb","uuid":"ndb-nl"}},{"type":"Feature","geometry":{"type":"Point","coordinates":[3854468.290797873,3741452.829133949]},"properties":{"name":"NMASD","freq":"00.000","type":"ndb","uuid":"ndb-nmasd"}},{"type":"Feature","geometry":{"type":"Point","coordinates":[1314543.1401647269,9476587.184019005]},"properties":{"name":"NMS","freq":"329.000","type":"ndb","uuid":"ndb-nms"}},{"type":"Feature","geometry":{"type":"Point","coordinates":[9349569.390401088,7605674.337074068]},"properties":{"name":"NN","freq":"482.000","type":"ndb","uuid":"ndb-nn"}},{"type":"Feature","geometry":{"type":"Point","coordinates":[11219517.660019543,2132252.5172437467]},"properties":{"name":"NN","freq":"355.000","type":"ndb","uuid":"ndb-nn"}},{"type":"Feature","geometry":{"type":"Point","coordinates":[-5037392.521802365,8431905.251852782]},"properties":{"name":"NN","freq":"270.000","type":"ndb","uuid":"ndb-nn"}},{"type":"Feature","geometry":{"type":"Point","coordinates":[3439889.8003411824,6496210.5672336]},"properties":{"name":"NO","freq":"310.000","type":"ndb","uuid":"ndb-no"}},{"type":"Feature","geometry":{"type":"Point","coordinates":[522626.7343246809,7333420.211422762]},"properties":{"name":"NO","freq":"402.000","type":"ndb","uuid":"ndb-no"}},{"type":"Feature","geometry":{"type":"Point","coordinates":[8087964.017628537,9747932.956446722]},"properties":{"name":"NO","freq":"485.000","type":"ndb","uuid":"ndb-no"}},{"type":"Feature","geometry":{"type":"Point","coordinates":[4103647.6324702217,-152086.3895590935]},"properties":{"name":"NO","freq":"278.000","type":"ndb","uuid":"ndb-no"}},{"type":"Feature","geometry":{"type":"Point","coordinates":[5063472.111962525,4745345.92582566]},"properties":{"name":"NO","freq":"493.000","type":"ndb","uuid":"ndb-no"}},{"type":"Feature","geometry":{"type":"Point","coordinates":[12498581.392221527,3773159.573946681]},"properties":{"name":"NO","freq":"233.000","type":"ndb","uuid":"ndb-no"}},{"type":"Feature","geometry":{"type":"Point","coordinates":[3871228.027656335,3707179.3248905507]},"properties":{"name":"NOAAM","freq":"00.000","type":"ndb","uuid":"ndb-noaam"}},{"type":"Feature","geometry":{"type":"Point","coordinates":[-10914055.40025668,3235783.030300295]},"properties":{"name":"NOG","freq":"133.600","type":"ndb","uuid":"ndb-nog"}},{"type":"Feature","geometry":{"type":"Point","coordinates":[980303.8025252185,7129571.925171886]},"properties":{"name":"NOR","freq":"372.000","type":"ndb","uuid":"ndb-nor"}},{"type":"Feature","geometry":{"type":"Point","coordinates":[3163894.7065316425,7931022.51141055]},"properties":{"name":"NP","freq":"300.000","type":"ndb","uuid":"ndb-np"}},{"type":"Feature","geometry":{"type":"Point","coordinates":[9091187.606567746,3261566.2593477326]},"properties":{"name":"NPJ","freq":"330.000","type":"ndb","uuid":"ndb-npj"}},{"type":"Feature","geometry":{"type":"Point","coordinates":[7073061.6535335565,4714174.065533778]},"properties":{"name":"NQ","freq":"326.000","type":"ndb","uuid":"ndb-nq"}},{"type":"Feature","geometry":{"type":"Point","coordinates":[-556227.2857373995,6523272.333766632]},"properties":{"name":"NQY","freq":"347.000","type":"ndb","uuid":"ndb-nqy"}},{"type":"Feature","geometry":{"type":"Point","coordinates":[9232158.28061704,7243888.428178661]},"properties":{"name":"NR","freq":"750.000","type":"ndb","uuid":"ndb-nr"}},{"type":"Feature","geometry":{"type":"Point","coordinates":[2429550.978771273,5358273.747360087]},"properties":{"name":"NS","freq":"255.000","type":"ndb","uuid":"ndb-ns"}},{"type":"Feature","geometry":{"type":"Point","coordinates":[17422025.95359842,6711162.922163881]},"properties":{"name":"NS","freq":"435.000","type":"ndb","uuid":"ndb-ns"}},{"type":"Feature","geometry":{"type":"Point","coordinates":[3884122.5662619704,3751393.23754958]},"properties":{"name":"NSHRM","freq":"00.000","type":"ndb","uuid":"ndb-nshrm"}},{"type":"Feature","geometry":{"type":"Point","coordinates":[-841059.6010118868,3931652.6437589545]},"properties":{"name":"NSR","freq":"282.000","type":"ndb","uuid":"ndb-nsr"}},{"type":"Feature","geometry":{"type":"Point","coordinates":[5299311.4824556615,-2133242.0003529424]},"properties":{"name":"NT","freq":"370.000","type":"ndb","uuid":"ndb-nt"}},{"type":"Feature","geometry":{"type":"Point","coordinates":[2191549.9074552543,5933078.596513013]},"properties":{"name":"NT","freq":"313.000","type":"ndb","uuid":"ndb-nt"}},{"type":"Feature","geometry":{"type":"Point","coordinates":[11326730.358342888,728286.5460821445]},"properties":{"name":"NT","freq":"383.000","type":"ndb","uuid":"ndb-nt"}},{"type":"Feature","geometry":{"type":"Point","coordinates":[3871784.6251103017,3755910.946671812]},"properties":{"name":"NTAIM","freq":"00.000","type":"ndb","uuid":"ndb-ntaim"}},{"type":"Feature","geometry":{"type":"Point","coordinates":[15704177.957030447,-2001966.4235456157]},"properties":{"name":"NTN","freq":"311.000","type":"ndb","uuid":"ndb-ntn"}},{"type":"Feature","geometry":{"type":"Point","coordinates":[3851561.6152049378,3688610.9297185373]},"properties":{"name":"NTVOT","freq":"00.000","type":"ndb","uuid":"ndb-ntvot"}},{"type":"Feature","geometry":{"type":"Point","coordinates":[3805614.526302094,7014360.9480194105]},"properties":{"name":"NU","freq":"325.000","type":"ndb","uuid":"ndb-nu"}},{"type":"Feature","geometry":{"type":"Point","coordinates":[6755559.325023139,5093089.287879565]},"properties":{"name":"NU","freq":"983.000","type":"ndb","uuid":"ndb-nu"}},{"type":"Feature","geometry":{"type":"Point","coordinates":[-847061.4841242485,3952517.052262504]},"properties":{"name":"NUA","freq":"255.000","type":"ndb","uuid":"ndb-nua"}},{"type":"Feature","geometry":{"type":"Point","coordinates":[355102.92937022593,5934836.213586741]},"properties":{"name":"NV","freq":"394.000","type":"ndb","uuid":"ndb-nv"}},{"type":"Feature","geometry":{"type":"Point","coordinates":[1896027.6124019695,9493452.459738255]},"properties":{"name":"NV","freq":"406.000","type":"ndb","uuid":"ndb-nv"}},{"type":"Feature","geometry":{"type":"Point","coordinates":[654373.0115356316,6624719.144796256]},"properties":{"name":"NW","freq":"373.000","type":"ndb","uuid":"ndb-nw"}},{"type":"Feature","geometry":{"type":"Point","coordinates":[3182253.207732461,-1459161.007645866]},"properties":{"name":"NW","freq":"240.000","type":"ndb","uuid":"ndb-nw"}},{"type":"Feature","geometry":{"type":"Point","coordinates":[6522951.126438602,6633980.579581766]},"properties":{"name":"NW","freq":"385.000","type":"ndb","uuid":"ndb-nw"}},{"type":"Feature","geometry":{"type":"Point","coordinates":[4167368.7952472186,7460335.9413273465]},"properties":{"name":"NW","freq":"625.000","type":"ndb","uuid":"ndb-nw"}},{"type":"Feature","geometry":{"type":"Point","coordinates":[1867891.6111039696,8133930.266981539]},"properties":{"name":"NW","freq":"364.000","type":"ndb","uuid":"ndb-nw"}},{"type":"Feature","geometry":{"type":"Point","coordinates":[13335787.452605039,-2682650.9189129937]},"properties":{"name":"NWN","freq":"233.000","type":"ndb","uuid":"ndb-nwn"}},{"type":"Feature","geometry":{"type":"Point","coordinates":[1319847.5139010262,14888080.45459752]},"properties":{"name":"NYA","freq":"414.000","type":"ndb","uuid":"ndb-nya"}},{"type":"Feature","geometry":{"type":"Point","coordinates":[12685888.77339144,8981090.782209732]},"properties":{"name":"NZ","freq":"385.000","type":"ndb","uuid":"ndb-nz"}},{"type":"Feature","geometry":{"type":"Point","coordinates":[-969421.7657027219,873161.0302937927]},"properties":{"name":"NZ","freq":"382.000","type":"ndb","uuid":"ndb-nz"}},{"type":"Feature","geometry":{"type":"Point","coordinates":[8521738.873986749,8622730.43373948]},"properties":{"name":"NZ","freq":"450.000","type":"ndb","uuid":"ndb-nz"}},{"type":"Feature","geometry":{"type":"Point","coordinates":[3415827.4121204396,-2025297.1914963394]},"properties":{"name":"NZ","freq":"373.000","type":"ndb","uuid":"ndb-nz"}},{"type":"Feature","geometry":{"type":"Point","coordinates":[4416384.373579778,5656003.195502719]},"properties":{"name":"NZ","freq":"330.000","type":"ndb","uuid":"ndb-nz"}},{"type":"Feature","geometry":{"type":"Point","coordinates":[3362745.393221444,6547528.911091007]},"properties":{"name":"O","freq":"286.000","type":"ndb","uuid":"ndb-o"}},{"type":"Feature","geometry":{"type":"Point","coordinates":[3440118.561894763,6501129.032240787]},"properties":{"name":"O","freq":"640.000","type":"ndb","uuid":"ndb-o"}},{"type":"Feature","geometry":{"type":"Point","coordinates":[3803926.14976965,7026208.228916076]},"properties":{"name":"O","freq":"668.000","type":"ndb","uuid":"ndb-o"}},{"type":"Feature","geometry":{"type":"Point","coordinates":[4229163.481469796,8236911.278245482]},"properties":{"name":"O","freq":"825.000","type":"ndb","uuid":"ndb-o"}},{"type":"Feature","geometry":{"type":"Point","coordinates":[13202521.540656434,2852974.920346568]},"properties":{"name":"O","freq":"438.000","type":"ndb","uuid":"ndb-o"}},{"type":"Feature","geometry":{"type":"Point","coordinates":[11403098.62123515,11742436.142677458]},"properties":{"name":"O","freq":"681.000","type":"ndb","uuid":"ndb-o"}},{"type":"Feature","geometry":{"type":"Point","coordinates":[8296255.122812979,8899896.753348459]},"properties":{"name":"O","freq":"996.000","type":"ndb","uuid":"ndb-o"}},{"type":"Feature","geometry":{"type":"Point","coordinates":[6526766.818440106,6635058.337995968]},"properties":{"name":"O","freq":"780.000","type":"ndb","uuid":"ndb-o"}},{"type":"Feature","geometry":{"type":"Point","coordinates":[5490119.521468135,8070963.392852408]},"properties":{"name":"O","freq":"213.000","type":"ndb","uuid":"ndb-o"}},{"type":"Feature","geometry":{"type":"Point","coordinates":[3372952.7102414104,8352651.927475255]},"properties":{"name":"O","freq":"572.000","type":"ndb","uuid":"ndb-o"}},{"type":"Feature","geometry":{"type":"Point","coordinates":[-7154608.7465141695,-4379246.137342811]},"properties":{"name":"O","freq":"300.000","type":"ndb","uuid":"ndb-o"}},{"type":"Feature","geometry":{"type":"Point","coordinates":[2539147.8004445205,9027802.163015338]},"properties":{"name":"O","freq":"408.000","type":"ndb","uuid":"ndb-o"}},{"type":"Feature","geometry":{"type":"Point","coordinates":[4684803.49575506,5637913.425075394]},"properties":{"name":"O","freq":"358.000","type":"ndb","uuid":"ndb-o"}},{"type":"Feature","geometry":{"type":"Point","coordinates":[9733859.08429616,5449988.125620047]},"properties":{"name":"O","freq":"212.000","type":"ndb","uuid":"ndb-o"}},{"type":"Feature","geometry":{"type":"Point","coordinates":[8362304.65642824,10437708.884483881]},"properties":{"name":"O","freq":"707.000","type":"ndb","uuid":"ndb-o"}},{"type":"Feature","geometry":{"type":"Point","coordinates":[12766169.267021388,4622067.736448214]},"properties":{"name":"O","freq":"528.000","type":"ndb","uuid":"ndb-o"}},{"type":"Feature","geometry":{"type":"Point","coordinates":[-8650022.898579465,4130029.1300614993]},"properties":{"name":"OA","freq":"261.000","type":"ndb","uuid":"ndb-oa"}},{"type":"Feature","geometry":{"type":"Point","coordinates":[11389313.495781088,11735875.546318516]},"properties":{"name":"OA","freq":"332.000","type":"ndb","uuid":"ndb-oa"}},{"type":"Feature","geometry":{"type":"Point","coordinates":[374280.83478952566,4408601.5728955995]},"properties":{"name":"OA","freq":"342.000","type":"ndb","uuid":"ndb-oa"}},{"type":"Feature","geometry":{"type":"Point","coordinates":[-8510931.63767765,-312592.6605827333]},"properties":{"name":"OAS","freq":"00.000","type":"ndb","uuid":"ndb-oas"}},{"type":"Feature","geometry":{"type":"Point","coordinates":[11895260.581436517,-690909.6049683632]},"properties":{"name":"OB","freq":"360.000","type":"ndb","uuid":"ndb-ob"}},{"type":"Feature","geometry":{"type":"Point","coordinates":[630671.3293871395,5347020.4262403045]},"properties":{"name":"OB","freq":"395.000","type":"ndb","uuid":"ndb-ob"}},{"type":"Feature","geometry":{"type":"Point","coordinates":[4152829.263788467,7479485.630311407]},"properties":{"name":"OB","freq":"852.000","type":"ndb","uuid":"ndb-ob"}},{"type":"Feature","geometry":{"type":"Point","coordinates":[314435.8166819503,8509948.472723702]},"properties":{"name":"OBA","freq":"353.000","type":"ndb","uuid":"ndb-oba"}},{"type":"Feature","geometry":{"type":"Point","coordinates":[1256284.9504763288,6120281.28200238]},"properties":{"name":"OBI","freq":"429.000","type":"ndb","uuid":"ndb-obi"}},{"type":"Feature","geometry":{"type":"Point","coordinates":[-10544203.751551254,3695969.6660505487]},"properties":{"name":"OC","freq":"253.000","type":"ndb","uuid":"ndb-oc"}},{"type":"Feature","geometry":{"type":"Point","coordinates":[12752204.267823454,4643902.92005661]},"properties":{"name":"OC","freq":"235.000","type":"ndb","uuid":"ndb-oc"}},{"type":"Feature","geometry":{"type":"Point","coordinates":[-15554468.610187642,8298827.533049333]},"properties":{"name":"OCC","freq":"385.000","type":"ndb","uuid":"ndb-occ"}},{"type":"Feature","geometry":{"type":"Point","coordinates":[3803193.3273773408,7031210.541802434]},"properties":{"name":"OD","freq":"325.000","type":"ndb","uuid":"ndb-od"}},{"type":"Feature","geometry":{"type":"Point","coordinates":[2102512.8062249394,9208222.346706465]},"properties":{"name":"OD","freq":"322.000","type":"ndb","uuid":"ndb-od"}},{"type":"Feature","geometry":{"type":"Point","coordinates":[12124362.339749392,4109429.263663132]},"properties":{"name":"OD","freq":"202.000","type":"ndb","uuid":"ndb-od"}},{"type":"Feature","geometry":{"type":"Point","coordinates":[1794801.0269297916,10566382.887578905]},"properties":{"name":"ODD","freq":"365.000","type":"ndb","uuid":"ndb-odd"}},{"type":"Feature","geometry":{"type":"Point","coordinates":[-11014841.624376532,5104783.675948942]},"properties":{"name":"ODX","freq":"356.000","type":"ndb","uuid":"ndb-odx"}},{"type":"Feature","geometry":{"type":"Point","coordinates":[-2012393.5558557909,9791559.221353]},"properties":{"name":"OE","freq":"415.000","type":"ndb","uuid":"ndb-oe"}},{"type":"Feature","geometry":{"type":"Point","coordinates":[4146833.4723260184,7475004.166068704]},"properties":{"name":"OE","freq":"949.000","type":"ndb","uuid":"ndb-oe"}},{"type":"Feature","geometry":{"type":"Point","coordinates":[1569700.647713482,7556375.441528869]},"properties":{"name":"OEM","freq":"363.000","type":"ndb","uuid":"ndb-oem"}},{"type":"Feature","geometry":{"type":"Point","coordinates":[13200079.623937562,3852024.192311224]},"properties":{"name":"OF","freq":"340.000","type":"ndb","uuid":"ndb-of"}},{"type":"Feature","geometry":{"type":"Point","coordinates":[-288509.1671333084,6713945.846621279]},"properties":{"name":"OF","freq":"325.000","type":"ndb","uuid":"ndb-of"}},{"type":"Feature","geometry":{"type":"Point","coordinates":[12293469.880914945,-869224.4198453737]},"properties":{"name":"OF","freq":"270.000","type":"ndb","uuid":"ndb-of"}},{"type":"Feature","geometry":{"type":"Point","coordinates":[3853757.0829400276,3674666.8806559113]},"properties":{"name":"OFKIM","freq":"00.000","type":"ndb","uuid":"ndb-ofkim"}},{"type":"Feature","geometry":{"type":"Point","coordinates":[11449481.680554854,5814253.687511691]},"properties":{"name":"OG","freq":"505.000","type":"ndb","uuid":"ndb-og"}},{"type":"Feature","geometry":{"type":"Point","coordinates":[2332359.724840351,10185735.867768785]},"properties":{"name":"OG","freq":"325.000","type":"ndb","uuid":"ndb-og"}},{"type":"Feature","geometry":{"type":"Point","coordinates":[-8388251.683628115,5574651.765321891]},"properties":{"name":"OG","freq":"358.000","type":"ndb","uuid":"ndb-og"}},{"type":"Feature","geometry":{"type":"Point","coordinates":[-173145.09909662668,1378603.5926389336]},"properties":{"name":"OG","freq":"305.000","type":"ndb","uuid":"ndb-og"}},{"type":"Feature","geometry":{"type":"Point","coordinates":[3874443.92405703,3657593.4736781833]},"properties":{"name":"OHLIM","freq":"00.000","type":"ndb","uuid":"ndb-ohlim"}},{"type":"Feature","geometry":{"type":"Point","coordinates":[-9335451.976267006,3763027.607384081]},"properties":{"name":"OHY","freq":"400.000","type":"ndb","uuid":"ndb-ohy"}},{"type":"Feature","geometry":{"type":"Point","coordinates":[15907836.625293853,7077912.465450725]},"properties":{"name":"OI","freq":"786.000","type":"ndb","uuid":"ndb-oi"}},{"type":"Feature","geometry":{"type":"Point","coordinates":[-10738125.767786184,5230152.486367611]},"properties":{"name":"OI","freq":"305.000","type":"ndb","uuid":"ndb-oi"}},{"type":"Feature","geometry":{"type":"Point","coordinates":[-5766364.1873916155,430034.6976700105]},"properties":{"name":"OIA","freq":"340.000","type":"ndb","uuid":"ndb-oia"}},{"type":"Feature","geometry":{"type":"Point","coordinates":[-11191807.455773827,4841201.28099414]},"properties":{"name":"OIN","freq":"341.000","type":"ndb","uuid":"ndb-oin"}},{"type":"Feature","geometry":{"type":"Point","coordinates":[13205871.360588972,2858807.336937114]},"properties":{"name":"OJ","freq":"212.000","type":"ndb","uuid":"ndb-oj"}},{"type":"Feature","geometry":{"type":"Point","coordinates":[-1592634.6892067122,1227123.425010278]},"properties":{"name":"OK","freq":"382.000","type":"ndb","uuid":"ndb-ok"}},{"type":"Feature","geometry":{"type":"Point","coordinates":[-968457.9553670178,7155770.618971115]},"properties":{"name":"OK","freq":"398.000","type":"ndb","uuid":"ndb-ok"}},{"type":"Feature","geometry":{"type":"Point","coordinates":[1727127.1254892906,-483603.8620655207]},"properties":{"name":"OK","freq":"340.000","type":"ndb","uuid":"ndb-ok"}},{"type":"Feature","geometry":{"type":"Point","coordinates":[16891305.055409838,-3176213.2129487214]},"properties":{"name":"OK","freq":"254.000","type":"ndb","uuid":"ndb-ok"}},{"type":"Feature","geometry":{"type":"Point","coordinates":[533405.9243065167,725802.8839570804]},"properties":{"name":"OK","freq":"345.000","type":"ndb","uuid":"ndb-ok"}},{"type":"Feature","geometry":{"type":"Point","coordinates":[-11393645.710219873,5071690.828584806]},"properties":{"name":"OKS","freq":"233.000","type":"ndb","uuid":"ndb-oks"}},{"type":"Feature","geometry":{"type":"Point","coordinates":[8295302.691803001,8893792.1330868]},"properties":{"name":"OL","freq":"490.000","type":"ndb","uuid":"ndb-ol"}},{"type":"Feature","geometry":{"type":"Point","coordinates":[3453972.9528097627,-2036878.0968207105]},"properties":{"name":"OL","freq":"346.000","type":"ndb","uuid":"ndb-ol"}},{"type":"Feature","geometry":{"type":"Point","coordinates":[-982270.8179275355,6936704.000537643]},"properties":{"name":"OL","freq":"339.000","type":"ndb","uuid":"ndb-ol"}},{"type":"Feature","geometry":{"type":"Point","coordinates":[3881246.78182773,3820071.286247183]},"properties":{"name":"OLGAH","freq":"00.000","type":"ndb","uuid":"ndb-olgah"}},{"type":"Feature","geometry":{"type":"Point","coordinates":[-8693260.625686802,19348.00653706486]},"properties":{"name":"OLM","freq":"400.000","type":"ndb","uuid":"ndb-olm"}},{"type":"Feature","geometry":{"type":"Point","coordinates":[-9815333.263010303,4681388.566886077]},"properties":{"name":"OLY","freq":"272.000","type":"ndb","uuid":"ndb-oly"}},{"type":"Feature","geometry":{"type":"Point","coordinates":[529784.9177255769,7475226.317644473]},"properties":{"name":"OM","freq":"615.000","type":"ndb","uuid":"ndb-om"}},{"type":"Feature","geometry":{"type":"Point","coordinates":[2737621.4542034217,3744179.281767307]},"properties":{"name":"OM","freq":"344.000","type":"ndb","uuid":"ndb-om"}},{"type":"Feature","geometry":{"type":"Point","coordinates":[3477620.8614597856,-3070388.4428072143]},"properties":{"name":"OM","freq":"240.000","type":"ndb","uuid":"ndb-om"}},{"type":"Feature","geometry":{"type":"Point","coordinates":[8884736.272423226,1341962.445228019]},"properties":{"name":"OM","freq":"385.000","type":"ndb","uuid":"ndb-om"}},{"type":"Feature","geometry":{"type":"Point","coordinates":[3877072.300922983,3668478.647646648]},"properties":{"name":"OMMER","freq":"00.000","type":"ndb","uuid":"ndb-ommer"}},{"type":"Feature","geometry":{"type":"Point","coordinates":[12759149.367165722,6130789.262474523]},"properties":{"name":"ON","freq":"430.000","type":"ndb","uuid":"ndb-on"}},{"type":"Feature","geometry":{"type":"Point","coordinates":[-39114.85515540573,4261421.462213098]},"properties":{"name":"ON","freq":"415.000","type":"ndb","uuid":"ndb-on"}},{"type":"Feature","geometry":{"type":"Point","coordinates":[10984210.180237833,397483.94362146466]},"properties":{"name":"ON","freq":"375.000","type":"ndb","uuid":"ndb-on"}},{"type":"Feature","geometry":{"type":"Point","coordinates":[8365548.413623716,10430516.14734579]},"properties":{"name":"ON","freq":"345.000","type":"ndb","uuid":"ndb-on"}},{"type":"Feature","geometry":{"type":"Point","coordinates":[508309.501704627,6650961.441955743]},"properties":{"name":"ONW","freq":"355.000","type":"ndb","uuid":"ndb-onw"}},{"type":"Feature","geometry":{"type":"Point","coordinates":[2129807.7887699963,9191673.416985273]},"properties":{"name":"OO","freq":"369.000","type":"ndb","uuid":"ndb-oo"}},{"type":"Feature","geometry":{"type":"Point","coordinates":[-10361351.902078262,3718428.3336665886]},"properties":{"name":"OOC","freq":"407.000","type":"ndb","uuid":"ndb-ooc"}},{"type":"Feature","geometry":{"type":"Point","coordinates":[15606897.090909438,-3262134.9164933036]},"properties":{"name":"OOM","freq":"227.000","type":"ndb","uuid":"ndb-oom"}},{"type":"Feature","geometry":{"type":"Point","coordinates":[2276789.7153221257,10413639.049471404]},"properties":{"name":"OP","freq":"360.000","type":"ndb","uuid":"ndb-op"}},{"type":"Feature","geometry":{"type":"Point","coordinates":[4680836.192791509,5636910.274832366]},"properties":{"name":"OP","freq":"730.000","type":"ndb","uuid":"ndb-op"}},{"type":"Feature","geometry":{"type":"Point","coordinates":[2917822.9721331107,5554825.52688301]},"properties":{"name":"OPE","freq":"349.000","type":"ndb","uuid":"ndb-ope"}},{"type":"Feature","geometry":{"type":"Point","coordinates":[2892596.769558205,5552164.873064078]},"properties":{"name":"OPW","freq":"267.500","type":"ndb","uuid":"ndb-opw"}},{"type":"Feature","geometry":{"type":"Point","coordinates":[11171729.068440251,-103035.89580267643]},"properties":{"name":"OQ","freq":"295.000","type":"ndb","uuid":"ndb-oq"}},{"type":"Feature","geometry":{"type":"Point","coordinates":[-18142029.59732105,10320420.36269024]},"properties":{"name":"OQK","freq":"414.000","type":"ndb","uuid":"ndb-oqk"}},{"type":"Feature","geometry":{"type":"Point","coordinates":[-9065183.064297631,3313026.801214196]},"properties":{"name":"OR","freq":"221.000","type":"ndb","uuid":"ndb-or"}},{"type":"Feature","geometry":{"type":"Point","coordinates":[2816661.384874724,-2423903.3165571825]},"properties":{"name":"OR","freq":"295.000","type":"ndb","uuid":"ndb-or"}},{"type":"Feature","geometry":{"type":"Point","coordinates":[6530975.375477868,6636047.5849688575]},"properties":{"name":"OR","freq":"385.000","type":"ndb","uuid":"ndb-or"}},{"type":"Feature","geometry":{"type":"Point","coordinates":[2440583.977192118,5958470.927904599]},"properties":{"name":"ORA","freq":"418.000","type":"ndb","uuid":"ndb-ora"}},{"type":"Feature","geometry":{"type":"Point","coordinates":[-7160533.509957075,-2650101.3804937536]},"properties":{"name":"ORA","freq":"285.000","type":"ndb","uuid":"ndb-ora"}},{"type":"Feature","geometry":{"type":"Point","coordinates":[1095569.3528125482,5723446.970183054]},"properties":{"name":"ORI","freq":"376.500","type":"ndb","uuid":"ndb-ori"}},{"type":"Feature","geometry":{"type":"Point","coordinates":[3888389.782486965,3830187.139854905]},"properties":{"name":"ORKAV","freq":"00.000","type":"ndb","uuid":"ndb-orkav"}},{"type":"Feature","geometry":{"type":"Point","coordinates":[249649.41914430397,6096444.890557351]},"properties":{"name":"ORS","freq":"322.000","type":"ndb","uuid":"ndb-ors"}},{"type":"Feature","geometry":{"type":"Point","coordinates":[-766145.5726564339,3623308.014987155]},"properties":{"name":"ORZ","freq":"384.000","type":"ndb","uuid":"ndb-orz"}},{"type":"Feature","geometry":{"type":"Point","coordinates":[-9261565.766954465,4876645.867123642]},"properties":{"name":"OS","freq":"515.000","type":"ndb","uuid":"ndb-os"}},{"type":"Feature","geometry":{"type":"Point","coordinates":[649295.6367943081,625375.1654160788]},"properties":{"name":"OS","freq":"325.000","type":"ndb","uuid":"ndb-os"}},{"type":"Feature","geometry":{"type":"Point","coordinates":[-9858186.906952322,5445942.561850452]},"properties":{"name":"OS","freq":"395.000","type":"ndb","uuid":"ndb-os"}},{"type":"Feature","geometry":{"type":"Point","coordinates":[-563666.2416317407,6184603.134346066]},"properties":{"name":"OSA","freq":"351.000","type":"ndb","uuid":"ndb-osa"}},{"type":"Feature","geometry":{"type":"Point","coordinates":[-18019592.969125137,8578061.011808177]},"properties":{"name":"OSE","freq":"251.000","type":"ndb","uuid":"ndb-ose"}},{"type":"Feature","geometry":{"type":"Point","coordinates":[2096992.9055856317,5693505.092461924]},"properties":{"name":"OSJ","freq":"422.000","type":"ndb","uuid":"ndb-osj"}},{"type":"Feature","geometry":{"type":"Point","coordinates":[3843119.8562310333,3741380.0724561326]},"properties":{"name":"OSNAT","freq":"00.000","type":"ndb","uuid":"ndb-osnat"}},{"type":"Feature","geometry":{"type":"Point","coordinates":[-10627015.001038149,5406425.267193785]},"properties":{"name":"OT","freq":"277.000","type":"ndb","uuid":"ndb-ot"}},{"type":"Feature","geometry":{"type":"Point","coordinates":[1772389.6304458356,-134710.03032262265]},"properties":{"name":"OTK","freq":"262.000","type":"ndb","uuid":"ndb-otk"}},{"type":"Feature","geometry":{"type":"Point","coordinates":[2894374.7582807387,5554117.980230051]},"properties":{"name":"OTL","freq":"370.000","type":"ndb","uuid":"ndb-otl"}},{"type":"Feature","geometry":{"type":"Point","coordinates":[2920507.0087444605,5556892.052136711]},"properties":{"name":"OTR","freq":"318.000","type":"ndb","uuid":"ndb-otr"}},{"type":"Feature","geometry":{"type":"Point","coordinates":[12774325.89348846,-382751.0888254446]},"properties":{"name":"OU","freq":"390.000","type":"ndb","uuid":"ndb-ou"}},{"type":"Feature","geometry":{"type":"Point","coordinates":[19050361.70024288,-5613233.611412388]},"properties":{"name":"OU","freq":"302.000","type":"ndb","uuid":"ndb-ou"}},{"type":"Feature","geometry":{"type":"Point","coordinates":[3873176.118745218,3607162.483991724]},"properties":{"name":"OVDAT","freq":"00.000","type":"ndb","uuid":"ndb-ovdat"}},{"type":"Feature","geometry":{"type":"Point","coordinates":[4225786.821171148,8233161.479943832]},"properties":{"name":"OW","freq":"405.000","type":"ndb","uuid":"ndb-ow"}},{"type":"Feature","geometry":{"type":"Point","coordinates":[-10369997.777707366,5476875.093986002]},"properties":{"name":"OW","freq":"379.000","type":"ndb","uuid":"ndb-ow"}},{"type":"Feature","geometry":{"type":"Point","coordinates":[-10603673.190065725,4656350.869129963]},"properties":{"name":"OWI","freq":"251.000","type":"ndb","uuid":"ndb-owi"}},{"type":"Feature","geometry":{"type":"Point","coordinates":[11983311.299212161,-772593.7069598568]},"properties":{"name":"OY","freq":"300.000","type":"ndb","uuid":"ndb-oy"}},{"type":"Feature","geometry":{"type":"Point","coordinates":[11987253.771744847,-730736.0181373948]},"properties":{"name":"OZ","freq":"385.000","type":"ndb","uuid":"ndb-oz"}},{"type":"Feature","geometry":{"type":"Point","coordinates":[-4804518.269634831,8412488.758903086]},"properties":{"name":"OZN","freq":"372.000","type":"ndb","uuid":"ndb-ozn"}},{"type":"Feature","geometry":{"type":"Point","coordinates":[8227611.195698541,2285773.4283534256]},"properties":{"name":"OZR","freq":"324.000","type":"ndb","uuid":"ndb-ozr"}},{"type":"Feature","geometry":{"type":"Point","coordinates":[12297411.580395613,3389486.2029596614]},"properties":{"name":"P","freq":"384.000","type":"ndb","uuid":"ndb-p"}},{"type":"Feature","geometry":{"type":"Point","coordinates":[15887295.056112338,5927468.467027931]},"properties":{"name":"P","freq":"645.000","type":"ndb","uuid":"ndb-p"}},{"type":"Feature","geometry":{"type":"Point","coordinates":[10511568.64934452,6742899.773420794]},"properties":{"name":"P","freq":"996.000","type":"ndb","uuid":"ndb-p"}},{"type":"Feature","geometry":{"type":"Point","coordinates":[12249786.010026172,2905623.4271486225]},"properties":{"name":"P","freq":"330.000","type":"ndb","uuid":"ndb-p"}},{"type":"Feature","geometry":{"type":"Point","coordinates":[13993987.751922468,5467276.181281139]},"properties":{"name":"P","freq":"198.000","type":"ndb","uuid":"ndb-p"}},{"type":"Feature","geometry":{"type":"Point","coordinates":[12299360.908367725,2265311.2879126035]},"properties":{"name":"P","freq":"402.000","type":"ndb","uuid":"ndb-p"}},{"type":"Feature","geometry":{"type":"Point","coordinates":[3642327.2937905863,10688599.34492937]},"properties":{"name":"P","freq":"999.999","type":"ndb","uuid":"ndb-p"}},{"type":"Feature","geometry":{"type":"Point","coordinates":[8094847.241887174,9731554.392074969]},"properties":{"name":"P","freq":"983.000","type":"ndb","uuid":"ndb-p"}},{"type":"Feature","geometry":{"type":"Point","coordinates":[4177944.1468725796,7461264.129567359]},"properties":{"name":"P","freq":"305.000","type":"ndb","uuid":"ndb-p"}},{"type":"Feature","geometry":{"type":"Point","coordinates":[1755564.678919017,6448436.04231729]},"properties":{"name":"P","freq":"888.000","type":"ndb","uuid":"ndb-p"}},{"type":"Feature","geometry":{"type":"Point","coordinates":[11991919.975578096,1851033.7596562011]},"properties":{"name":"P","freq":"348.000","type":"ndb","uuid":"ndb-p"}},{"type":"Feature","geometry":{"type":"Point","coordinates":[10015714.469010187,8760252.56623795]},"properties":{"name":"P","freq":"600.000","type":"ndb","uuid":"ndb-p"}},{"type":"Feature","geometry":{"type":"Point","coordinates":[5658320.272614935,8771553.55178294]},"properties":{"name":"P","freq":"705.000","type":"ndb","uuid":"ndb-p"}},{"type":"Feature","geometry":{"type":"Point","coordinates":[13887727.948440311,7415063.764556816]},"properties":{"name":"P","freq":"975.000","type":"ndb","uuid":"ndb-p"}},{"type":"Feature","geometry":{"type":"Point","coordinates":[6216139.117849871,7281218.581768356]},"properties":{"name":"P","freq":"999.999","type":"ndb","uuid":"ndb-p"}},{"type":"Feature","geometry":{"type":"Point","coordinates":[7215519.0921486365,8419709.571114693]},"properties":{"name":"P","freq":"378.000","type":"ndb","uuid":"ndb-p"}},{"type":"Feature","geometry":{"type":"Point","coordinates":[4159848.607046679,5624500.063722952]},"properties":{"name":"P","freq":"780.000","type":"ndb","uuid":"ndb-p"}},{"type":"Feature","geometry":{"type":"Point","coordinates":[15059764.57664777,7303430.49870504]},"properties":{"name":"PA","freq":"890.000","type":"ndb","uuid":"ndb-pa"}},{"type":"Feature","geometry":{"type":"Point","coordinates":[10873146.043987608,1908270.4248817016]},"properties":{"name":"PA","freq":"365.000","type":"ndb","uuid":"ndb-pa"}},{"type":"Feature","geometry":{"type":"Point","coordinates":[314050.867698371,4807892.150352505]},"properties":{"name":"PA","freq":"307.500","type":"ndb","uuid":"ndb-pa"}},{"type":"Feature","geometry":{"type":"Point","coordinates":[4432127.08320152,-586146.0774919835]},"properties":{"name":"PA","freq":"345.000","type":"ndb","uuid":"ndb-pa"}},{"type":"Feature","geometry":{"type":"Point","coordinates":[12251823.15670769,2925572.3288108828]},"properties":{"name":"PA","freq":"286.000","type":"ndb","uuid":"ndb-pa"}},{"type":"Feature","geometry":{"type":"Point","coordinates":[961730.794850057,6732329.096915648]},"properties":{"name":"PAD","freq":"354.000","type":"ndb","uuid":"ndb-pad"}},{"type":"Feature","geometry":{"type":"Point","coordinates":[5339708.428924198,4804882.786021909]},"properties":{"name":"PAD","freq":"450.000","type":"ndb","uuid":"ndb-pad"}},{"type":"Feature","geometry":{"type":"Point","coordinates":[-5697176.897473781,-3503514.102105384]},"properties":{"name":"PAG","freq":"330.000","type":"ndb","uuid":"ndb-pag"}},{"type":"Feature","geometry":{"type":"Point","coordinates":[2553975.247397377,10232756.037887847]},"properties":{"name":"PAJ","freq":"390.000","type":"ndb","uuid":"ndb-paj"}},{"type":"Feature","geometry":{"type":"Point","coordinates":[-8884284.87188806,-225632.87200509742]},"properties":{"name":"PAL","freq":"365.000","type":"ndb","uuid":"ndb-pal"}},{"type":"Feature","geometry":{"type":"Point","coordinates":[2797356.142326789,4440716.40463183]},"properties":{"name":"PAO","freq":"386.000","type":"ndb","uuid":"ndb-pao"}},{"type":"Feature","geometry":{"type":"Point","coordinates":[3879236.877499377,3776809.3815987166]},"properties":{"name":"PARDS","freq":"00.000","type":"ndb","uuid":"ndb-pards"}},{"type":"Feature","geometry":{"type":"Point","coordinates":[-440605.63676785445,585293.467395834]},"properties":{"name":"PB","freq":"294.200","type":"ndb","uuid":"ndb-pb"}},{"type":"Feature","geometry":{"type":"Point","coordinates":[4509897.971677779,-1455200.1755632404]},"properties":{"name":"PB","freq":"280.000","type":"ndb","uuid":"ndb-pb"}},{"type":"Feature","geometry":{"type":"Point","coordinates":[11996363.509507673,1850682.417757248]},"properties":{"name":"PB","freq":"440.000","type":"ndb","uuid":"ndb-pb"}},{"type":"Feature","geometry":{"type":"Point","coordinates":[3635252.3835532195,32925.97785289362]},"properties":{"name":"PB","freq":"270.000","type":"ndb","uuid":"ndb-pb"}},{"type":"Feature","geometry":{"type":"Point","coordinates":[11284642.345120879,1587796.064495458]},"properties":{"name":"PB","freq":"201.000","type":"ndb","uuid":"ndb-pb"}},{"type":"Feature","geometry":{"type":"Point","coordinates":[10323086.167260963,1304705.1400462654]},"properties":{"name":"PB","freq":"369.000","type":"ndb","uuid":"ndb-pb"}},{"type":"Feature","geometry":{"type":"Point","coordinates":[13107039.47381832,-2653651.469184827]},"properties":{"name":"PBO","freq":"278.000","type":"ndb","uuid":"ndb-pbo"}},{"type":"Feature","geometry":{"type":"Point","coordinates":[7800429.452637121,4016106.619578675]},"properties":{"name":"PC","freq":"273.000","type":"ndb","uuid":"ndb-pc"}},{"type":"Feature","geometry":{"type":"Point","coordinates":[11264388.320368495,1881185.8717444781]},"properties":{"name":"PC","freq":"283.000","type":"ndb","uuid":"ndb-pc"}},{"type":"Feature","geometry":{"type":"Point","coordinates":[11109686.046986964,1322004.3336463931]},"properties":{"name":"PCK","freq":"320.000","type":"ndb","uuid":"ndb-pck"}},{"type":"Feature","geometry":{"type":"Point","coordinates":[-2858134.141455535,4542061.452756445]},"properties":{"name":"PD","freq":"351.000","type":"ndb","uuid":"ndb-pd"}},{"type":"Feature","geometry":{"type":"Point","coordinates":[13207364.92801253,-2319032.084902969]},"properties":{"name":"PD","freq":"260.000","type":"ndb","uuid":"ndb-pd"}},{"type":"Feature","geometry":{"type":"Point","coordinates":[-17660566.367847335,7750780.2043913435]},"properties":{"name":"PDN","freq":"371.000","type":"ndb","uuid":"ndb-pdn"}},{"type":"Feature","geometry":{"type":"Point","coordinates":[1474704.9542838917,3850922.232261044]},"properties":{"name":"PE","freq":"390.000","type":"ndb","uuid":"ndb-pe"}},{"type":"Feature","geometry":{"type":"Point","coordinates":[3878061.807507811,3806706.596504707]},"properties":{"name":"PELEG","freq":"00.000","type":"ndb","uuid":"ndb-peleg"}},{"type":"Feature","geometry":{"type":"Point","coordinates":[1897350.9846929365,8136442.474966189]},"properties":{"name":"PEO","freq":"398.000","type":"ndb","uuid":"ndb-peo"}},{"type":"Feature","geometry":{"type":"Point","coordinates":[2387645.313059599,5062279.762388732]},"properties":{"name":"PEP","freq":"297.000","type":"ndb","uuid":"ndb-pep"}},{"type":"Feature","geometry":{"type":"Point","coordinates":[3637209.720344253,10696238.991759665]},"properties":{"name":"PF","freq":"635.000","type":"ndb","uuid":"ndb-pf"}},{"type":"Feature","geometry":{"type":"Point","coordinates":[7674984.167825879,4874745.9941462]},"properties":{"name":"PF","freq":"385.000","type":"ndb","uuid":"ndb-pf"}},{"type":"Feature","geometry":{"type":"Point","coordinates":[-5825330.338119379,-3279371.363714137]},"properties":{"name":"PFD","freq":"370.000","type":"ndb","uuid":"ndb-pfd"}},{"type":"Feature","geometry":{"type":"Point","coordinates":[-11179546.8198241,3394144.7103121784]},"properties":{"name":"PFO","freq":"356.000","type":"ndb","uuid":"ndb-pfo"}},{"type":"Feature","geometry":{"type":"Point","coordinates":[7139844.102307369,3117997.460637276]},"properties":{"name":"PG","freq":"388.000","type":"ndb","uuid":"ndb-pg"}},{"type":"Feature","geometry":{"type":"Point","coordinates":[1381975.818453095,8022822.588713707]},"properties":{"name":"PG","freq":"325.000","type":"ndb","uuid":"ndb-pg"}},{"type":"Feature","geometry":{"type":"Point","coordinates":[-5582316.550132939,-2898228.866900132]},"properties":{"name":"PGR","freq":"275.000","type":"ndb","uuid":"ndb-pgr"}},{"type":"Feature","geometry":{"type":"Point","coordinates":[-9194616.67908735,5288110.272126173]},"properties":{"name":"PH","freq":"332.000","type":"ndb","uuid":"ndb-ph"}},{"type":"Feature","geometry":{"type":"Point","coordinates":[416427.5999650094,6900652.816090422]},"properties":{"name":"PHC","freq":"358.000","type":"ndb","uuid":"ndb-phc"}},{"type":"Feature","geometry":{"type":"Point","coordinates":[801432.3051338628,6235446.443611532]},"properties":{"name":"PHG","freq":"424.000","type":"ndb","uuid":"ndb-phg"}},{"type":"Feature","geometry":{"type":"Point","coordinates":[-9206548.55147427,3248373.9209462544]},"properties":{"name":"PI","freq":"360.000","type":"ndb","uuid":"ndb-pi"}},{"type":"Feature","geometry":{"type":"Point","coordinates":[7051944.686272961,2911152.7066561044]},"properties":{"name":"PI","freq":"400.000","type":"ndb","uuid":"ndb-pi"}},{"type":"Feature","geometry":{"type":"Point","coordinates":[-3161832.203743889,4658582.7796286205]},"properties":{"name":"PI","freq":"420.000","type":"ndb","uuid":"ndb-pi"}},{"type":"Feature","geometry":{"type":"Point","coordinates":[-9973474.937592374,4954343.141773171]},"properties":{"name":"PI","freq":"356.000","type":"ndb","uuid":"ndb-pi"}},{"type":"Feature","geometry":{"type":"Point","coordinates":[15887369.330950359,5931738.051784741]},"properties":{"name":"PI","freq":"505.000","type":"ndb","uuid":"ndb-pi"}},{"type":"Feature","geometry":{"type":"Point","coordinates":[-7436420.252795577,732852.606015596]},"properties":{"name":"PIJ","freq":"310.000","type":"ndb","uuid":"ndb-pij"}},{"type":"Feature","geometry":{"type":"Point","coordinates":[1146266.0114784092,5402091.840290904]},"properties":{"name":"PIS","freq":"379.000","type":"ndb","uuid":"ndb-pis"}},{"type":"Feature","geometry":{"type":"Point","coordinates":[1763745.671985738,5717278.992556401]},"properties":{"name":"PIS","freq":"424.000","type":"ndb","uuid":"ndb-pis"}},{"type":"Feature","geometry":{"type":"Point","coordinates":[315250.3352116686,8807621.66424315]},"properties":{"name":"PJK","freq":"399.000","type":"ndb","uuid":"ndb-pjk"}},{"type":"Feature","geometry":{"type":"Point","coordinates":[-10546057.561215853,4686383.69067609]},"properties":{"name":"PK","freq":"420.000","type":"ndb","uuid":"ndb-pk"}},{"type":"Feature","geometry":{"type":"Point","coordinates":[358325.0720312373,7023279.614150863]},"properties":{"name":"PK","freq":"385.000","type":"ndb","uuid":"ndb-pk"}},{"type":"Feature","geometry":{"type":"Point","coordinates":[13506393.787025802,3669600.223466107]},"properties":{"name":"PK","freq":"208.000","type":"ndb","uuid":"ndb-pk"}},{"type":"Feature","geometry":{"type":"Point","coordinates":[1760297.2106155276,6448196.9920392]},"properties":{"name":"PK","freq":"432.000","type":"ndb","uuid":"ndb-pk"}},{"type":"Feature","geometry":{"type":"Point","coordinates":[8419433.262505896,3794928.90488924]},"properties":{"name":"PK","freq":"393.000","type":"ndb","uuid":"ndb-pk"}},{"type":"Feature","geometry":{"type":"Point","coordinates":[18989259.11203223,11005004.939788409]},"properties":{"name":"PK","freq":"560.000","type":"ndb","uuid":"ndb-pk"}},{"type":"Feature","geometry":{"type":"Point","coordinates":[12023494.512258375,1574981.4403569195]},"properties":{"name":"PK","freq":"282.000","type":"ndb","uuid":"ndb-pk"}},{"type":"Feature","geometry":{"type":"Point","coordinates":[3356100.1762185395,8357618.917980504]},"properties":{"name":"PK","freq":"342.000","type":"ndb","uuid":"ndb-pk"}},{"type":"Feature","geometry":{"type":"Point","coordinates":[-10572631.409915132,5915026.942244554]},"properties":{"name":"PK","freq":"269.000","type":"ndb","uuid":"ndb-pk"}},{"type":"Feature","geometry":{"type":"Point","coordinates":[-9070862.244575014,4758122.032916088]},"properties":{"name":"PK","freq":"388.000","type":"ndb","uuid":"ndb-pk"}},{"type":"Feature","geometry":{"type":"Point","coordinates":[16503405.827025795,-3914600.1552150785]},"properties":{"name":"PKS","freq":"242.000","type":"ndb","uuid":"ndb-pks"}},{"type":"Feature","geometry":{"type":"Point","coordinates":[3380998.6665813825,8353346.411707128]},"properties":{"name":"PL","freq":"525.000","type":"ndb","uuid":"ndb-pl"}},{"type":"Feature","geometry":{"type":"Point","coordinates":[1531034.5028722151,5604096.3494369425]},"properties":{"name":"PLA","freq":"351.500","type":"ndb","uuid":"ndb-pla"}},{"type":"Feature","geometry":{"type":"Point","coordinates":[15125341.311647967,-4110252.7653340218]},"properties":{"name":"PLC","freq":"389.000","type":"ndb","uuid":"ndb-plc"}},{"type":"Feature","geometry":{"type":"Point","coordinates":[-10840490.254908834,5085862.943538522]},"properties":{"name":"PLT","freq":"407.000","type":"ndb","uuid":"ndb-plt"}},{"type":"Feature","geometry":{"type":"Point","coordinates":[7214282.2398396805,8413895.251032809]},"properties":{"name":"PM","freq":"780.000","type":"ndb","uuid":"ndb-pm"}},{"type":"Feature","geometry":{"type":"Point","coordinates":[17017047.87248231,-3689459.6367047853]},"properties":{"name":"PMQ","freq":"395.000","type":"ndb","uuid":"ndb-pmq"}},{"type":"Feature","geometry":{"type":"Point","coordinates":[177684.49147661097,5326125.464259607]},"properties":{"name":"PMR","freq":"384.000","type":"ndb","uuid":"ndb-pmr"}},{"type":"Feature","geometry":{"type":"Point","coordinates":[-10676927.197436804,5004054.0699149165]},"properties":{"name":"PMV","freq":"329.000","type":"ndb","uuid":"ndb-pmv"}},{"type":"Feature","geometry":{"type":"Point","coordinates":[-10809182.544863569,4414746.592755213]},"properties":{"name":"PN","freq":"515.000","type":"ndb","uuid":"ndb-pn"}},{"type":"Feature","geometry":{"type":"Point","coordinates":[12134659.361725688,7058732.946730876]},"properties":{"name":"PN","freq":"425.000","type":"ndb","uuid":"ndb-pn"}},{"type":"Feature","geometry":{"type":"Point","coordinates":[-13697397.006212132,5721296.227362709]},"properties":{"name":"PND","freq":"356.000","type":"ndb","uuid":"ndb-pnd"}},{"type":"Feature","geometry":{"type":"Point","coordinates":[-5049098.972220429,-2617748.3468506797]},"properties":{"name":"PND","freq":"205.000","type":"ndb","uuid":"ndb-pnd"}},{"type":"Feature","geometry":{"type":"Point","coordinates":[17610973.194556043,779200.2151081417]},"properties":{"name":"PNI","freq":"366.000","type":"ndb","uuid":"ndb-pni"}},{"type":"Feature","geometry":{"type":"Point","coordinates":[2997728.7829103,-2115544.244280317]},"properties":{"name":"PO","freq":"377.000","type":"ndb","uuid":"ndb-po"}},{"type":"Feature","geometry":{"type":"Point","coordinates":[467603.7364153816,7057954.485988571]},"properties":{"name":"PO","freq":"323.000","type":"ndb","uuid":"ndb-po"}},{"type":"Feature","geometry":{"type":"Point","coordinates":[-18503.742214223363,5359905.589547867]},"properties":{"name":"PO","freq":"397.000","type":"ndb","uuid":"ndb-po"}},{"type":"Feature","geometry":{"type":"Point","coordinates":[3378277.461628941,8351072.819791644]},"properties":{"name":"PO","freq":"277.000","type":"ndb","uuid":"ndb-po"}},{"type":"Feature","geometry":{"type":"Point","coordinates":[-17251429.48332143,2218751.0214518975]},"properties":{"name":"POA","freq":"332.000","type":"ndb","uuid":"ndb-poa"}},{"type":"Feature","geometry":{"type":"Point","coordinates":[-191129.319431734,5291694.905422791]},"properties":{"name":"PP","freq":"354.000","type":"ndb","uuid":"ndb-pp"}},{"type":"Feature","geometry":{"type":"Point","coordinates":[19479058.625262313,-4998044.655924078]},"properties":{"name":"PP","freq":"242.000","type":"ndb","uuid":"ndb-pp"}},{"type":"Feature","geometry":{"type":"Point","coordinates":[6502511.631045725,4573384.469622817]},"properties":{"name":"PQ","freq":"295.000","type":"ndb","uuid":"ndb-pq"}},{"type":"Feature","geometry":{"type":"Point","coordinates":[7613634.6668002345,4655676.82093626]},"properties":{"name":"PR","freq":"310.000","type":"ndb","uuid":"ndb-pr"}},{"type":"Feature","geometry":{"type":"Point","coordinates":[9954714.511185633,3173466.2380335485]},"properties":{"name":"PR","freq":"410.000","type":"ndb","uuid":"ndb-pr"}},{"type":"Feature","geometry":{"type":"Point","coordinates":[11149912.025270892,2052709.8558812994]},"properties":{"name":"PR","freq":"340.000","type":"ndb","uuid":"ndb-pr"}},{"type":"Feature","geometry":{"type":"Point","coordinates":[-14518720.898389602,7220186.957809744]},"properties":{"name":"PR","freq":"218.000","type":"ndb","uuid":"ndb-pr"}},{"type":"Feature","geometry":{"type":"Point","coordinates":[825139.8933997831,185484.070527034]},"properties":{"name":"PR","freq":"311.000","type":"ndb","uuid":"ndb-pr"}},{"type":"Feature","geometry":{"type":"Point","coordinates":[-2615022.8561484087,1680629.2471915171]},"properties":{"name":"PRA","freq":"349.000","type":"ndb","uuid":"ndb-pra"}},{"type":"Feature","geometry":{"type":"Point","coordinates":[3893089.9387649037,3825751.1939360537]},"properties":{"name":"PRHNA","freq":"00.000","type":"ndb","uuid":"ndb-prhna"}},{"type":"Feature","geometry":{"type":"Point","coordinates":[12308785.340146607,3392329.988632618]},"properties":{"name":"PS","freq":"278.000","type":"ndb","uuid":"ndb-ps"}},{"type":"Feature","geometry":{"type":"Point","coordinates":[5477608.447586201,7486319.583162233]},"properties":{"name":"PS","freq":"292.000","type":"ndb","uuid":"ndb-ps"}},{"type":"Feature","geometry":{"type":"Point","coordinates":[10515359.634603485,6745902.614500704]},"properties":{"name":"PS","freq":"490.000","type":"ndb","uuid":"ndb-ps"}},{"type":"Feature","geometry":{"type":"Point","coordinates":[4183726.637821837,7461864.707404302]},"properties":{"name":"PS","freq":"625.000","type":"ndb","uuid":"ndb-ps"}},{"type":"Feature","geometry":{"type":"Point","coordinates":[7959652.81252682,4028690.167675162]},"properties":{"name":"PS","freq":"308.000","type":"ndb","uuid":"ndb-ps"}},{"type":"Feature","geometry":{"type":"Point","coordinates":[5286753.06686806,2897003.3493549563]},"properties":{"name":"PS3","freq":"315.000","type":"ndb","uuid":"ndb-ps3"}},{"type":"Feature","geometry":{"type":"Point","coordinates":[4691315.036602769,2787060.859587151]},"properties":{"name":"PS9","freq":"607.000","type":"ndb","uuid":"ndb-ps9"}},{"type":"Feature","geometry":{"type":"Point","coordinates":[2553238.9617320225,9013031.35433737]},"properties":{"name":"PSJ","freq":"352.000","type":"ndb","uuid":"ndb-psj"}},{"type":"Feature","geometry":{"type":"Point","coordinates":[11259734.825510448,757461.9168743539]},"properties":{"name":"PT","freq":"201.000","type":"ndb","uuid":"ndb-pt"}},{"type":"Feature","geometry":{"type":"Point","coordinates":[4473868.428975952,6749355.764002226]},"properties":{"name":"PT","freq":"475.000","type":"ndb","uuid":"ndb-pt"}},{"type":"Feature","geometry":{"type":"Point","coordinates":[10845207.4183312,3164266.745289339]},"properties":{"name":"PT","freq":"340.000","type":"ndb","uuid":"ndb-pt"}},{"type":"Feature","geometry":{"type":"Point","coordinates":[2408737.3571230895,5148130.72745481]},"properties":{"name":"PT","freq":"295.000","type":"ndb","uuid":"ndb-pt"}},{"type":"Feature","geometry":{"type":"Point","coordinates":[362536.6285108354,4783069.495046467]},"properties":{"name":"PTC","freq":"401.000","type":"ndb","uuid":"ndb-ptc"}},{"type":"Feature","geometry":{"type":"Point","coordinates":[-8335903.352939689,5578079.3396922685]},"properties":{"name":"PTD","freq":"400.000","type":"ndb","uuid":"ndb-ptd"}},{"type":"Feature","geometry":{"type":"Point","coordinates":[-8958126.76985885,-115778.6282780866]},"properties":{"name":"PTN","freq":"390.000","type":"ndb","uuid":"ndb-ptn"}},{"type":"Feature","geometry":{"type":"Point","coordinates":[-6201292.7775056595,-2577697.7111214506]},"properties":{"name":"PTP","freq":"340.000","type":"ndb","uuid":"ndb-ptp"}},{"type":"Feature","geometry":{"type":"Point","coordinates":[-8690530.17503221,-167363.31965798893]},"properties":{"name":"PTZ","freq":"340.000","type":"ndb","uuid":"ndb-ptz"}},{"type":"Feature","geometry":{"type":"Point","coordinates":[13724765.583309434,5087364.627853812]},"properties":{"name":"PU","freq":"296.000","type":"ndb","uuid":"ndb-pu"}},{"type":"Feature","geometry":{"type":"Point","coordinates":[-33964.78260217803,5360887.399531331]},"properties":{"name":"PU","freq":"364.000","type":"ndb","uuid":"ndb-pu"}},{"type":"Feature","geometry":{"type":"Point","coordinates":[10011304.980291545,8756160.490296971]},"properties":{"name":"PU","freq":"290.000","type":"ndb","uuid":"ndb-pu"}},{"type":"Feature","geometry":{"type":"Point","coordinates":[3358679.1086773314,8359900.494418496]},"properties":{"name":"PU","freq":"326.000","type":"ndb","uuid":"ndb-pu"}},{"type":"Feature","geometry":{"type":"Point","coordinates":[-16519159.977817424,11150030.50169889]},"properties":{"name":"PUO","freq":"368.000","type":"ndb","uuid":"ndb-puo"}},{"type":"Feature","geometry":{"type":"Point","coordinates":[-8044008.836403035,2484858.3275099574]},"properties":{"name":"PV","freq":"387.000","type":"ndb","uuid":"ndb-pv"}},{"type":"Feature","geometry":{"type":"Point","coordinates":[-7817238.015461131,5171293.469168505]},"properties":{"name":"PVC","freq":"389.000","type":"ndb","uuid":"ndb-pvc"}},{"type":"Feature","geometry":{"type":"Point","coordinates":[-7035391.81813489,-2362093.601478115]},"properties":{"name":"PVR","freq":"430.000","type":"ndb","uuid":"ndb-pvr"}},{"type":"Feature","geometry":{"type":"Point","coordinates":[11961279.285737244,-732603.6262990803]},"properties":{"name":"PW","freq":"250.000","type":"ndb","uuid":"ndb-pw"}},{"type":"Feature","geometry":{"type":"Point","coordinates":[5656044.345625666,8765796.919434266]},"properties":{"name":"PW","freq":"345.000","type":"ndb","uuid":"ndb-pw"}},{"type":"Feature","geometry":{"type":"Point","coordinates":[13883649.32598597,7411471.1254987465]},"properties":{"name":"PW","freq":"480.000","type":"ndb","uuid":"ndb-pw"}},{"type":"Feature","geometry":{"type":"Point","coordinates":[-9374815.754172659,4732665.267289996]},"properties":{"name":"PWF","freq":"245.000","type":"ndb","uuid":"ndb-pwf"}},{"type":"Feature","geometry":{"type":"Point","coordinates":[6243842.210017008,7956739.785078737]},"properties":{"name":"PX","freq":"705.000","type":"ndb","uuid":"ndb-px"}},{"type":"Feature","geometry":{"type":"Point","coordinates":[-16657329.049504258,11176333.841412202]},"properties":{"name":"PYC","freq":"290.000","type":"ndb","uuid":"ndb-pyc"}},{"type":"Feature","geometry":{"type":"Point","coordinates":[-11215187.54828225,4357508.601495693]},"properties":{"name":"PYX","freq":"266.000","type":"ndb","uuid":"ndb-pyx"}},{"type":"Feature","geometry":{"type":"Point","coordinates":[8097565.323709456,9725012.430492336]},"properties":{"name":"PZ","freq":"485.000","type":"ndb","uuid":"ndb-pz"}},{"type":"Feature","geometry":{"type":"Point","coordinates":[12603718.291262385,3269987.8220822327]},"properties":{"name":"Q","freq":"265.000","type":"ndb","uuid":"ndb-q"}},{"type":"Feature","geometry":{"type":"Point","coordinates":[4018030.358763319,3727992.065148641]},"properties":{"name":"QA","freq":"410.000","type":"ndb","uuid":"ndb-qa"}},{"type":"Feature","geometry":{"type":"Point","coordinates":[12331602.156031616,2835265.6698913407]},"properties":{"name":"QP","freq":"213.000","type":"ndb","uuid":"ndb-qp"}},{"type":"Feature","geometry":{"type":"Point","coordinates":[7452709.974026246,3533699.753525815]},"properties":{"name":"QT","freq":"348.000","type":"ndb","uuid":"ndb-qt"}},{"type":"Feature","geometry":{"type":"Point","coordinates":[10305738.910867758,7592310.333148034]},"properties":{"name":"R","freq":"795.000","type":"ndb","uuid":"ndb-r"}},{"type":"Feature","geometry":{"type":"Point","coordinates":[13900767.820825594,7740771.482692581]},"properties":{"name":"R","freq":"930.000","type":"ndb","uuid":"ndb-r"}},{"type":"Feature","geometry":{"type":"Point","coordinates":[6656852.332536744,5125089.082375667]},"properties":{"name":"R","freq":"662.000","type":"ndb","uuid":"ndb-r"}},{"type":"Feature","geometry":{"type":"Point","coordinates":[14520866.92171753,5914329.03391594]},"properties":{"name":"R","freq":"200.000","type":"ndb","uuid":"ndb-r"}},{"type":"Feature","geometry":{"type":"Point","coordinates":[8894041.128515748,4443127.745208181]},"properties":{"name":"R","freq":"228.000","type":"ndb","uuid":"ndb-r"}},{"type":"Feature","geometry":{"type":"Point","coordinates":[7279818.466914062,7450890.413592849]},"properties":{"name":"R","freq":"353.000","type":"ndb","uuid":"ndb-r"}},{"type":"Feature","geometry":{"type":"Point","coordinates":[6539410.919113536,7051826.564202806]},"properties":{"name":"R","freq":"975.000","type":"ndb","uuid":"ndb-r"}},{"type":"Feature","geometry":{"type":"Point","coordinates":[3649396.081455959,10678047.506995684]},"properties":{"name":"R","freq":"999.999","type":"ndb","uuid":"ndb-r"}},{"type":"Feature","geometry":{"type":"Point","coordinates":[5919958.151553977,10341824.509583076]},"properties":{"name":"R","freq":"332.000","type":"ndb","uuid":"ndb-r"}},{"type":"Feature","geometry":{"type":"Point","coordinates":[5008690.553659924,7004998.887006814]},"properties":{"name":"R","freq":"286.000","type":"ndb","uuid":"ndb-r"}},{"type":"Feature","geometry":{"type":"Point","coordinates":[4251748.96926852,7465524.6088838745]},"properties":{"name":"R","freq":"760.000","type":"ndb","uuid":"ndb-r"}},{"type":"Feature","geometry":{"type":"Point","coordinates":[7265668.522751005,7793536.203600103]},"properties":{"name":"R","freq":"650.000","type":"ndb","uuid":"ndb-r"}},{"type":"Feature","geometry":{"type":"Point","coordinates":[15818202.727904566,6304990.702158816]},"properties":{"name":"R","freq":"427.000","type":"ndb","uuid":"ndb-r"}},{"type":"Feature","geometry":{"type":"Point","coordinates":[9195707.269954236,7363526.802936842]},"properties":{"name":"R","freq":"597.000","type":"ndb","uuid":"ndb-r"}},{"type":"Feature","geometry":{"type":"Point","coordinates":[8156895.489172112,7354564.54235035]},"properties":{"name":"R","freq":"680.000","type":"ndb","uuid":"ndb-r"}},{"type":"Feature","geometry":{"type":"Point","coordinates":[4474242.678919583,7877548.274759014]},"properties":{"name":"R","freq":"650.000","type":"ndb","uuid":"ndb-r"}},{"type":"Feature","geometry":{"type":"Point","coordinates":[6219021.086700266,7279948.630383489]},"properties":{"name":"R","freq":"435.000","type":"ndb","uuid":"ndb-r"}},{"type":"Feature","geometry":{"type":"Point","coordinates":[6748543.073973006,5101310.505980629]},"properties":{"name":"R","freq":"485.000","type":"ndb","uuid":"ndb-r"}},{"type":"Feature","geometry":{"type":"Point","coordinates":[4007810.889365608,4107776.544505849]},"properties":{"name":"RA","freq":"450.000","type":"ndb","uuid":"ndb-ra"}},{"type":"Feature","geometry":{"type":"Point","coordinates":[3429394.8152037584,4421334.339311552]},"properties":{"name":"RA","freq":"329.000","type":"ndb","uuid":"ndb-ra"}},{"type":"Feature","geometry":{"type":"Point","coordinates":[-9784924.117710304,5263778.510446031]},"properties":{"name":"RA","freq":"206.000","type":"ndb","uuid":"ndb-ra"}},{"type":"Feature","geometry":{"type":"Point","coordinates":[12237351.622904565,4012253.408068602]},"properties":{"name":"RA","freq":"345.000","type":"ndb","uuid":"ndb-ra"}},{"type":"Feature","geometry":{"type":"Point","coordinates":[534564.852971917,7503177.11482608]},"properties":{"name":"RA","freq":"326.000","type":"ndb","uuid":"ndb-ra"}},{"type":"Feature","geometry":{"type":"Point","coordinates":[6240085.177202734,3542525.160359453]},"properties":{"name":"RAF","freq":"260.000","type":"ndb","uuid":"ndb-raf"}},{"type":"Feature","geometry":{"type":"Point","coordinates":[188717.45897537464,8088318.662078419]},"properties":{"name":"RAN","freq":"317.000","type":"ndb","uuid":"ndb-ran"}},{"type":"Feature","geometry":{"type":"Point","coordinates":[-10574798.46025799,12824373.857581165]},"properties":{"name":"RB","freq":"350.000","type":"ndb","uuid":"ndb-rb"}},{"type":"Feature","geometry":{"type":"Point","coordinates":[-12396559.181610983,3773070.496010695]},"properties":{"name":"RBJ","freq":"220.000","type":"ndb","uuid":"ndb-rbj"}},{"type":"Feature","geometry":{"type":"Point","coordinates":[-7548255.833117,-1117905.8773289192]},"properties":{"name":"RBR","freq":"270.000","type":"ndb","uuid":"ndb-rbr"}},{"type":"Feature","geometry":{"type":"Point","coordinates":[1286506.9862655525,8980151.044456774]},"properties":{"name":"RBU","freq":"401.000","type":"ndb","uuid":"ndb-rbu"}},{"type":"Feature","geometry":{"type":"Point","coordinates":[3317846.470090662,-2147284.678321709]},"properties":{"name":"RC","freq":"385.000","type":"ndb","uuid":"ndb-rc"}},{"type":"Feature","geometry":{"type":"Point","coordinates":[9497976.855799066,2670389.6396166016]},"properties":{"name":"RC","freq":"285.000","type":"ndb","uuid":"ndb-rc"}},{"type":"Feature","geometry":{"type":"Point","coordinates":[-6466054.497810928,-3404456.4753894988]},"properties":{"name":"RCE","freq":"265.000","type":"ndb","uuid":"ndb-rce"}},{"type":"Feature","geometry":{"type":"Point","coordinates":[-5294627.683958454,-2563252.796132833]},"properties":{"name":"RCL","freq":"280.000","type":"ndb","uuid":"ndb-rcl"}},{"type":"Feature","geometry":{"type":"Point","coordinates":[3653777.740301905,10671442.844182787]},"properties":{"name":"RD","freq":"635.000","type":"ndb","uuid":"ndb-rd"}},{"type":"Feature","geometry":{"type":"Point","coordinates":[4441044.640232324,6020662.93695424]},"properties":{"name":"RD","freq":"682.000","type":"ndb","uuid":"ndb-rd"}},{"type":"Feature","geometry":{"type":"Point","coordinates":[15820744.615710588,6301339.853647897]},"properties":{"name":"RD","freq":"207.000","type":"ndb","uuid":"ndb-rd"}},{"type":"Feature","geometry":{"type":"Point","coordinates":[10253162.066002397,8071744.461926621]},"properties":{"name":"RD","freq":"520.000","type":"ndb","uuid":"ndb-rd"}},{"type":"Feature","geometry":{"type":"Point","coordinates":[10021011.483291263,8765036.206499133]},"properties":{"name":"RE","freq":"290.000","type":"ndb","uuid":"ndb-re"}},{"type":"Feature","geometry":{"type":"Point","coordinates":[3898903.2899507745,3747350.5244766977]},"properties":{"name":"REUTE","freq":"00.000","type":"ndb","uuid":"ndb-reute"}},{"type":"Feature","geometry":{"type":"Point","coordinates":[3866156.837331167,3716728.358014698]},"properties":{"name":"REVAH","freq":"00.000","type":"ndb","uuid":"ndb-revah"}},{"type":"Feature","geometry":{"type":"Point","coordinates":[4443595.742818417,5666764.795700285]},"properties":{"name":"RF","freq":"324.000","type":"ndb","uuid":"ndb-rf"}},{"type":"Feature","geometry":{"type":"Point","coordinates":[6538003.964438233,7046852.658343779]},"properties":{"name":"RF","freq":"480.000","type":"ndb","uuid":"ndb-rf"}},{"type":"Feature","geometry":{"type":"Point","coordinates":[10817657.081243096,3651811.322346061]},"properties":{"name":"RG","freq":"247.000","type":"ndb","uuid":"ndb-rg"}},{"type":"Feature","geometry":{"type":"Point","coordinates":[-10313470.389646241,5558427.4460804565]},"properties":{"name":"RG","freq":"274.000","type":"ndb","uuid":"ndb-rg"}},{"type":"Feature","geometry":{"type":"Point","coordinates":[3286004.735710396,-324804.7973872966]},"properties":{"name":"RG","freq":"305.000","type":"ndb","uuid":"ndb-rg"}},{"type":"Feature","geometry":{"type":"Point","coordinates":[1225088.343467291,8250887.112543409]},"properties":{"name":"RG","freq":"381.000","type":"ndb","uuid":"ndb-rg"}},{"type":"Feature","geometry":{"type":"Point","coordinates":[4479360.252365914,7880085.758207632]},"properties":{"name":"RG","freq":"315.000","type":"ndb","uuid":"ndb-rg"}},{"type":"Feature","geometry":{"type":"Point","coordinates":[6216451.369021545,7284554.099088554]},"properties":{"name":"RG","freq":"212.000","type":"ndb","uuid":"ndb-rg"}},{"type":"Feature","geometry":{"type":"Point","coordinates":[6746131.213516647,5104164.032281346]},"properties":{"name":"RG","freq":"983.000","type":"ndb","uuid":"ndb-rg"}},{"type":"Feature","geometry":{"type":"Point","coordinates":[31447.725227019007,3084033.0511340555]},"properties":{"name":"RGN","freq":"310.000","type":"ndb","uuid":"ndb-rgn"}},{"type":"Feature","geometry":{"type":"Point","coordinates":[-9976326.633725692,5720951.410223458]},"properties":{"name":"RH","freq":"272.000","type":"ndb","uuid":"ndb-rh"}},{"type":"Feature","geometry":{"type":"Point","coordinates":[1631157.0154502897,5643195.793140529]},"properties":{"name":"RI","freq":"289.000","type":"ndb","uuid":"ndb-ri"}},{"type":"Feature","geometry":{"type":"Point","coordinates":[16784352.040720854,-3974807.9122540588]},"properties":{"name":"RIC","freq":"347.000","type":"ndb","uuid":"ndb-ric"}},{"type":"Feature","geometry":{"type":"Point","coordinates":[3869743.7987011727,3777795.019958141]},"properties":{"name":"RIDNG","freq":"00.000","type":"ndb","uuid":"ndb-ridng"}},{"type":"Feature","geometry":{"type":"Point","coordinates":[-8755924.253301263,-184287.22348097252]},"properties":{"name":"RIO","freq":"212.000","type":"ndb","uuid":"ndb-rio"}},{"type":"Feature","geometry":{"type":"Point","coordinates":[1440696.8498465465,5769992.301552569]},"properties":{"name":"RIV","freq":"371.000","type":"ndb","uuid":"ndb-riv"}},{"type":"Feature","geometry":{"type":"Point","coordinates":[-8047778.238049617,6197973.49191304]},"properties":{"name":"RJ","freq":"378.000","type":"ndb","uuid":"ndb-rj"}},{"type":"Feature","geometry":{"type":"Point","coordinates":[1483672.3886309862,3879681.3106755996]},"properties":{"name":"RJ","freq":"357.000","type":"ndb","uuid":"ndb-rj"}},{"type":"Feature","geometry":{"type":"Point","coordinates":[5926352.776014274,10342702.54734161]},"properties":{"name":"RK","freq":"680.000","type":"ndb","uuid":"ndb-rk"}},{"type":"Feature","geometry":{"type":"Point","coordinates":[7826147.3472184455,3300926.1607729364]},"properties":{"name":"RK","freq":"290.000","type":"ndb","uuid":"ndb-rk"}},{"type":"Feature","geometry":{"type":"Point","coordinates":[16750834.63878334,-2676937.061727823]},"properties":{"name":"RK","freq":"257.000","type":"ndb","uuid":"ndb-rk"}},{"type":"Feature","geometry":{"type":"Point","coordinates":[1335518.7316720148,7483754.57495679]},"properties":{"name":"RK","freq":"368.000","type":"ndb","uuid":"ndb-rk"}},{"type":"Feature","geometry":{"type":"Point","coordinates":[10311239.887193628,7589944.659512398]},"properties":{"name":"RL","freq":"390.000","type":"ndb","uuid":"ndb-rl"}},{"type":"Feature","geometry":{"type":"Point","coordinates":[-122343.21258988524,5808656.349830178]},"properties":{"name":"RL","freq":"322.000","type":"ndb","uuid":"ndb-rl"}},{"type":"Feature","geometry":{"type":"Point","coordinates":[8152111.874198159,7353433.608166154]},"properties":{"name":"RM","freq":"950.000","type":"ndb","uuid":"ndb-rm"}},{"type":"Feature","geometry":{"type":"Point","coordinates":[8892528.636778757,762147.2554842192]},"properties":{"name":"RM","freq":"350.000","type":"ndb","uuid":"ndb-rm"}},{"type":"Feature","geometry":{"type":"Point","coordinates":[3916590.689232514,3851142.696860766]},"properties":{"name":"RMD","freq":"368.000","type":"ndb","uuid":"ndb-rmd"}},{"type":"Feature","geometry":{"type":"Point","coordinates":[-7821616.64394316,-5733156.311326223]},"properties":{"name":"RMY","freq":"290.000","type":"ndb","uuid":"ndb-rmy"}},{"type":"Feature","geometry":{"type":"Point","coordinates":[13894642.125701806,7738416.10276671]},"properties":{"name":"RN","freq":"458.000","type":"ndb","uuid":"ndb-rn"}},{"type":"Feature","geometry":{"type":"Point","coordinates":[-10558777.35914302,4765019.230938724]},"properties":{"name":"RN","freq":"416.000","type":"ndb","uuid":"ndb-rn"}},{"type":"Feature","geometry":{"type":"Point","coordinates":[5004506.827053024,7007054.877176352]},"properties":{"name":"RN","freq":"591.000","type":"ndb","uuid":"ndb-rn"}},{"type":"Feature","geometry":{"type":"Point","coordinates":[7261948.565511582,7790126.836939515]},"properties":{"name":"RN","freq":"315.000","type":"ndb","uuid":"ndb-rn"}},{"type":"Feature","geometry":{"type":"Point","coordinates":[4682258.515740959,4490117.527938557]},"properties":{"name":"RNA","freq":"411.000","type":"ndb","uuid":"ndb-rna"}},{"type":"Feature","geometry":{"type":"Point","coordinates":[-8363992.383596991,4781752.522828382]},"properties":{"name":"RNB","freq":"363.000","type":"ndb","uuid":"ndb-rnb"}},{"type":"Feature","geometry":{"type":"Point","coordinates":[449409.122242675,5798373.441605515]},"properties":{"name":"RNN","freq":"358.000","type":"ndb","uuid":"ndb-rnn"}},{"type":"Feature","geometry":{"type":"Point","coordinates":[-8583470.200865816,4233358.848807035]},"properties":{"name":"RNW","freq":"388.000","type":"ndb","uuid":"ndb-rnw"}},{"type":"Feature","geometry":{"type":"Point","coordinates":[10561714.956816731,7413468.006624767]},"properties":{"name":"RO","freq":"921.000","type":"ndb","uuid":"ndb-ro"}},{"type":"Feature","geometry":{"type":"Point","coordinates":[9190552.620933054,7362680.103916393]},"properties":{"name":"RO","freq":"860.000","type":"ndb","uuid":"ndb-ro"}},{"type":"Feature","geometry":{"type":"Point","coordinates":[-11626457.407018,3943914.667675495]},"properties":{"name":"RO","freq":"305.000","type":"ndb","uuid":"ndb-ro"}},{"type":"Feature","geometry":{"type":"Point","coordinates":[-11626457.407018,3943914.667675495]},"properties":{"name":"RO","freq":"305.000","type":"ndb","uuid":"ndb-ro"}},{"type":"Feature","geometry":{"type":"Point","coordinates":[-10805736.52633774,3698352.2246543844]},"properties":{"name":"ROB","freq":"400.000","type":"ndb","uuid":"ndb-rob"}},{"type":"Feature","geometry":{"type":"Point","coordinates":[3874320.235733926,3776772.8415253544]},"properties":{"name":"ROKCH","freq":"00.000","type":"ndb","uuid":"ndb-rokch"}},{"type":"Feature","geometry":{"type":"Point","coordinates":[14978077.313874997,822556.837779843]},"properties":{"name":"ROR","freq":"371.000","type":"ndb","uuid":"ndb-ror"}},{"type":"Feature","geometry":{"type":"Point","coordinates":[-10347671.076802658,5731699.627636017]},"properties":{"name":"ROS","freq":"282.000","type":"ndb","uuid":"ndb-ros"}},{"type":"Feature","geometry":{"type":"Point","coordinates":[6652944.121669558,5125139.241544954]},"properties":{"name":"RP","freq":"322.000","type":"ndb","uuid":"ndb-rp"}},{"type":"Feature","geometry":{"type":"Point","coordinates":[15453959.23145698,6978118.129753122]},"properties":{"name":"RP","freq":"511.000","type":"ndb","uuid":"ndb-rp"}},{"type":"Feature","geometry":{"type":"Point","coordinates":[4804580.1447184635,7517768.7304191375]},"properties":{"name":"RP","freq":"960.000","type":"ndb","uuid":"ndb-rp"}},{"type":"Feature","geometry":{"type":"Point","coordinates":[-10219418.0052128,5671724.220025171]},"properties":{"name":"RP","freq":"221.000","type":"ndb","uuid":"ndb-rp"}},{"type":"Feature","geometry":{"type":"Point","coordinates":[-8889909.28916039,4706491.310256053]},"properties":{"name":"RQY","freq":"284.000","type":"ndb","uuid":"ndb-rqy"}},{"type":"Feature","geometry":{"type":"Point","coordinates":[7053246.227574901,-2244614.563375378]},"properties":{"name":"RS","freq":"302.000","type":"ndb","uuid":"ndb-rs"}},{"type":"Feature","geometry":{"type":"Point","coordinates":[1261799.9654268739,8997945.116055574]},"properties":{"name":"RS","freq":"336.000","type":"ndb","uuid":"ndb-rs"}},{"type":"Feature","geometry":{"type":"Point","coordinates":[3874134.7032492706,3756676.2163680475]},"properties":{"name":"RSNIM","freq":"00.000","type":"ndb","uuid":"ndb-rsnim"}},{"type":"Feature","geometry":{"type":"Point","coordinates":[5641721.206888185,4425660.548229293]},"properties":{"name":"RSR","freq":"332.000","type":"ndb","uuid":"ndb-rsr"}},{"type":"Feature","geometry":{"type":"Point","coordinates":[1346543.473897292,10308019.164011648]},"properties":{"name":"RST","freq":"338.000","type":"ndb","uuid":"ndb-rst"}},{"type":"Feature","geometry":{"type":"Point","coordinates":[4256353.267096054,7461417.08191035]},"properties":{"name":"RT","freq":"370.000","type":"ndb","uuid":"ndb-rt"}},{"type":"Feature","geometry":{"type":"Point","coordinates":[-10253576.390962716,9057536.2545564]},"properties":{"name":"RT","freq":"284.000","type":"ndb","uuid":"ndb-rt"}},{"type":"Feature","geometry":{"type":"Point","coordinates":[5570252.640461106,3087274.451114222]},"properties":{"name":"RT","freq":"286.000","type":"ndb","uuid":"ndb-rt"}},{"type":"Feature","geometry":{"type":"Point","coordinates":[8215285.685223342,4008335.816176084]},"properties":{"name":"RT","freq":"295.000","type":"ndb","uuid":"ndb-rt"}},{"type":"Feature","geometry":{"type":"Point","coordinates":[1252662.7379342387,6357164.031985029]},"properties":{"name":"RTB","freq":"415.000","type":"ndb","uuid":"ndb-rtb"}},{"type":"Feature","geometry":{"type":"Point","coordinates":[1329160.595267034,6012697.351963961]},"properties":{"name":"RTT","freq":"303.000","type":"ndb","uuid":"ndb-rtt"}},{"type":"Feature","geometry":{"type":"Point","coordinates":[-10903633.11293116,3498234.7580829095]},"properties":{"name":"RU","freq":"272.000","type":"ndb","uuid":"ndb-ru"}},{"type":"Feature","geometry":{"type":"Point","coordinates":[-8960057.60642666,4263961.227739777]},"properties":{"name":"RU","freq":"275.000","type":"ndb","uuid":"ndb-ru"}},{"type":"Feature","geometry":{"type":"Point","coordinates":[-10068662.347922778,1803757.7718484476]},"properties":{"name":"RUB","freq":"260.000","type":"ndb","uuid":"ndb-rub"}},{"type":"Feature","geometry":{"type":"Point","coordinates":[-10363244.11696718,4198872.7811900955]},"properties":{"name":"RUE","freq":"379.000","type":"ndb","uuid":"ndb-rue"}},{"type":"Feature","geometry":{"type":"Point","coordinates":[3874907.786190749,3588671.946523724]},"properties":{"name":"RUHOT","freq":"00.000","type":"ndb","uuid":"ndb-ruhot"}},{"type":"Feature","geometry":{"type":"Point","coordinates":[1276277.6218019929,5987230.203778987]},"properties":{"name":"RUM","freq":"320.000","type":"ndb","uuid":"ndb-rum"}},{"type":"Feature","geometry":{"type":"Point","coordinates":[127587.59748947945,5034171.479335061]},"properties":{"name":"RUS","freq":"424.000","type":"ndb","uuid":"ndb-rus"}},{"type":"Feature","geometry":{"type":"Point","coordinates":[106773.97584129567,7174734.553204937]},"properties":{"name":"RVN","freq":"359.500","type":"ndb","uuid":"ndb-rvn"}},{"type":"Feature","geometry":{"type":"Point","coordinates":[12711707.937787304,2550781.362471885]},"properties":{"name":"RW","freq":"377.000","type":"ndb","uuid":"ndb-rw"}},{"type":"Feature","geometry":{"type":"Point","coordinates":[12711702.773799814,2550767.82411122]},"properties":{"name":"RW","freq":"377.000","type":"ndb","uuid":"ndb-rw"}},{"type":"Feature","geometry":{"type":"Point","coordinates":[4255527.709383498,7501174.577843377]},"properties":{"name":"RW","freq":"493.000","type":"ndb","uuid":"ndb-rw"}},{"type":"Feature","geometry":{"type":"Point","coordinates":[1463966.9525136494,6899285.3168296]},"properties":{"name":"RW","freq":"392.000","type":"ndb","uuid":"ndb-rw"}},{"type":"Feature","geometry":{"type":"Point","coordinates":[-16956695.33026296,7920161.626346814]},"properties":{"name":"RWO","freq":"394.000","type":"ndb","uuid":"ndb-rwo"}},{"type":"Feature","geometry":{"type":"Point","coordinates":[12418462.188164901,6894953.896264613]},"properties":{"name":"RX","freq":"431.000","type":"ndb","uuid":"ndb-rx"}},{"type":"Feature","geometry":{"type":"Point","coordinates":[-9090089.903622283,3499298.0336112673]},"properties":{"name":"RYD","freq":"338.000","type":"ndb","uuid":"ndb-ryd"}},{"type":"Feature","geometry":{"type":"Point","coordinates":[-12374440.895530704,3781542.6451442735]},"properties":{"name":"RYN","freq":"338.000","type":"ndb","uuid":"ndb-ryn"}},{"type":"Feature","geometry":{"type":"Point","coordinates":[-9876853.08285686,5338443.958900046]},"properties":{"name":"RYV","freq":"371.000","type":"ndb","uuid":"ndb-ryv"}},{"type":"Feature","geometry":{"type":"Point","coordinates":[5177747.815522138,7796941.340022013]},"properties":{"name":"RZ","freq":"643.000","type":"ndb","uuid":"ndb-rz"}},{"type":"Feature","geometry":{"type":"Point","coordinates":[15887162.153009161,5919256.895325966]},"properties":{"name":"S","freq":"645.000","type":"ndb","uuid":"ndb-s"}},{"type":"Feature","geometry":{"type":"Point","coordinates":[5007085.790433897,5361720.453174404]},"properties":{"name":"S","freq":"554.000","type":"ndb","uuid":"ndb-s"}},{"type":"Feature","geometry":{"type":"Point","coordinates":[7969665.691502866,5008764.551058382]},"properties":{"name":"S","freq":"676.000","type":"ndb","uuid":"ndb-s"}},{"type":"Feature","geometry":{"type":"Point","coordinates":[6518767.276143378,6633168.478694851]},"properties":{"name":"S","freq":"780.000","type":"ndb","uuid":"ndb-s"}},{"type":"Feature","geometry":{"type":"Point","coordinates":[7604392.149622555,7979599.135478176]},"properties":{"name":"S","freq":"430.000","type":"ndb","uuid":"ndb-s"}},{"type":"Feature","geometry":{"type":"Point","coordinates":[4775606.124109356,8886859.592193693]},"properties":{"name":"S","freq":"312.000","type":"ndb","uuid":"ndb-s"}},{"type":"Feature","geometry":{"type":"Point","coordinates":[5661724.762786282,8780044.011022713]},"properties":{"name":"S","freq":"705.000","type":"ndb","uuid":"ndb-s"}},{"type":"Feature","geometry":{"type":"Point","coordinates":[9194108.598378122,7373012.101958432]},"properties":{"name":"S","freq":"722.000","type":"ndb","uuid":"ndb-s"}},{"type":"Feature","geometry":{"type":"Point","coordinates":[5306383.702472,5281343.098632292]},"properties":{"name":"S","freq":"740.000","type":"ndb","uuid":"ndb-s"}},{"type":"Feature","geometry":{"type":"Point","coordinates":[4928039.582580197,5841428.0271781655]},"properties":{"name":"SA","freq":"311.000","type":"ndb","uuid":"ndb-sa"}},{"type":"Feature","geometry":{"type":"Point","coordinates":[7972837.060107244,5007680.600160678]},"properties":{"name":"SA","freq":"329.000","type":"ndb","uuid":"ndb-sa"}},{"type":"Feature","geometry":{"type":"Point","coordinates":[8009573.388809366,11471639.165432855]},"properties":{"name":"SA","freq":"835.000","type":"ndb","uuid":"ndb-sa"}},{"type":"Feature","geometry":{"type":"Point","coordinates":[5585699.6731464695,-1606209.8993830907]},"properties":{"name":"SA","freq":"376.000","type":"ndb","uuid":"ndb-sa"}},{"type":"Feature","geometry":{"type":"Point","coordinates":[-428567.6707217929,5378427.978373951]},"properties":{"name":"SA","freq":"416.000","type":"ndb","uuid":"ndb-sa"}},{"type":"Feature","geometry":{"type":"Point","coordinates":[5123173.404238654,6723865.705615391]},"properties":{"name":"SA","freq":"479.000","type":"ndb","uuid":"ndb-sa"}},{"type":"Feature","geometry":{"type":"Point","coordinates":[-6431754.396164815,-6743246.296306984]},"properties":{"name":"SA","freq":"305.000","type":"ndb","uuid":"ndb-sa"}},{"type":"Feature","geometry":{"type":"Point","coordinates":[1518068.5651820686,10473086.531859502]},"properties":{"name":"SAD","freq":"348.000","type":"ndb","uuid":"ndb-sad"}},{"type":"Feature","geometry":{"type":"Point","coordinates":[3868661.525874016,3802206.265248636]},"properties":{"name":"SAHAR","freq":"00.000","type":"ndb","uuid":"ndb-sahar"}},{"type":"Feature","geometry":{"type":"Point","coordinates":[8658943.269519618,1591421.7594726454]},"properties":{"name":"SAI","freq":"241.000","type":"ndb","uuid":"ndb-sai"}},{"type":"Feature","geometry":{"type":"Point","coordinates":[-854611.7285873023,3964705.0469672107]},"properties":{"name":"SAK","freq":"413.000","type":"ndb","uuid":"ndb-sak"}},{"type":"Feature","geometry":{"type":"Point","coordinates":[-12741767.385275807,6124889.192429877]},"properties":{"name":"SAK","freq":"515.000","type":"ndb","uuid":"ndb-sak"}},{"type":"Feature","geometry":{"type":"Point","coordinates":[224021.22951931105,5228120.37029577]},"properties":{"name":"SAL","freq":"418.000","type":"ndb","uuid":"ndb-sal"}},{"type":"Feature","geometry":{"type":"Point","coordinates":[3899367.1211624127,3481894.817210941]},"properties":{"name":"SAMAR","freq":"00.000","type":"ndb","uuid":"ndb-samar"}},{"type":"Feature","geometry":{"type":"Point","coordinates":[5607314.2385309115,4166403.093700273]},"properties":{"name":"SAV","freq":"408.000","type":"ndb","uuid":"ndb-sav"}},{"type":"Feature","geometry":{"type":"Point","coordinates":[4745920.895642402,1467349.838573582]},"properties":{"name":"SB","freq":"345.000","type":"ndb","uuid":"ndb-sb"}},{"type":"Feature","geometry":{"type":"Point","coordinates":[11372955.776894795,3216233.0737026236]},"properties":{"name":"SB","freq":"319.000","type":"ndb","uuid":"ndb-sb"}},{"type":"Feature","geometry":{"type":"Point","coordinates":[-9597853.259536246,5116987.057564673]},"properties":{"name":"SB","freq":"341.000","type":"ndb","uuid":"ndb-sb"}},{"type":"Feature","geometry":{"type":"Point","coordinates":[-13065136.034496464,4036387.351448077]},"properties":{"name":"SB","freq":"397.000","type":"ndb","uuid":"ndb-sb"}},{"type":"Feature","geometry":{"type":"Point","coordinates":[-1487065.0665674764,1410959.864579773]},"properties":{"name":"SB","freq":"395.000","type":"ndb","uuid":"ndb-sb"}},{"type":"Feature","geometry":{"type":"Point","coordinates":[4430361.092246328,6065823.972849429]},"properties":{"name":"SB","freq":"414.000","type":"ndb","uuid":"ndb-sb"}},{"type":"Feature","geometry":{"type":"Point","coordinates":[12447559.866175033,260931.36581350656]},"properties":{"name":"SB","freq":"352.000","type":"ndb","uuid":"ndb-sb"}},{"type":"Feature","geometry":{"type":"Point","coordinates":[-5532381.7496932335,-1872045.2687597]},"properties":{"name":"SBG","freq":"230.000","type":"ndb","uuid":"ndb-sbg"}},{"type":"Feature","geometry":{"type":"Point","coordinates":[-741864.0087271511,4052513.6868118616]},"properties":{"name":"SBI","freq":"332.000","type":"ndb","uuid":"ndb-sbi"}},{"type":"Feature","geometry":{"type":"Point","coordinates":[-134529.57370159033,7130436.439753355]},"properties":{"name":"SBL","freq":"323.000","type":"ndb","uuid":"ndb-sbl"}},{"type":"Feature","geometry":{"type":"Point","coordinates":[6411263.601039933,4324283.545117074]},"properties":{"name":"SBZ","freq":"255.000","type":"ndb","uuid":"ndb-sbz"}},{"type":"Feature","geometry":{"type":"Point","coordinates":[12705138.325271897,2549991.1750483536]},"properties":{"name":"SC","freq":"236.000","type":"ndb","uuid":"ndb-sc"}},{"type":"Feature","geometry":{"type":"Point","coordinates":[-3465140.740580709,4787422.015823458]},"properties":{"name":"SC","freq":"331.000","type":"ndb","uuid":"ndb-sc"}},{"type":"Feature","geometry":{"type":"Point","coordinates":[5003313.265657155,5362081.725573989]},"properties":{"name":"SC","freq":"276.000","type":"ndb","uuid":"ndb-sc"}},{"type":"Feature","geometry":{"type":"Point","coordinates":[-7963518.041701727,2453094.6766310805]},"properties":{"name":"SC","freq":"260.000","type":"ndb","uuid":"ndb-sc"}},{"type":"Feature","geometry":{"type":"Point","coordinates":[12705140.273362985,2549984.322618996]},"properties":{"name":"SC","freq":"236.000","type":"ndb","uuid":"ndb-sc"}},{"type":"Feature","geometry":{"type":"Point","coordinates":[-10294225.692532463,6150203.339826868]},"properties":{"name":"SCG","freq":"385.000","type":"ndb","uuid":"ndb-scg"}},{"type":"Feature","geometry":{"type":"Point","coordinates":[6001007.986553633,1417517.1470089299]},"properties":{"name":"SCT","freq":"280.000","type":"ndb","uuid":"ndb-sct"}},{"type":"Feature","geometry":{"type":"Point","coordinates":[-9416261.577621112,4363575.187234679]},"properties":{"name":"SCX","freq":"403.000","type":"ndb","uuid":"ndb-scx"}},{"type":"Feature","geometry":{"type":"Point","coordinates":[8407095.290432146,4208972.315153037]},"properties":{"name":"SD","freq":"247.000","type":"ndb","uuid":"ndb-sd"}},{"type":"Feature","geometry":{"type":"Point","coordinates":[-11237271.54177495,3855736.9148197444]},"properties":{"name":"SDR","freq":"359.000","type":"ndb","uuid":"ndb-sdr"}},{"type":"Feature","geometry":{"type":"Point","coordinates":[3850046.4332469185,3698725.751918203]},"properties":{"name":"SDROT","freq":"00.000","type":"ndb","uuid":"ndb-sdrot"}},{"type":"Feature","geometry":{"type":"Point","coordinates":[-1946235.702191571,1656568.5013655603]},"properties":{"name":"SDS","freq":"323.000","type":"ndb","uuid":"ndb-sds"}},{"type":"Feature","geometry":{"type":"Point","coordinates":[3883380.405401267,3828683.877511305]},"properties":{"name":"SDTYM","freq":"00.000","type":"ndb","uuid":"ndb-sdtym"}},{"type":"Feature","geometry":{"type":"Point","coordinates":[-9676718.573217409,3798776.944671479]},"properties":{"name":"SE","freq":"344.000","type":"ndb","uuid":"ndb-se"}},{"type":"Feature","geometry":{"type":"Point","coordinates":[3889008.2550245635,3644442.844616919]},"properties":{"name":"SECHR","freq":"00.000","type":"ndb","uuid":"ndb-sechr"}},{"type":"Feature","geometry":{"type":"Point","coordinates":[3925403.5440978096,3876883.226729875]},"properties":{"name":"SEGEV","freq":"00.000","type":"ndb","uuid":"ndb-segev"}},{"type":"Feature","geometry":{"type":"Point","coordinates":[3042763.6395081724,4572204.080479148]},"properties":{"name":"SEL","freq":"424.000","type":"ndb","uuid":"ndb-sel"}},{"type":"Feature","geometry":{"type":"Point","coordinates":[3959757.944917764,3901389.1163033694]},"properties":{"name":"SELZR","freq":"00.000","type":"ndb","uuid":"ndb-selzr"}},{"type":"Feature","geometry":{"type":"Point","coordinates":[4452439.426998246,7469021.931142678]},"properties":{"name":"SF","freq":"410.000","type":"ndb","uuid":"ndb-sf"}},{"type":"Feature","geometry":{"type":"Point","coordinates":[6514119.687402759,6632076.306952933]},"properties":{"name":"SF","freq":"385.000","type":"ndb","uuid":"ndb-sf"}},{"type":"Feature","geometry":{"type":"Point","coordinates":[-7885262.573297628,5362977.932178969]},"properties":{"name":"SF","freq":"349.000","type":"ndb","uuid":"ndb-sf"}},{"type":"Feature","geometry":{"type":"Point","coordinates":[3783935.0554701053,5637979.052755807]},"properties":{"name":"SF","freq":"588.000","type":"ndb","uuid":"ndb-sf"}},{"type":"Feature","geometry":{"type":"Point","coordinates":[19409369.50089557,-4284873.909832251]},"properties":{"name":"SF","freq":"366.000","type":"ndb","uuid":"ndb-sf"}},{"type":"Feature","geometry":{"type":"Point","coordinates":[3874722.222784013,3790981.16047623]},"properties":{"name":"SFAIM","freq":"00.000","type":"ndb","uuid":"ndb-sfaim"}},{"type":"Feature","geometry":{"type":"Point","coordinates":[-9810904.849978222,5527323.3604599275]},"properties":{"name":"SG","freq":"332.000","type":"ndb","uuid":"ndb-sg"}},{"type":"Feature","geometry":{"type":"Point","coordinates":[5942605.421670093,7252655.2668506075]},"properties":{"name":"SG","freq":"348.000","type":"ndb","uuid":"ndb-sg"}},{"type":"Feature","geometry":{"type":"Point","coordinates":[-1540128.0683867948,1246783.1270193579]},"properties":{"name":"SG","freq":"332.000","type":"ndb","uuid":"ndb-sg"}},{"type":"Feature","geometry":{"type":"Point","coordinates":[8189311.044605336,2411862.41673061]},"properties":{"name":"SG","freq":"358.000","type":"ndb","uuid":"ndb-sg"}},{"type":"Feature","geometry":{"type":"Point","coordinates":[3961118.825692712,-1195937.3325531469]},"properties":{"name":"SG","freq":"352.000","type":"ndb","uuid":"ndb-sg"}},{"type":"Feature","geometry":{"type":"Point","coordinates":[11883602.98790608,1215664.2090133752]},"properties":{"name":"SG","freq":"326.000","type":"ndb","uuid":"ndb-sg"}},{"type":"Feature","geometry":{"type":"Point","coordinates":[16541761.514176074,-3254920.993939526]},"properties":{"name":"SGE","freq":"383.000","type":"ndb","uuid":"ndb-sge"}},{"type":"Feature","geometry":{"type":"Point","coordinates":[-23132.839550538545,4818709.364385029]},"properties":{"name":"SGO","freq":"356.000","type":"ndb","uuid":"ndb-sgo"}},{"type":"Feature","geometry":{"type":"Point","coordinates":[-8789487.63637289,4607972.699499745]},"properties":{"name":"SH","freq":"375.000","type":"ndb","uuid":"ndb-sh"}},{"type":"Feature","geometry":{"type":"Point","coordinates":[3933690.6308236727,3757733.0972637506]},"properties":{"name":"SHAHR","freq":"00.000","type":"ndb","uuid":"ndb-shahr"}},{"type":"Feature","geometry":{"type":"Point","coordinates":[3940988.2728088675,3705509.8783992473]},"properties":{"name":"SHALM","freq":"00.000","type":"ndb","uuid":"ndb-shalm"}},{"type":"Feature","geometry":{"type":"Point","coordinates":[3898532.224981463,3739669.524931592]},"properties":{"name":"SHARG","freq":"00.000","type":"ndb","uuid":"ndb-sharg"}},{"type":"Feature","geometry":{"type":"Point","coordinates":[3885483.1378161097,3805791.794162012]},"properties":{"name":"SHARO","freq":"00.000","type":"ndb","uuid":"ndb-sharo"}},{"type":"Feature","geometry":{"type":"Point","coordinates":[5136587.402879243,4487445.047965918]},"properties":{"name":"SHD","freq":"363.000","type":"ndb","uuid":"ndb-shd"}},{"type":"Feature","geometry":{"type":"Point","coordinates":[3863466.5853815824,3755437.269071831]},"properties":{"name":"SHEFC","freq":"00.000","type":"ndb","uuid":"ndb-shefc"}},{"type":"Feature","geometry":{"type":"Point","coordinates":[3894357.744076716,3746695.0828176374]},"properties":{"name":"SHLVM","freq":"00.000","type":"ndb","uuid":"ndb-shlvm"}},{"type":"Feature","geometry":{"type":"Point","coordinates":[-32882.20055421344,6592248.908808251]},"properties":{"name":"SHM","freq":"332.000","type":"ndb","uuid":"ndb-shm"}},{"type":"Feature","geometry":{"type":"Point","coordinates":[6137989.743104915,4360608.380747002]},"properties":{"name":"SHR","freq":"268.000","type":"ndb","uuid":"ndb-shr"}},{"type":"Feature","geometry":{"type":"Point","coordinates":[3896553.2118118056,3491701.0362573513]},"properties":{"name":"SHRUT","freq":"00.000","type":"ndb","uuid":"ndb-shrut"}},{"type":"Feature","geometry":{"type":"Point","coordinates":[16185411.126223184,-4359724.378654836]},"properties":{"name":"SHT","freq":"212.000","type":"ndb","uuid":"ndb-sht"}},{"type":"Feature","geometry":{"type":"Point","coordinates":[5633178.765619274,2985994.6684222072]},"properties":{"name":"SI","freq":"343.000","type":"ndb","uuid":"ndb-si"}},{"type":"Feature","geometry":{"type":"Point","coordinates":[3458684.550257588,-2032137.7556889115]},"properties":{"name":"SI","freq":"330.000","type":"ndb","uuid":"ndb-si"}},{"type":"Feature","geometry":{"type":"Point","coordinates":[1445781.3366664485,6076730.510867133]},"properties":{"name":"SI","freq":"410.000","type":"ndb","uuid":"ndb-si"}},{"type":"Feature","geometry":{"type":"Point","coordinates":[-1022670.547383342,1277619.6549930004]},"properties":{"name":"SI","freq":"282.000","type":"ndb","uuid":"ndb-si"}},{"type":"Feature","geometry":{"type":"Point","coordinates":[2688653.2161646113,5745961.962041544]},"properties":{"name":"SIB","freq":"381.000","type":"ndb","uuid":"ndb-sib"}},{"type":"Feature","geometry":{"type":"Point","coordinates":[-8879152.363076713,4353271.418553029]},"properties":{"name":"SIF","freq":"423.000","type":"ndb","uuid":"ndb-sif"}},{"type":"Feature","geometry":{"type":"Point","coordinates":[1666622.848619573,4494421.556158181]},"properties":{"name":"SIG","freq":"412.000","type":"ndb","uuid":"ndb-sig"}},{"type":"Feature","geometry":{"type":"Point","coordinates":[3817454.5601091096,3658099.583529688]},"properties":{"name":"SIGAL","freq":"00.000","type":"ndb","uuid":"ndb-sigal"}},{"type":"Feature","geometry":{"type":"Point","coordinates":[905973.6758210568,6564889.737251394]},"properties":{"name":"SIL","freq":"489.000","type":"ndb","uuid":"ndb-sil"}},{"type":"Feature","geometry":{"type":"Point","coordinates":[4657242.58331533,4576137.926032961]},"properties":{"name":"SIR","freq":"409.000","type":"ndb","uuid":"ndb-sir"}},{"type":"Feature","geometry":{"type":"Point","coordinates":[546720.9413665425,7655116.672819674]},"properties":{"name":"SIR","freq":"391.000","type":"ndb","uuid":"ndb-sir"}},{"type":"Feature","geometry":{"type":"Point","coordinates":[6071417.564480379,2987041.091692974]},"properties":{"name":"SIR","freq":"300.000","type":"ndb","uuid":"ndb-sir"}},{"type":"Feature","geometry":{"type":"Point","coordinates":[3877257.833407638,3753870.5013662293]},"properties":{"name":"SIRNI","freq":"00.000","type":"ndb","uuid":"ndb-sirni"}},{"type":"Feature","geometry":{"type":"Point","coordinates":[-15087615.136218125,7730461.90416057]},"properties":{"name":"SIT","freq":"358.000","type":"ndb","uuid":"ndb-sit"}},{"type":"Feature","geometry":{"type":"Point","coordinates":[3897790.0950428415,3526171.6255226545]},"properties":{"name":"SITIM","freq":"00.000","type":"ndb","uuid":"ndb-sitim"}},{"type":"Feature","geometry":{"type":"Point","coordinates":[4106956.3878794867,4835391.8491093535]},"properties":{"name":"SIV","freq":"310.000","type":"ndb","uuid":"ndb-siv"}},{"type":"Feature","geometry":{"type":"Point","coordinates":[3897790.0950428415,3509656.9522718657]},"properties":{"name":"SIZFN","freq":"00.000","type":"ndb","uuid":"ndb-sizfn"}},{"type":"Feature","geometry":{"type":"Point","coordinates":[-7357055.918574854,2085466.46674052]},"properties":{"name":"SJ","freq":"330.000","type":"ndb","uuid":"ndb-sj"}},{"type":"Feature","geometry":{"type":"Point","coordinates":[-11196094.802273408,3669131.702825546]},"properties":{"name":"SJ","freq":"356.000","type":"ndb","uuid":"ndb-sj"}},{"type":"Feature","geometry":{"type":"Point","coordinates":[1983252.2158676048,10801096.64713461]},"properties":{"name":"SJA","freq":"414.000","type":"ndb","uuid":"ndb-sja"}},{"type":"Feature","geometry":{"type":"Point","coordinates":[1799441.8128126399,5749286.466257083]},"properties":{"name":"SK","freq":"350.000","type":"ndb","uuid":"ndb-sk"}},{"type":"Feature","geometry":{"type":"Point","coordinates":[-4570086.874245663,-2515586.080662772]},"properties":{"name":"SK","freq":"300.000","type":"ndb","uuid":"ndb-sk"}},{"type":"Feature","geometry":{"type":"Point","coordinates":[14315439.139368776,4598671.592470967]},"properties":{"name":"SK","freq":"378.000","type":"ndb","uuid":"ndb-sk"}},{"type":"Feature","geometry":{"type":"Point","coordinates":[7658348.706810056,3214006.3043992906]},"properties":{"name":"SK","freq":"375.000","type":"ndb","uuid":"ndb-sk"}},{"type":"Feature","geometry":{"type":"Point","coordinates":[2616106.0875600693,4746653.877404408]},"properties":{"name":"SKC","freq":"326.000","type":"ndb","uuid":"ndb-skc"}},{"type":"Feature","geometry":{"type":"Point","coordinates":[5659328.270604068,3803483.0526336264]},"properties":{"name":"SKD","freq":"376.000","type":"ndb","uuid":"ndb-skd"}},{"type":"Feature","geometry":{"type":"Point","coordinates":[-8242648.881878591,5090537.882600239]},"properties":{"name":"SKU","freq":"261.000","type":"ndb","uuid":"ndb-sku"}},{"type":"Feature","geometry":{"type":"Point","coordinates":[1366032.3936050357,6695014.945672613]},"properties":{"name":"SKZ","freq":"357.000","type":"ndb","uuid":"ndb-skz"}},{"type":"Feature","geometry":{"type":"Point","coordinates":[12680058.043996174,2546499.305238916]},"properties":{"name":"SL","freq":"377.000","type":"ndb","uuid":"ndb-sl"}},{"type":"Feature","geometry":{"type":"Point","coordinates":[-10869798.790587777,4676152.868811814]},"properties":{"name":"SL","freq":"344.000","type":"ndb","uuid":"ndb-sl"}},{"type":"Feature","geometry":{"type":"Point","coordinates":[8689692.155721102,1320965.4305207124]},"properties":{"name":"SL","freq":"241.000","type":"ndb","uuid":"ndb-sl"}},{"type":"Feature","geometry":{"type":"Point","coordinates":[5042309.0398794925,6174033.0101200985]},"properties":{"name":"SL","freq":"644.000","type":"ndb","uuid":"ndb-sl"}},{"type":"Feature","geometry":{"type":"Point","coordinates":[-13686844.815225273,5597534.792955307]},"properties":{"name":"SL","freq":"266.000","type":"ndb","uuid":"ndb-sl"}},{"type":"Feature","geometry":{"type":"Point","coordinates":[15886995.173772972,5914984.454166448]},"properties":{"name":"SL","freq":"505.000","type":"ndb","uuid":"ndb-sl"}},{"type":"Feature","geometry":{"type":"Point","coordinates":[-10518417.271794768,4326692.802261353]},"properties":{"name":"SLG","freq":"284.000","type":"ndb","uuid":"ndb-slg"}},{"type":"Feature","geometry":{"type":"Point","coordinates":[-8646772.3694483,95336.32489866062]},"properties":{"name":"SLI","freq":"244.000","type":"ndb","uuid":"ndb-sli"}},{"type":"Feature","geometry":{"type":"Point","coordinates":[-9083536.525199283,4198272.282873506]},"properties":{"name":"SLP","freq":"417.000","type":"ndb","uuid":"ndb-slp"}},{"type":"Feature","geometry":{"type":"Point","coordinates":[-6791163.287127249,1575839.0664001238]},"properties":{"name":"SLU","freq":"415.000","type":"ndb","uuid":"ndb-slu"}},{"type":"Feature","geometry":{"type":"Point","coordinates":[5545346.357733907,-1931430.192543529]},"properties":{"name":"SM","freq":"290.000","type":"ndb","uuid":"ndb-sm"}},{"type":"Feature","geometry":{"type":"Point","coordinates":[4319319.900180037,5586081.913110352]},"properties":{"name":"SM","freq":"662.000","type":"ndb","uuid":"ndb-sm"}},{"type":"Feature","geometry":{"type":"Point","coordinates":[15521276.601306131,7824432.671027497]},"properties":{"name":"SM","freq":"835.000","type":"ndb","uuid":"ndb-sm"}},{"type":"Feature","geometry":{"type":"Point","coordinates":[5308384.330176121,5278132.4638519045]},"properties":{"name":"SM","freq":"365.000","type":"ndb","uuid":"ndb-sm"}},{"type":"Feature","geometry":{"type":"Point","coordinates":[-18176458.272979025,8873237.911211753]},"properties":{"name":"SMA","freq":"230.000","type":"ndb","uuid":"ndb-sma"}},{"type":"Feature","geometry":{"type":"Point","coordinates":[-1301078.0273246148,3091272.482218723]},"properties":{"name":"SMA","freq":"401.000","type":"ndb","uuid":"ndb-sma"}},{"type":"Feature","geometry":{"type":"Point","coordinates":[2996342.855249923,4535091.150101924]},"properties":{"name":"SMO","freq":"375.000","type":"ndb","uuid":"ndb-smo"}},{"type":"Feature","geometry":{"type":"Point","coordinates":[343962.97147197765,4396385.05074346]},"properties":{"name":"SMR","freq":"370.000","type":"ndb","uuid":"ndb-smr"}},{"type":"Feature","geometry":{"type":"Point","coordinates":[3906200.9319359697,3888890.27765453]},"properties":{"name":"SMRAT","freq":"00.000","type":"ndb","uuid":"ndb-smrat"}},{"type":"Feature","geometry":{"type":"Point","coordinates":[-8945637.032212652,4027566.3475554935]},"properties":{"name":"SMS","freq":"252.000","type":"ndb","uuid":"ndb-sms"}},{"type":"Feature","geometry":{"type":"Point","coordinates":[458790.9124721666,5827646.884605384]},"properties":{"name":"SN","freq":"430.000","type":"ndb","uuid":"ndb-sn"}},{"type":"Feature","geometry":{"type":"Point","coordinates":[16220396.05919224,1702050.9122864215]},"properties":{"name":"SN","freq":"312.000","type":"ndb","uuid":"ndb-sn"}},{"type":"Feature","geometry":{"type":"Point","coordinates":[11590013.291979209,1943765.834897386]},"properties":{"name":"SN","freq":"365.000","type":"ndb","uuid":"ndb-sn"}},{"type":"Feature","geometry":{"type":"Point","coordinates":[7538366.333243249,3058105.2811755296]},"properties":{"name":"SN","freq":"338.000","type":"ndb","uuid":"ndb-sn"}},{"type":"Feature","geometry":{"type":"Point","coordinates":[-255738.25514780747,823536.4164598791]},"properties":{"name":"SN","freq":"357.000","type":"ndb","uuid":"ndb-sn"}},{"type":"Feature","geometry":{"type":"Point","coordinates":[8324162.269791158,4028727.3542436236]},"properties":{"name":"SNG","freq":"220.000","type":"ndb","uuid":"ndb-sng"}},{"type":"Feature","geometry":{"type":"Point","coordinates":[3971415.569370281,3926981.5870000273]},"properties":{"name":"SNNIR","freq":"00.000","type":"ndb","uuid":"ndb-snnir"}},{"type":"Feature","geometry":{"type":"Point","coordinates":[238594.15682530086,8730044.607303403]},"properties":{"name":"SNR","freq":"375.000","type":"ndb","uuid":"ndb-snr"}},{"type":"Feature","geometry":{"type":"Point","coordinates":[12328250.202475507,-838653.706561452]},"properties":{"name":"SO","freq":"255.000","type":"ndb","uuid":"ndb-so"}},{"type":"Feature","geometry":{"type":"Point","coordinates":[-939499.4267203787,5307271.382029009]},"properties":{"name":"SO","freq":"390.000","type":"ndb","uuid":"ndb-so"}},{"type":"Feature","geometry":{"type":"Point","coordinates":[8452717.790253084,1993794.8329625593]},"properties":{"name":"SO","freq":"345.000","type":"ndb","uuid":"ndb-so"}},{"type":"Feature","geometry":{"type":"Point","coordinates":[3647475.820239774,-1756411.1000530592]},"properties":{"name":"SO","freq":"290.000","type":"ndb","uuid":"ndb-so"}},{"type":"Feature","geometry":{"type":"Point","coordinates":[3742896.1047604987,191766.7826153309]},"properties":{"name":"SO","freq":"323.000","type":"ndb","uuid":"ndb-so"}},{"type":"Feature","geometry":{"type":"Point","coordinates":[-11203965.306727057,3578556.935592361]},"properties":{"name":"SOA","freq":"371.000","type":"ndb","uuid":"ndb-soa"}},{"type":"Feature","geometry":{"type":"Point","coordinates":[3885173.8860862707,3672748.5929024126]},"properties":{"name":"SOKET","freq":"00.000","type":"ndb","uuid":"ndb-soket"}},{"type":"Feature","geometry":{"type":"Point","coordinates":[-8914118.495420657,-248896.25386105094]},"properties":{"name":"SOL","freq":"280.000","type":"ndb","uuid":"ndb-sol"}},{"type":"Feature","geometry":{"type":"Point","coordinates":[3904654.796975094,3737049.636396775]},"properties":{"name":"SORES","freq":"00.000","type":"ndb","uuid":"ndb-sores"}},{"type":"Feature","geometry":{"type":"Point","coordinates":[3867950.3180161696,3686291.863375369]},"properties":{"name":"SOVAL","freq":"00.000","type":"ndb","uuid":"ndb-soval"}},{"type":"Feature","geometry":{"type":"Point","coordinates":[-9992022.681927543,4833031.165448674]},"properties":{"name":"SP","freq":"382.000","type":"ndb","uuid":"ndb-sp"}},{"type":"Feature","geometry":{"type":"Point","coordinates":[9498799.414069785,7697301.088108989]},"properties":{"name":"SP","freq":"535.000","type":"ndb","uuid":"ndb-sp"}},{"type":"Feature","geometry":{"type":"Point","coordinates":[747692.4808105213,41729.274642179014]},"properties":{"name":"SP","freq":"330.000","type":"ndb","uuid":"ndb-sp"}},{"type":"Feature","geometry":{"type":"Point","coordinates":[8619691.676923022,3503538.3819659175]},"properties":{"name":"SP","freq":"298.000","type":"ndb","uuid":"ndb-sp"}},{"type":"Feature","geometry":{"type":"Point","coordinates":[3096894.9682962177,-2517835.659861967]},"properties":{"name":"SP","freq":"303.000","type":"ndb","uuid":"ndb-sp"}},{"type":"Feature","geometry":{"type":"Point","coordinates":[8237531.865029712,3724084.401758885]},"properties":{"name":"SP","freq":"317.000","type":"ndb","uuid":"ndb-sp"}},{"type":"Feature","geometry":{"type":"Point","coordinates":[-10611852.606106324,5347658.019720323]},"properties":{"name":"SP","freq":"394.000","type":"ndb","uuid":"ndb-sp"}},{"type":"Feature","geometry":{"type":"Point","coordinates":[6162897.47916991,-2425005.094640074]},"properties":{"name":"SP","freq":"352.000","type":"ndb","uuid":"ndb-sp"}},{"type":"Feature","geometry":{"type":"Point","coordinates":[-8324142.479659462,1219067.9572805914]},"properties":{"name":"SP1","freq":"00.000","type":"ndb","uuid":"ndb-sp1"}},{"type":"Feature","geometry":{"type":"Point","coordinates":[-8380630.596678003,1043507.3191243114]},"properties":{"name":"SP1","freq":"00.000","type":"ndb","uuid":"ndb-sp1"}},{"type":"Feature","geometry":{"type":"Point","coordinates":[-8440893.124720216,986297.9904023663]},"properties":{"name":"SP1","freq":"00.000","type":"ndb","uuid":"ndb-sp1"}},{"type":"Feature","geometry":{"type":"Point","coordinates":[-8324293.07019284,1219065.7845660085]},"properties":{"name":"SP2","freq":"00.000","type":"ndb","uuid":"ndb-sp2"}},{"type":"Feature","geometry":{"type":"Point","coordinates":[-8380601.622688318,1043584.877914048]},"properties":{"name":"SP2","freq":"00.000","type":"ndb","uuid":"ndb-sp2"}},{"type":"Feature","geometry":{"type":"Point","coordinates":[-8440819.220947161,986216.3169706257]},"properties":{"name":"SP2","freq":"00.000","type":"ndb","uuid":"ndb-sp2"}},{"type":"Feature","geometry":{"type":"Point","coordinates":[-8263428.241861275,1245384.500309835]},"properties":{"name":"SP2","freq":"00.000","type":"ndb","uuid":"ndb-sp2"}},{"type":"Feature","geometry":{"type":"Point","coordinates":[-8324342.483677919,1219256.0708094002]},"properties":{"name":"SP3","freq":"00.000","type":"ndb","uuid":"ndb-sp3"}},{"type":"Feature","geometry":{"type":"Point","coordinates":[-8440795.720165772,986190.0313025827]},"properties":{"name":"SP3","freq":"00.000","type":"ndb","uuid":"ndb-sp3"}},{"type":"Feature","geometry":{"type":"Point","coordinates":[-8263430.684705657,1245482.5071939118]},"properties":{"name":"SP3","freq":"00.000","type":"ndb","uuid":"ndb-sp3"}},{"type":"Feature","geometry":{"type":"Point","coordinates":[-8324257.169657059,1219252.3866207541]},"properties":{"name":"SP4","freq":"00.000","type":"ndb","uuid":"ndb-sp4"}},{"type":"Feature","geometry":{"type":"Point","coordinates":[-8440781.526930695,986173.415013857]},"properties":{"name":"SP4","freq":"00.000","type":"ndb","uuid":"ndb-sp4"}},{"type":"Feature","geometry":{"type":"Point","coordinates":[-8324135.676801691,1219498.0945439907]},"properties":{"name":"SP5","freq":"00.000","type":"ndb","uuid":"ndb-sp5"}},{"type":"Feature","geometry":{"type":"Point","coordinates":[-8263421.129782697,1245583.035457094]},"properties":{"name":"SP5","freq":"00.000","type":"ndb","uuid":"ndb-sp5"}},{"type":"Feature","geometry":{"type":"Point","coordinates":[-8323997.857087672,1219486.349141854]},"properties":{"name":"SP6","freq":"00.000","type":"ndb","uuid":"ndb-sp6"}},{"type":"Feature","geometry":{"type":"Point","coordinates":[212290.93817696985,8044726.862028824]},"properties":{"name":"SPA","freq":"349.000","type":"ndb","uuid":"ndb-spa"}},{"type":"Feature","geometry":{"type":"Point","coordinates":[-7653616.948165565,1151119.724366084]},"properties":{"name":"SPE","freq":"230.000","type":"ndb","uuid":"ndb-spe"}},{"type":"Feature","geometry":{"type":"Point","coordinates":[-645155.2011004946,4497539.685850699]},"properties":{"name":"SPP","freq":"420.000","type":"ndb","uuid":"ndb-spp"}},{"type":"Feature","geometry":{"type":"Point","coordinates":[-18950249.979470998,7792275.984880875]},"properties":{"name":"SPY","freq":"314.000","type":"ndb","uuid":"ndb-spy"}},{"type":"Feature","geometry":{"type":"Point","coordinates":[12592089.764487876,4333695.452025572]},"properties":{"name":"SQ","freq":"398.000","type":"ndb","uuid":"ndb-sq"}},{"type":"Feature","geometry":{"type":"Point","coordinates":[-9476615.88239907,4833605.300636211]},"properties":{"name":"SQ","freq":"227.000","type":"ndb","uuid":"ndb-sq"}},{"type":"Feature","geometry":{"type":"Point","coordinates":[-14816331.979999302,7651461.9783315]},"properties":{"name":"SQM","freq":"529.000","type":"ndb","uuid":"ndb-sqm"}},{"type":"Feature","geometry":{"type":"Point","coordinates":[803672.2697431887,6311893.3239438245]},"properties":{"name":"SR","freq":"360.000","type":"ndb","uuid":"ndb-sr"}},{"type":"Feature","geometry":{"type":"Point","coordinates":[7705850.4960901495,5039618.272259265]},"properties":{"name":"SR","freq":"743.000","type":"ndb","uuid":"ndb-sr"}},{"type":"Feature","geometry":{"type":"Point","coordinates":[5855340.310278641,3443146.1359346183]},"properties":{"name":"SR","freq":"205.000","type":"ndb","uuid":"ndb-sr"}},{"type":"Feature","geometry":{"type":"Point","coordinates":[5664384.061733009,8786907.507141095]},"properties":{"name":"SR","freq":"345.000","type":"ndb","uuid":"ndb-sr"}},{"type":"Feature","geometry":{"type":"Point","coordinates":[-18885080.086287566,7673118.662278292]},"properties":{"name":"SRI","freq":"399.000","type":"ndb","uuid":"ndb-sri"}},{"type":"Feature","geometry":{"type":"Point","coordinates":[-7428980.462005055,-1672808.5393026124]},"properties":{"name":"SRJ","freq":"270.000","type":"ndb","uuid":"ndb-srj"}},{"type":"Feature","geometry":{"type":"Point","coordinates":[-7464775.800867084,214113.80045264767]},"properties":{"name":"SRN","freq":"395.000","type":"ndb","uuid":"ndb-srn"}},{"type":"Feature","geometry":{"type":"Point","coordinates":[6798742.041748778,4369001.975006073]},"properties":{"name":"SRS","freq":"334.000","type":"ndb","uuid":"ndb-srs"}},{"type":"Feature","geometry":{"type":"Point","coordinates":[8054183.0977186505,4137948.426360446]},"properties":{"name":"SS","freq":"357.000","type":"ndb","uuid":"ndb-ss"}},{"type":"Feature","geometry":{"type":"Point","coordinates":[-7475205.880556962,1114277.6729351068]},"properties":{"name":"SSB","freq":"318.000","type":"ndb","uuid":"ndb-ssb"}},{"type":"Feature","geometry":{"type":"Point","coordinates":[3895749.2377116317,3777283.938110818]},"properties":{"name":"SSOMR","freq":"00.000","type":"ndb","uuid":"ndb-ssomr"}},{"type":"Feature","geometry":{"type":"Point","coordinates":[-10460545.91733688,5697239.193425869]},"properties":{"name":"ST","freq":"342.000","type":"ndb","uuid":"ndb-st"}},{"type":"Feature","geometry":{"type":"Point","coordinates":[-7222936.990105969,2001525.0987377118]},"properties":{"name":"ST","freq":"241.000","type":"ndb","uuid":"ndb-st"}},{"type":"Feature","geometry":{"type":"Point","coordinates":[8026002.352169769,11479013.303769222]},"properties":{"name":"ST","freq":"835.000","type":"ndb","uuid":"ndb-st"}},{"type":"Feature","geometry":{"type":"Point","coordinates":[4862373.451844475,6318904.136153027]},"properties":{"name":"ST","freq":"777.000","type":"ndb","uuid":"ndb-st"}},{"type":"Feature","geometry":{"type":"Point","coordinates":[-10564990.563755406,4818942.059930105]},"properties":{"name":"ST","freq":"260.000","type":"ndb","uuid":"ndb-st"}},{"type":"Feature","geometry":{"type":"Point","coordinates":[206188.06354879407,8684675.806849446]},"properties":{"name":"STA","freq":"414.000","type":"ndb","uuid":"ndb-sta"}},{"type":"Feature","geometry":{"type":"Point","coordinates":[-8817319.95191559,-27554.751892779852]},"properties":{"name":"STD","freq":"270.000","type":"ndb","uuid":"ndb-std"}},{"type":"Feature","geometry":{"type":"Point","coordinates":[708840.0922767414,8826225.677939428]},"properties":{"name":"STG","freq":"369.000","type":"ndb","uuid":"ndb-stg"}},{"type":"Feature","geometry":{"type":"Point","coordinates":[-700322.914347825,6431411.686358974]},"properties":{"name":"STM","freq":"321.000","type":"ndb","uuid":"ndb-stm"}},{"type":"Feature","geometry":{"type":"Point","coordinates":[1532739.2371853914,9956736.037505211]},"properties":{"name":"STM","freq":"345.000","type":"ndb","uuid":"ndb-stm"}},{"type":"Feature","geometry":{"type":"Point","coordinates":[1495977.7688315976,10135301.442063754]},"properties":{"name":"STT","freq":"317.000","type":"ndb","uuid":"ndb-stt"}},{"type":"Feature","geometry":{"type":"Point","coordinates":[-10104125.088883981,4670106.761903958]},"properties":{"name":"SU","freq":"326.000","type":"ndb","uuid":"ndb-su"}},{"type":"Feature","geometry":{"type":"Point","coordinates":[3867424.6426429795,3760211.7007956817]},"properties":{"name":"SUPER","freq":"00.000","type":"ndb","uuid":"ndb-super"}},{"type":"Feature","geometry":{"type":"Point","coordinates":[-9271854.470891032,3712646.3939322634]},"properties":{"name":"SUR","freq":"362.000","type":"ndb","uuid":"ndb-sur"}},{"type":"Feature","geometry":{"type":"Point","coordinates":[12617878.687088743,3276318.099138565]},"properties":{"name":"SV","freq":"345.000","type":"ndb","uuid":"ndb-sv"}},{"type":"Feature","geometry":{"type":"Point","coordinates":[9193171.752096854,7377937.335782232]},"properties":{"name":"SV","freq":"520.000","type":"ndb","uuid":"ndb-sv"}},{"type":"Feature","geometry":{"type":"Point","coordinates":[858885.5002934216,5739641.068916998]},"properties":{"name":"SVC","freq":"418.000","type":"ndb","uuid":"ndb-svc"}},{"type":"Feature","geometry":{"type":"Point","coordinates":[-6768935.907945991,-3725492.469549473]},"properties":{"name":"SVO","freq":"405.000","type":"ndb","uuid":"ndb-svo"}},{"type":"Feature","geometry":{"type":"Point","coordinates":[-2790181.261002274,1900946.8057915345]},"properties":{"name":"SVT","freq":"333.000","type":"ndb","uuid":"ndb-svt"}},{"type":"Feature","geometry":{"type":"Point","coordinates":[-10807704.09833751,4333169.034699946]},"properties":{"name":"SW","freq":"255.000","type":"ndb","uuid":"ndb-sw"}},{"type":"Feature","geometry":{"type":"Point","coordinates":[-8263025.605447493,5084263.251596082]},"properties":{"name":"SW","freq":"335.000","type":"ndb","uuid":"ndb-sw"}},{"type":"Feature","geometry":{"type":"Point","coordinates":[-10602277.33641742,6251605.417246321]},"properties":{"name":"SW","freq":"360.000","type":"ndb","uuid":"ndb-sw"}},{"type":"Feature","geometry":{"type":"Point","coordinates":[4166812.1977932523,7632036.800197277]},"properties":{"name":"SW","freq":"999.999","type":"ndb","uuid":"ndb-sw"}},{"type":"Feature","geometry":{"type":"Point","coordinates":[17360985.79706886,7226701.73169092]},"properties":{"name":"SW","freq":"552.000","type":"ndb","uuid":"ndb-sw"}},{"type":"Feature","geometry":{"type":"Point","coordinates":[2934830.147481942,-1365132.460377798]},"properties":{"name":"SW","freq":"415.000","type":"ndb","uuid":"ndb-sw"}},{"type":"Feature","geometry":{"type":"Point","coordinates":[15978833.753677422,-4215710.516295952]},"properties":{"name":"SWH","freq":"407.000","type":"ndb","uuid":"ndb-swh"}},{"type":"Feature","geometry":{"type":"Point","coordinates":[7663883.048061085,4699453.667151828]},"properties":{"name":"SX","freq":"505.000","type":"ndb","uuid":"ndb-sx"}},{"type":"Feature","geometry":{"type":"Point","coordinates":[4150268.8845781405,7482967.589558855]},"properties":{"name":"SX","freq":"914.000","type":"ndb","uuid":"ndb-sx"}},{"type":"Feature","geometry":{"type":"Point","coordinates":[19376302.38629832,6931739.526260716]},"properties":{"name":"SYA","freq":"403.000","type":"ndb","uuid":"ndb-sya"}},{"type":"Feature","geometry":{"type":"Point","coordinates":[4867753.955743646,1916945.2217308423]},"properties":{"name":"SYE","freq":"267.000","type":"ndb","uuid":"ndb-sye"}},{"type":"Feature","geometry":{"type":"Point","coordinates":[5430850.581725414,1800304.4962959646]},"properties":{"name":"SYN","freq":"385.000","type":"ndb","uuid":"ndb-syn"}},{"type":"Feature","geometry":{"type":"Point","coordinates":[-9890019.395630434,4780070.772185726]},"properties":{"name":"SYZ","freq":"365.000","type":"ndb","uuid":"ndb-syz"}},{"type":"Feature","geometry":{"type":"Point","coordinates":[8716625.34992108,7431452.114113935]},"properties":{"name":"SZ","freq":"965.000","type":"ndb","uuid":"ndb-sz"}},{"type":"Feature","geometry":{"type":"Point","coordinates":[3221957.0666824863,-2308571.1125837644]},"properties":{"name":"SZ","freq":"242.000","type":"ndb","uuid":"ndb-sz"}},{"type":"Feature","geometry":{"type":"Point","coordinates":[12522886.116789311,4941553.366228249]},"properties":{"name":"SZ","freq":"282.000","type":"ndb","uuid":"ndb-sz"}},{"type":"Feature","geometry":{"type":"Point","coordinates":[3906571.9659832004,3892575.8380600857]},"properties":{"name":"SZION","freq":"00.000","type":"ndb","uuid":"ndb-szion"}},{"type":"Feature","geometry":{"type":"Point","coordinates":[-12975757.275195656,6155344.224056954]},"properties":{"name":"SZT","freq":"264.000","type":"ndb","uuid":"ndb-szt"}},{"type":"Feature","geometry":{"type":"Point","coordinates":[9487967.347329823,7638689.05176007]},"properties":{"name":"T","freq":"770.000","type":"ndb","uuid":"ndb-t"}},{"type":"Feature","geometry":{"type":"Point","coordinates":[16467745.83411132,5663293.260145727]},"properties":{"name":"T","freq":"311.000","type":"ndb","uuid":"ndb-t"}},{"type":"Feature","geometry":{"type":"Point","coordinates":[7272694.019503292,7799914.233364134]},"properties":{"name":"T","freq":"650.000","type":"ndb","uuid":"ndb-t"}},{"type":"Feature","geometry":{"type":"Point","coordinates":[12361525.391754301,8367993.669333446]},"properties":{"name":"T","freq":"690.000","type":"ndb","uuid":"ndb-t"}},{"type":"Feature","geometry":{"type":"Point","coordinates":[8164573.410906689,7356369.185278238]},"properties":{"name":"T","freq":"680.000","type":"ndb","uuid":"ndb-t"}},{"type":"Feature","geometry":{"type":"Point","coordinates":[8042537.5637997165,5237227.817772792]},"properties":{"name":"TA","freq":"705.000","type":"ndb","uuid":"ndb-ta"}},{"type":"Feature","geometry":{"type":"Point","coordinates":[5290075.397070786,5308150.460498436]},"properties":{"name":"TA","freq":"822.000","type":"ndb","uuid":"ndb-ta"}},{"type":"Feature","geometry":{"type":"Point","coordinates":[10056836.878415806,2957404.9958962207]},"properties":{"name":"TA","freq":"378.000","type":"ndb","uuid":"ndb-ta"}},{"type":"Feature","geometry":{"type":"Point","coordinates":[233486.3856785746,6236192.270692443]},"properties":{"name":"TA","freq":"286.500","type":"ndb","uuid":"ndb-ta"}},{"type":"Feature","geometry":{"type":"Point","coordinates":[8200.566743851929,8045412.449363189]},"properties":{"name":"TAA","freq":"402.000","type":"ndb","uuid":"ndb-taa"}},{"type":"Feature","geometry":{"type":"Point","coordinates":[3914086.031611746,3886274.1698441454]},"properties":{"name":"TAALL","freq":"00.000","type":"ndb","uuid":"ndb-taall"}},{"type":"Feature","geometry":{"type":"Point","coordinates":[-6771957.026159878,1248827.8360430244]},"properties":{"name":"TAB","freq":"323.000","type":"ndb","uuid":"ndb-tab"}},{"type":"Feature","geometry":{"type":"Point","coordinates":[5284563.196029591,-2135481.897393663]},"properties":{"name":"TAN","freq":"276.000","type":"ndb","uuid":"ndb-tan"}},{"type":"Feature","geometry":{"type":"Point","coordinates":[-646184.9063903324,4262314.1979110725]},"properties":{"name":"TAN","freq":"374.000","type":"ndb","uuid":"ndb-tan"}},{"type":"Feature","geometry":{"type":"Point","coordinates":[-8501160.260152461,-726565.4216955549]},"properties":{"name":"TAP","freq":"250.000","type":"ndb","uuid":"ndb-tap"}},{"type":"Feature","geometry":{"type":"Point","coordinates":[3923579.11040995,3779803.05229499]},"properties":{"name":"TAPUH","freq":"00.000","type":"ndb","uuid":"ndb-tapuh"}},{"type":"Feature","geometry":{"type":"Point","coordinates":[3910158.958275286,3668840.446781046]},"properties":{"name":"TARAD","freq":"00.000","type":"ndb","uuid":"ndb-tarad"}},{"type":"Feature","geometry":{"type":"Point","coordinates":[769472.4793271138,9022173.628713163]},"properties":{"name":"TAT","freq":"393.000","type":"ndb","uuid":"ndb-tat"}},{"type":"Feature","geometry":{"type":"Point","coordinates":[3942936.363897749,3854265.3096433203]},"properties":{"name":"TAVOR","freq":"00.000","type":"ndb","uuid":"ndb-tavor"}},{"type":"Feature","geometry":{"type":"Point","coordinates":[3654911.962224766,-564502.6240822613]},"properties":{"name":"TB","freq":"333.000","type":"ndb","uuid":"ndb-tb"}},{"type":"Feature","geometry":{"type":"Point","coordinates":[-16645414.864547547,-2676859.3151001716]},"properties":{"name":"TB","freq":"347.000","type":"ndb","uuid":"ndb-tb"}},{"type":"Feature","geometry":{"type":"Point","coordinates":[4430030.256904107,5011645.162097157]},"properties":{"name":"TBN","freq":"371.000","type":"ndb","uuid":"ndb-tbn"}},{"type":"Feature","geometry":{"type":"Point","coordinates":[6334038.827432257,3983774.1733120903]},"properties":{"name":"TBS","freq":"395.000","type":"ndb","uuid":"ndb-tbs"}},{"type":"Feature","geometry":{"type":"Point","coordinates":[1219535.9437210879,-321664.0016026243]},"properties":{"name":"TC","freq":"376.000","type":"ndb","uuid":"ndb-tc"}},{"type":"Feature","geometry":{"type":"Point","coordinates":[10939823.976128398,6230892.1614812035]},"properties":{"name":"TC","freq":"325.000","type":"ndb","uuid":"ndb-tc"}},{"type":"Feature","geometry":{"type":"Point","coordinates":[-9338183.632882752,5166063.765631039]},"properties":{"name":"TCU","freq":"239.000","type":"ndb","uuid":"ndb-tcu"}},{"type":"Feature","geometry":{"type":"Point","coordinates":[15013226.783235861,5764471.81966779]},"properties":{"name":"TD","freq":"325.000","type":"ndb","uuid":"ndb-td"}},{"type":"Feature","geometry":{"type":"Point","coordinates":[-7976134.2197362175,605744.3935694372]},"properties":{"name":"TDA","freq":"999.999","type":"ndb","uuid":"ndb-tda"}},{"type":"Feature","geometry":{"type":"Point","coordinates":[-905525.9240914216,3211995.1132405447]},"properties":{"name":"TDF","freq":"339.000","type":"ndb","uuid":"ndb-tdf"}},{"type":"Feature","geometry":{"type":"Point","coordinates":[5368459.686863396,-2149314.899459337]},"properties":{"name":"TE","freq":"371.000","type":"ndb","uuid":"ndb-te"}},{"type":"Feature","geometry":{"type":"Point","coordinates":[4259980.489015229,6827746.518374985]},"properties":{"name":"TE","freq":"527.000","type":"ndb","uuid":"ndb-te"}},{"type":"Feature","geometry":{"type":"Point","coordinates":[-8950469.534996312,4468224.047097205]},"properties":{"name":"TEC","freq":"368.000","type":"ndb","uuid":"ndb-tec"}},{"type":"Feature","geometry":{"type":"Point","coordinates":[15902623.100630874,7080882.091812426]},"properties":{"name":"TF","freq":"786.000","type":"ndb","uuid":"ndb-tf"}},{"type":"Feature","geometry":{"type":"Point","coordinates":[2309183.656220888,10197859.21101938]},"properties":{"name":"TG","freq":"346.000","type":"ndb","uuid":"ndb-tg"}},{"type":"Feature","geometry":{"type":"Point","coordinates":[19613517.109100204,-4533976.436975345]},"properties":{"name":"TG","freq":"346.000","type":"ndb","uuid":"ndb-tg"}},{"type":"Feature","geometry":{"type":"Point","coordinates":[11752790.217391673,5430260.401649543]},"properties":{"name":"TG","freq":"420.000","type":"ndb","uuid":"ndb-tg"}},{"type":"Feature","geometry":{"type":"Point","coordinates":[2705796.417746775,5852259.518175907]},"properties":{"name":"TGM","freq":"428.000","type":"ndb","uuid":"ndb-tgm"}},{"type":"Feature","geometry":{"type":"Point","coordinates":[12722448.56793441,2540268.3819571906]},"properties":{"name":"TH","freq":"280.000","type":"ndb","uuid":"ndb-th"}},{"type":"Feature","geometry":{"type":"Point","coordinates":[4121125.4418884614,-167239.27945426427]},"properties":{"name":"TH","freq":"329.500","type":"ndb","uuid":"ndb-th"}},{"type":"Feature","geometry":{"type":"Point","coordinates":[2836479.933963538,4355818.552901773]},"properties":{"name":"THR","freq":"307.000","type":"ndb","uuid":"ndb-thr"}},{"type":"Feature","geometry":{"type":"Point","coordinates":[2554569.2296470017,4952581.304739868]},"properties":{"name":"THS","freq":"345.000","type":"ndb","uuid":"ndb-ths"}},{"type":"Feature","geometry":{"type":"Point","coordinates":[9491075.047369882,7643412.23390293]},"properties":{"name":"TI","freq":"380.000","type":"ndb","uuid":"ndb-ti"}},{"type":"Feature","geometry":{"type":"Point","coordinates":[-196468.41866474485,547594.3821406899]},"properties":{"name":"TI","freq":"375.000","type":"ndb","uuid":"ndb-ti"}},{"type":"Feature","geometry":{"type":"Point","coordinates":[-9263448.303232102,5026315.060152981]},"properties":{"name":"TII","freq":"269.000","type":"ndb","uuid":"ndb-tii"}},{"type":"Feature","geometry":{"type":"Point","coordinates":[2125799.0502182073,10749635.405860359]},"properties":{"name":"TIL","freq":"350.000","type":"ndb","uuid":"ndb-til"}},{"type":"Feature","geometry":{"type":"Point","coordinates":[3871568.2014669506,3631522.6632226156]},"properties":{"name":"TILLIM","freq":"00.000","type":"ndb","uuid":"ndb-tillim"}},{"type":"Feature","geometry":{"type":"Point","coordinates":[2379095.4195692223,5748565.312333891]},"properties":{"name":"TIM","freq":"338.000","type":"ndb","uuid":"ndb-tim"}},{"type":"Feature","geometry":{"type":"Point","coordinates":[28667.86108734554,3406273.270267051]},"properties":{"name":"TIO","freq":"383.000","type":"ndb","uuid":"ndb-tio"}},{"type":"Feature","geometry":{"type":"Point","coordinates":[-6227416.338864683,247079.69366144296]},"properties":{"name":"TIR","freq":"240.000","type":"ndb","uuid":"ndb-tir"}},{"type":"Feature","geometry":{"type":"Point","coordinates":[3954810.4429156985,3819155.3836353165]},"properties":{"name":"TIRAT","freq":"00.000","type":"ndb","uuid":"ndb-tirat"}},{"type":"Feature","geometry":{"type":"Point","coordinates":[484363.44235176285,7134411.377187717]},"properties":{"name":"TJ","freq":"323.000","type":"ndb","uuid":"ndb-tj"}},{"type":"Feature","geometry":{"type":"Point","coordinates":[5430040.175832438,3230048.386200667]},"properties":{"name":"TJ","freq":"382.000","type":"ndb","uuid":"ndb-tj"}},{"type":"Feature","geometry":{"type":"Point","coordinates":[1585641.0421976247,1171178.9605187466]},"properties":{"name":"TJL","freq":"364.000","type":"ndb","uuid":"ndb-tjl"}},{"type":"Feature","geometry":{"type":"Point","coordinates":[8171496.926636578,7358017.872419619]},"properties":{"name":"TK","freq":"950.000","type":"ndb","uuid":"ndb-tk"}},{"type":"Feature","geometry":{"type":"Point","coordinates":[988365.5600484675,4436052.249267883]},"properties":{"name":"TK","freq":"350.500","type":"ndb","uuid":"ndb-tk"}},{"type":"Feature","geometry":{"type":"Point","coordinates":[18480457.887399103,8481640.811518675]},"properties":{"name":"TK","freq":"820.000","type":"ndb","uuid":"ndb-tk"}},{"type":"Feature","geometry":{"type":"Point","coordinates":[-10132948.45711555,3795555.796514307]},"properties":{"name":"TKH","freq":"344.000","type":"ndb","uuid":"ndb-tkh"}},{"type":"Feature","geometry":{"type":"Point","coordinates":[16902954.299978472,832683.0690031659]},"properties":{"name":"TKK","freq":"375.000","type":"ndb","uuid":"ndb-tkk"}},{"type":"Feature","geometry":{"type":"Point","coordinates":[2315445.4085000902,-717664.9030593691]},"properties":{"name":"TKP","freq":"511.000","type":"ndb","uuid":"ndb-tkp"}},{"type":"Feature","geometry":{"type":"Point","coordinates":[11124650.849822627,2330321.9669614905]},"properties":{"name":"TL","freq":"375.000","type":"ndb","uuid":"ndb-tl"}},{"type":"Feature","geometry":{"type":"Point","coordinates":[11165070.06018932,1721023.947297882]},"properties":{"name":"TL","freq":"350.000","type":"ndb","uuid":"ndb-tl"}},{"type":"Feature","geometry":{"type":"Point","coordinates":[5525.775834654995,5355971.102227119]},"properties":{"name":"TL","freq":"321.000","type":"ndb","uuid":"ndb-tl"}},{"type":"Feature","geometry":{"type":"Point","coordinates":[134838.8254314302,5403317.146992753]},"properties":{"name":"TLF","freq":"332.000","type":"ndb","uuid":"ndb-tlf"}},{"type":"Feature","geometry":{"type":"Point","coordinates":[3869712.8456983157,3631522.6632226156]},"properties":{"name":"TLLIM","freq":"00.000","type":"ndb","uuid":"ndb-tllim"}},{"type":"Feature","geometry":{"type":"Point","coordinates":[684927.21231655,5316953.787537694]},"properties":{"name":"TLN","freq":"322.000","type":"ndb","uuid":"ndb-tln"}},{"type":"Feature","geometry":{"type":"Point","coordinates":[7276843.762743419,7803693.444430637]},"properties":{"name":"TM","freq":"315.000","type":"ndb","uuid":"ndb-tm"}},{"type":"Feature","geometry":{"type":"Point","coordinates":[-6847911.18054639,809945.6318956995]},"properties":{"name":"TMO","freq":"215.000","type":"ndb","uuid":"ndb-tmo"}},{"type":"Feature","geometry":{"type":"Point","coordinates":[5244681.75156967,-2074575.7037643297]},"properties":{"name":"TN","freq":"385.000","type":"ndb","uuid":"ndb-tn"}},{"type":"Feature","geometry":{"type":"Point","coordinates":[2204855.709735209,5924499.6599219935]},"properties":{"name":"TN","freq":"313.000","type":"ndb","uuid":"ndb-tn"}},{"type":"Feature","geometry":{"type":"Point","coordinates":[14734294.215440933,-1633460.9171918842]},"properties":{"name":"TN","freq":"356.000","type":"ndb","uuid":"ndb-tn"}},{"type":"Feature","geometry":{"type":"Point","coordinates":[-1243596.4456949034,3303450.6006761207]},"properties":{"name":"TNA","freq":"274.000","type":"ndb","uuid":"ndb-tna"}},{"type":"Feature","geometry":{"type":"Point","coordinates":[-18693303.53678311,9757913.887548666]},"properties":{"name":"TNC","freq":"347.000","type":"ndb","uuid":"ndb-tnc"}},{"type":"Feature","geometry":{"type":"Point","coordinates":[2641966.842154578,4625496.020887861]},"properties":{"name":"TNG","freq":"303.000","type":"ndb","uuid":"ndb-tng"}},{"type":"Feature","geometry":{"type":"Point","coordinates":[14936323.599268258,-2230924.9170207176]},"properties":{"name":"TNK","freq":"272.000","type":"ndb","uuid":"ndb-tnk"}},{"type":"Feature","geometry":{"type":"Point","coordinates":[-10121515.296047384,4329133.3315635305]},"properties":{"name":"TNZ","freq":"227.000","type":"ndb","uuid":"ndb-tnz"}},{"type":"Feature","geometry":{"type":"Point","coordinates":[-10651837.330316039,4738927.799538639]},"properties":{"name":"TO","freq":"521.000","type":"ndb","uuid":"ndb-to"}},{"type":"Feature","geometry":{"type":"Point","coordinates":[3316083.942408516,-2200480.1898065144]},"properties":{"name":"TO","freq":"268.000","type":"ndb","uuid":"ndb-to"}},{"type":"Feature","geometry":{"type":"Point","coordinates":[5497509.929695657,-2042312.242884097]},"properties":{"name":"TO","freq":"394.000","type":"ndb","uuid":"ndb-to"}},{"type":"Feature","geometry":{"type":"Point","coordinates":[-9342061.57103286,5094319.708485706]},"properties":{"name":"TO","freq":"219.000","type":"ndb","uuid":"ndb-to"}},{"type":"Feature","geometry":{"type":"Point","coordinates":[-2020553.8311283914,9741435.278738094]},"properties":{"name":"TO","freq":"324.000","type":"ndb","uuid":"ndb-to"}},{"type":"Feature","geometry":{"type":"Point","coordinates":[187004.37570038924,5385490.902429396]},"properties":{"name":"TOE","freq":"415.000","type":"ndb","uuid":"ndb-toe"}},{"type":"Feature","geometry":{"type":"Point","coordinates":[-17852937.579887193,8194205.550735524]},"properties":{"name":"TOG","freq":"393.000","type":"ndb","uuid":"ndb-tog"}},{"type":"Feature","geometry":{"type":"Point","coordinates":[-9585270.508271074,3741120.532315515]},"properties":{"name":"TOI","freq":"365.000","type":"ndb","uuid":"ndb-toi"}},{"type":"Feature","geometry":{"type":"Point","coordinates":[-9585301.986949304,3741120.1319634104]},"properties":{"name":"TOI","freq":"365.000","type":"ndb","uuid":"ndb-toi"}},{"type":"Feature","geometry":{"type":"Point","coordinates":[-57199.60317511552,5150183.662358641]},"properties":{"name":"TON","freq":"335.000","type":"ndb","uuid":"ndb-ton"}},{"type":"Feature","geometry":{"type":"Point","coordinates":[-11594299.432517638,5170838.942383806]},"properties":{"name":"TOR","freq":"293.000","type":"ndb","uuid":"ndb-tor"}},{"type":"Feature","geometry":{"type":"Point","coordinates":[16473271.640868057,5660512.719982802]},"properties":{"name":"TP","freq":"547.000","type":"ndb","uuid":"ndb-tp"}},{"type":"Feature","geometry":{"type":"Point","coordinates":[3172914.708416056,-2336716.0441429]},"properties":{"name":"TP","freq":"341.000","type":"ndb","uuid":"ndb-tp"}},{"type":"Feature","geometry":{"type":"Point","coordinates":[-11016220.439958328,2227054.8908644044]},"properties":{"name":"TPX","freq":"359.000","type":"ndb","uuid":"ndb-tpx"}},{"type":"Feature","geometry":{"type":"Point","coordinates":[16463809.484150628,5665274.940782028]},"properties":{"name":"TR","freq":"623.000","type":"ndb","uuid":"ndb-tr"}},{"type":"Feature","geometry":{"type":"Point","coordinates":[-9163581.454417882,4377328.580333597]},"properties":{"name":"TR","freq":"299.000","type":"ndb","uuid":"ndb-tr"}},{"type":"Feature","geometry":{"type":"Point","coordinates":[10453456.782942355,6827292.9018272925]},"properties":{"name":"TR","freq":"980.000","type":"ndb","uuid":"ndb-tr"}},{"type":"Feature","geometry":{"type":"Point","coordinates":[1805873.6365361097,5387902.929800759]},"properties":{"name":"TRI","freq":"378.000","type":"ndb","uuid":"ndb-tri"}},{"type":"Feature","geometry":{"type":"Point","coordinates":[414633.8100591988,8544761.612457074]},"properties":{"name":"TRL","freq":"310.000","type":"ndb","uuid":"ndb-trl"}},{"type":"Feature","geometry":{"type":"Point","coordinates":[1427981.6902314925,3868235.4296531957]},"properties":{"name":"TRO","freq":"328.000","type":"ndb","uuid":"ndb-tro"}},{"type":"Feature","geometry":{"type":"Point","coordinates":[1390711.2753502084,4567330.965990682]},"properties":{"name":"TRP","freq":"317.500","type":"ndb","uuid":"ndb-trp"}},{"type":"Feature","geometry":{"type":"Point","coordinates":[9592270.587072963,2609308.991970095]},"properties":{"name":"TS","freq":"410.000","type":"ndb","uuid":"ndb-ts"}},{"type":"Feature","geometry":{"type":"Point","coordinates":[1141160.8068643871,4430723.567321094]},"properties":{"name":"TS","freq":"325.000","type":"ndb","uuid":"ndb-ts"}},{"type":"Feature","geometry":{"type":"Point","coordinates":[165507.34514497707,5389506.223434759]},"properties":{"name":"TS","freq":"423.000","type":"ndb","uuid":"ndb-ts"}},{"type":"Feature","geometry":{"type":"Point","coordinates":[4333791.433983162,6870800.031794801]},"properties":{"name":"TS","freq":"360.000","type":"ndb","uuid":"ndb-ts"}},{"type":"Feature","geometry":{"type":"Point","coordinates":[-10194836.528022071,4096924.7961919378]},"properties":{"name":"TT","freq":"338.000","type":"ndb","uuid":"ndb-tt"}},{"type":"Feature","geometry":{"type":"Point","coordinates":[3666771.2914101845,7529439.025758045]},"properties":{"name":"TU","freq":"999.999","type":"ndb","uuid":"ndb-tu"}},{"type":"Feature","geometry":{"type":"Point","coordinates":[-10674288.709050441,4314035.195714741]},"properties":{"name":"TU","freq":"338.000","type":"ndb","uuid":"ndb-tu"}},{"type":"Feature","geometry":{"type":"Point","coordinates":[19060685.03690992,-5513298.0681641055]},"properties":{"name":"TU","freq":"366.000","type":"ndb","uuid":"ndb-tu"}},{"type":"Feature","geometry":{"type":"Point","coordinates":[7016448.333009952,2997852.704875684]},"properties":{"name":"TU","freq":"237.000","type":"ndb","uuid":"ndb-tu"}},{"type":"Feature","geometry":{"type":"Point","coordinates":[8685870.21745928,975229.0365454772]},"properties":{"name":"TU","freq":"376.000","type":"ndb","uuid":"ndb-tu"}},{"type":"Feature","geometry":{"type":"Point","coordinates":[-9881686.791601673,4053048.1469153576]},"properties":{"name":"TU","freq":"420.000","type":"ndb","uuid":"ndb-tu"}},{"type":"Feature","geometry":{"type":"Point","coordinates":[-6912761.030193788,1015699.340703187]},"properties":{"name":"TUC","freq":"225.000","type":"ndb","uuid":"ndb-tuc"}},{"type":"Feature","geometry":{"type":"Point","coordinates":[1778879.5567590836,6158407.366155212]},"properties":{"name":"TUN","freq":"358.000","type":"ndb","uuid":"ndb-tun"}},{"type":"Feature","geometry":{"type":"Point","coordinates":[-9509918.00481022,5579828.61045842]},"properties":{"name":"TV","freq":"365.000","type":"ndb","uuid":"ndb-tv"}},{"type":"Feature","geometry":{"type":"Point","coordinates":[15224239.124294829,9043669.635186287]},"properties":{"name":"TV","freq":"310.000","type":"ndb","uuid":"ndb-tv"}},{"type":"Feature","geometry":{"type":"Point","coordinates":[1452904.9182589566,3850554.922835714]},"properties":{"name":"TW","freq":"301.000","type":"ndb","uuid":"ndb-tw"}},{"type":"Feature","geometry":{"type":"Point","coordinates":[5202547.324304416,-2175222.789067259]},"properties":{"name":"TW","freq":"350.000","type":"ndb","uuid":"ndb-tw"}},{"type":"Feature","geometry":{"type":"Point","coordinates":[-12729878.247204522,5232949.078833265]},"properties":{"name":"TW","freq":"389.000","type":"ndb","uuid":"ndb-tw"}},{"type":"Feature","geometry":{"type":"Point","coordinates":[16790447.46312756,-3641993.5347842313]},"properties":{"name":"TW","freq":"341.000","type":"ndb","uuid":"ndb-tw"}},{"type":"Feature","geometry":{"type":"Point","coordinates":[114133.40014388131,5393088.152158364]},"properties":{"name":"TW","freq":"406.000","type":"ndb","uuid":"ndb-tw"}},{"type":"Feature","geometry":{"type":"Point","coordinates":[-9335570.624290945,4031476.6987903295]},"properties":{"name":"TX","freq":"419.000","type":"ndb","uuid":"ndb-tx"}},{"type":"Feature","geometry":{"type":"Point","coordinates":[-10453559.073185563,3965069.3238612735]},"properties":{"name":"TX","freq":"234.000","type":"ndb","uuid":"ndb-tx"}},{"type":"Feature","geometry":{"type":"Point","coordinates":[445720.118006109,6173692.961077805]},"properties":{"name":"TY","freq":"320.000","type":"ndb","uuid":"ndb-ty"}},{"type":"Feature","geometry":{"type":"Point","coordinates":[3865816.6635205513,3763930.4716903586]},"properties":{"name":"TYONA","freq":"00.000","type":"ndb","uuid":"ndb-tyona"}},{"type":"Feature","geometry":{"type":"Point","coordinates":[2348099.0639552884,2958094.531430571]},"properties":{"name":"TZR","freq":"269.000","type":"ndb","uuid":"ndb-tzr"}},{"type":"Feature","geometry":{"type":"Point","coordinates":[3909602.3608213197,3734393.939339767]},"properties":{"name":"TZUBA","freq":"00.000","type":"ndb","uuid":"ndb-tzuba"}},{"type":"Feature","geometry":{"type":"Point","coordinates":[7177556.022657972,4830101.538862765]},"properties":{"name":"U","freq":"390.000","type":"ndb","uuid":"ndb-u"}},{"type":"Feature","geometry":{"type":"Point","coordinates":[13910297.975198649,7744419.405298805]},"properties":{"name":"U","freq":"930.000","type":"ndb","uuid":"ndb-u"}},{"type":"Feature","geometry":{"type":"Point","coordinates":[6772554.13153966,7708114.359624675]},"properties":{"name":"U","freq":"749.000","type":"ndb","uuid":"ndb-u"}},{"type":"Feature","geometry":{"type":"Point","coordinates":[7284163.019263077,7458397.910781976]},"properties":{"name":"U","freq":"353.000","type":"ndb","uuid":"ndb-u"}},{"type":"Feature","geometry":{"type":"Point","coordinates":[11956139.974068128,6764943.408997107]},"properties":{"name":"U","freq":"320.000","type":"ndb","uuid":"ndb-u"}},{"type":"Feature","geometry":{"type":"Point","coordinates":[15046066.03301988,6191470.484775541]},"properties":{"name":"U","freq":"950.000","type":"ndb","uuid":"ndb-u"}},{"type":"Feature","geometry":{"type":"Point","coordinates":[8380941.425433963,9149775.695515722]},"properties":{"name":"U","freq":"999.999","type":"ndb","uuid":"ndb-u"}},{"type":"Feature","geometry":{"type":"Point","coordinates":[3364838.7562458115,8358098.446814453]},"properties":{"name":"U","freq":"625.000","type":"ndb","uuid":"ndb-u"}},{"type":"Feature","geometry":{"type":"Point","coordinates":[11374975.885509804,3251378.923666506]},"properties":{"name":"U","freq":"364.000","type":"ndb","uuid":"ndb-u"}},{"type":"Feature","geometry":{"type":"Point","coordinates":[12618620.878871525,2510124.503140801]},"properties":{"name":"U","freq":"272.000","type":"ndb","uuid":"ndb-u"}},{"type":"Feature","geometry":{"type":"Point","coordinates":[7083336.442533776,8696928.785887966]},"properties":{"name":"U","freq":"530.000","type":"ndb","uuid":"ndb-u"}},{"type":"Feature","geometry":{"type":"Point","coordinates":[9672646.382555865,7138492.112989346]},"properties":{"name":"U","freq":"620.000","type":"ndb","uuid":"ndb-u"}},{"type":"Feature","geometry":{"type":"Point","coordinates":[4874983.507306973,7608133.803695087]},"properties":{"name":"U","freq":"327.000","type":"ndb","uuid":"ndb-u"}},{"type":"Feature","geometry":{"type":"Point","coordinates":[19787803.232977457,9545327.6088577]},"properties":{"name":"U","freq":"389.000","type":"ndb","uuid":"ndb-u"}},{"type":"Feature","geometry":{"type":"Point","coordinates":[6383826.469689549,9883463.266523357]},"properties":{"name":"U","freq":"749.000","type":"ndb","uuid":"ndb-u"}},{"type":"Feature","geometry":{"type":"Point","coordinates":[5429682.407357861,7241504.451405327]},"properties":{"name":"U","freq":"830.000","type":"ndb","uuid":"ndb-u"}},{"type":"Feature","geometry":{"type":"Point","coordinates":[4321199.962691213,5975385.709032904]},"properties":{"name":"U","freq":"735.000","type":"ndb","uuid":"ndb-u"}},{"type":"Feature","geometry":{"type":"Point","coordinates":[17395618.52753788,6949106.789401974]},"properties":{"name":"UB","freq":"907.000","type":"ndb","uuid":"ndb-ub"}},{"type":"Feature","geometry":{"type":"Point","coordinates":[1427542.5348403133,3069886.0807718886]},"properties":{"name":"UBA","freq":"435.000","type":"ndb","uuid":"ndb-uba"}},{"type":"Feature","geometry":{"type":"Point","coordinates":[1422650.043219949,3073298.9298786945]},"properties":{"name":"UBR","freq":"417.000","type":"ndb","uuid":"ndb-ubr"}},{"type":"Feature","geometry":{"type":"Point","coordinates":[8384024.325965241,9156390.421158778]},"properties":{"name":"UC","freq":"615.000","type":"ndb","uuid":"ndb-uc"}},{"type":"Feature","geometry":{"type":"Point","coordinates":[-9906863.27147069,4341648.318930553]},"properties":{"name":"UC","freq":"212.000","type":"ndb","uuid":"ndb-uc"}},{"type":"Feature","geometry":{"type":"Point","coordinates":[-8951850.793422492,5015735.898359313]},"properties":{"name":"UCP","freq":"272.000","type":"ndb","uuid":"ndb-ucp"}},{"type":"Feature","geometry":{"type":"Point","coordinates":[-9223129.033030475,2614861.8935642727]},"properties":{"name":"UCY","freq":"380.000","type":"ndb","uuid":"ndb-ucy"}},{"type":"Feature","geometry":{"type":"Point","coordinates":[4995338.461025049,7473177.2511076275]},"properties":{"name":"UD","freq":"905.000","type":"ndb","uuid":"ndb-ud"}},{"type":"Feature","geometry":{"type":"Point","coordinates":[5491078.446115076,2894197.1010919437]},"properties":{"name":"UD","freq":"390.000","type":"ndb","uuid":"ndb-ud"}},{"type":"Feature","geometry":{"type":"Point","coordinates":[-10943517.896975806,6475133.665122895]},"properties":{"name":"UDE","freq":"269.000","type":"ndb","uuid":"ndb-ude"}},{"type":"Feature","geometry":{"type":"Point","coordinates":[15043378.904200451,6188488.665470842]},"properties":{"name":"UF","freq":"469.000","type":"ndb","uuid":"ndb-uf"}},{"type":"Feature","geometry":{"type":"Point","coordinates":[9674291.468175225,7143031.061583339]},"properties":{"name":"UF","freq":"300.000","type":"ndb","uuid":"ndb-uf"}},{"type":"Feature","geometry":{"type":"Point","coordinates":[4317217.198687276,5976382.6184158735]},"properties":{"name":"UF","freq":"350.000","type":"ndb","uuid":"ndb-uf"}},{"type":"Feature","geometry":{"type":"Point","coordinates":[14957907.242571924,7898601.10123302]},"properties":{"name":"UG","freq":"445.000","type":"ndb","uuid":"ndb-ug"}},{"type":"Feature","geometry":{"type":"Point","coordinates":[-9774002.222325686,5230723.793871019]},"properties":{"name":"UG","freq":"379.000","type":"ndb","uuid":"ndb-ug"}},{"type":"Feature","geometry":{"type":"Point","coordinates":[9090250.636598157,5957239.930309122]},"properties":{"name":"UGN","freq":"460.000","type":"ndb","uuid":"ndb-ugn"}},{"type":"Feature","geometry":{"type":"Point","coordinates":[-9142221.037615336,4758588.820984963]},"properties":{"name":"UGS","freq":"250.000","type":"ndb","uuid":"ndb-ugs"}},{"type":"Feature","geometry":{"type":"Point","coordinates":[7176943.765458609,4826639.053374686]},"properties":{"name":"UH","freq":"795.000","type":"ndb","uuid":"ndb-uh"}},{"type":"Feature","geometry":{"type":"Point","coordinates":[4462798.385902338,5756654.785921445]},"properties":{"name":"UH","freq":"528.000","type":"ndb","uuid":"ndb-uh"}},{"type":"Feature","geometry":{"type":"Point","coordinates":[12319066.344485061,5996137.648864061]},"properties":{"name":"UH","freq":"480.000","type":"ndb","uuid":"ndb-uh"}},{"type":"Feature","geometry":{"type":"Point","coordinates":[-10158312.63401488,4849519.312808253]},"properties":{"name":"UI","freq":"293.000","type":"ndb","uuid":"ndb-ui"}},{"type":"Feature","geometry":{"type":"Point","coordinates":[12611756.115095112,2501922.984847338]},"properties":{"name":"UJ","freq":"204.000","type":"ndb","uuid":"ndb-uj"}},{"type":"Feature","geometry":{"type":"Point","coordinates":[10295741.771230826,7547949.3929182105]},"properties":{"name":"UJ","freq":"662.000","type":"ndb","uuid":"ndb-uj"}},{"type":"Feature","geometry":{"type":"Point","coordinates":[-13719087.268850313,4761270.845341]},"properties":{"name":"UK","freq":"371.000","type":"ndb","uuid":"ndb-uk"}},{"type":"Feature","geometry":{"type":"Point","coordinates":[18110320.58051147,7603115.31887801]},"properties":{"name":"UK","freq":"410.000","type":"ndb","uuid":"ndb-uk"}},{"type":"Feature","geometry":{"type":"Point","coordinates":[3920796.1231401186,7311085.932384227]},"properties":{"name":"UK","freq":"350.000","type":"ndb","uuid":"ndb-uk"}},{"type":"Feature","geometry":{"type":"Point","coordinates":[18140281.015497327,596770.0694972364]},"properties":{"name":"UKS","freq":"393.000","type":"ndb","uuid":"ndb-uks"}},{"type":"Feature","geometry":{"type":"Point","coordinates":[6381028.021379329,9889865.876973465]},"properties":{"name":"UL","freq":"370.000","type":"ndb","uuid":"ndb-ul"}},{"type":"Feature","geometry":{"type":"Point","coordinates":[5427063.27619406,7237062.3114606645]},"properties":{"name":"UL","freq":"408.000","type":"ndb","uuid":"ndb-ul"}},{"type":"Feature","geometry":{"type":"Point","coordinates":[316662.2064978159,7782729.501521719]},"properties":{"name":"ULA","freq":"380.000","type":"ndb","uuid":"ndb-ula"}},{"type":"Feature","geometry":{"type":"Point","coordinates":[-8901848.861145424,2570084.317098624]},"properties":{"name":"ULV","freq":"287.000","type":"ndb","uuid":"ndb-ulv"}},{"type":"Feature","geometry":{"type":"Point","coordinates":[4108926.0625807503,7530981.534701987]},"properties":{"name":"UM","freq":"405.000","type":"ndb","uuid":"ndb-um"}},{"type":"Feature","geometry":{"type":"Point","coordinates":[-9257280.306701813,3915479.411224643]},"properties":{"name":"UMB","freq":"380.000","type":"ndb","uuid":"ndb-umb"}},{"type":"Feature","geometry":{"type":"Point","coordinates":[5016275.770996336,4532498.150805227]},"properties":{"name":"UMH","freq":"370.000","type":"ndb","uuid":"ndb-umh"}},{"type":"Feature","geometry":{"type":"Point","coordinates":[-16935957.189413946,10866575.836836636]},"properties":{"name":"UMT","freq":"360.000","type":"ndb","uuid":"ndb-umt"}},{"type":"Feature","geometry":{"type":"Point","coordinates":[-8739878.785586644,2573470.5154263945]},"properties":{"name":"UOC","freq":"310.000","type":"ndb","uuid":"ndb-uoc"}},{"type":"Feature","geometry":{"type":"Point","coordinates":[-9088382.91199721,4121020.4583503036]},"properties":{"name":"UOT","freq":"326.000","type":"ndb","uuid":"ndb-uot"}},{"type":"Feature","geometry":{"type":"Point","coordinates":[-6250146.232780631,12044978.829347985]},"properties":{"name":"UP","freq":"399.000","type":"ndb","uuid":"ndb-up"}},{"type":"Feature","geometry":{"type":"Point","coordinates":[5238726.1588122295,5768694.146265191]},"properties":{"name":"UP","freq":"337.000","type":"ndb","uuid":"ndb-up"}},{"type":"Feature","geometry":{"type":"Point","coordinates":[-8768976.463596774,2556441.1868694588]},"properties":{"name":"UPA","freq":"382.000","type":"ndb","uuid":"ndb-upa"}},{"type":"Feature","geometry":{"type":"Point","coordinates":[-9161309.887442004,3792706.587154707]},"properties":{"name":"UQN","freq":"372.000","type":"ndb","uuid":"ndb-uqn"}},{"type":"Feature","geometry":{"type":"Point","coordinates":[-7124385.504763796,1085433.6231013753]},"properties":{"name":"URC","freq":"330.000","type":"ndb","uuid":"ndb-urc"}},{"type":"Feature","geometry":{"type":"Point","coordinates":[3843831.0640888796,3672784.784918661]},"properties":{"name":"URRIM","freq":"00.000","type":"ndb","uuid":"ndb-urrim"}},{"type":"Feature","geometry":{"type":"Point","coordinates":[4285367.455488089,7121957.16417785]},"properties":{"name":"US","freq":"999.999","type":"ndb","uuid":"ndb-us"}},{"type":"Feature","geometry":{"type":"Point","coordinates":[10244627.63355241,6448349.429104681]},"properties":{"name":"US","freq":"383.000","type":"ndb","uuid":"ndb-us"}},{"type":"Feature","geometry":{"type":"Point","coordinates":[-9374709.01114982,2521833.608300929]},"properties":{"name":"USJ","freq":"402.000","type":"ndb","uuid":"ndb-usj"}},{"type":"Feature","geometry":{"type":"Point","coordinates":[-8773305.462139161,2481036.6394618438]},"properties":{"name":"USR","freq":"315.000","type":"ndb","uuid":"ndb-usr"}},{"type":"Feature","geometry":{"type":"Point","coordinates":[-17109110.853926953,9875521.592979498]},"properties":{"name":"UTO","freq":"272.000","type":"ndb","uuid":"ndb-uto"}},{"type":"Feature","geometry":{"type":"Point","coordinates":[3786401.988152326,-1282392.3807607521]},"properties":{"name":"UU","freq":"227.000","type":"ndb","uuid":"ndb-uu"}},{"type":"Feature","geometry":{"type":"Point","coordinates":[-9864658.9293808,4166003.627008295]},"properties":{"name":"UU","freq":"334.000","type":"ndb","uuid":"ndb-uu"}},{"type":"Feature","geometry":{"type":"Point","coordinates":[-8896371.38560094,4382124.137635861]},"properties":{"name":"UV","freq":"396.000","type":"ndb","uuid":"ndb-uv"}},{"type":"Feature","geometry":{"type":"Point","coordinates":[-9977118.208071476,4080628.4215378277]},"properties":{"name":"UV","freq":"426.000","type":"ndb","uuid":"ndb-uv"}},{"type":"Feature","geometry":{"type":"Point","coordinates":[-9057740.676052323,2642960.3363514976]},"properties":{"name":"UVR","freq":"272.000","type":"ndb","uuid":"ndb-uvr"}},{"type":"Feature","geometry":{"type":"Point","coordinates":[-389898.06260747946,7539557.379982639]},"properties":{"name":"UW","freq":"368.000","type":"ndb","uuid":"ndb-uw"}},{"type":"Feature","geometry":{"type":"Point","coordinates":[-9497649.700184459,4848515.428962317]},"properties":{"name":"UWL","freq":"385.000","type":"ndb","uuid":"ndb-uwl"}},{"type":"Feature","geometry":{"type":"Point","coordinates":[19789553.3918273,9551973.348742543]},"properties":{"name":"UX","freq":"790.000","type":"ndb","uuid":"ndb-ux"}},{"type":"Feature","geometry":{"type":"Point","coordinates":[4735974.282685456,5188665.5208063675]},"properties":{"name":"UY","freq":"842.000","type":"ndb","uuid":"ndb-uy"}},{"type":"Feature","geometry":{"type":"Point","coordinates":[4018633.617637176,6979915.530260005]},"properties":{"name":"UY","freq":"605.000","type":"ndb","uuid":"ndb-uy"}},{"type":"Feature","geometry":{"type":"Point","coordinates":[7087000.740027801,8692196.289340451]},"properties":{"name":"UY","freq":"999.999","type":"ndb","uuid":"ndb-uy"}},{"type":"Feature","geometry":{"type":"Point","coordinates":[-7440824.855825459,-2325561.797090358]},"properties":{"name":"UYU","freq":"310.000","type":"ndb","uuid":"ndb-uyu"}},{"type":"Feature","geometry":{"type":"Point","coordinates":[327712.21206308703,7136768.382668341]},"properties":{"name":"UZ","freq":"424.000","type":"ndb","uuid":"ndb-uz"}},{"type":"Feature","geometry":{"type":"Point","coordinates":[11374815.678209305,3255985.102340024]},"properties":{"name":"UZ","freq":"388.000","type":"ndb","uuid":"ndb-uz"}},{"type":"Feature","geometry":{"type":"Point","coordinates":[-9025879.244306603,4148941.5197251653]},"properties":{"name":"UZ","freq":"227.000","type":"ndb","uuid":"ndb-uz"}},{"type":"Feature","geometry":{"type":"Point","coordinates":[-9132496.383354204,2624159.8439091872]},"properties":{"name":"UZG","freq":"283.000","type":"ndb","uuid":"ndb-uzg"}},{"type":"Feature","geometry":{"type":"Point","coordinates":[16458490.85533509,11273035.230159339]},"properties":{"name":"V","freq":"999.999","type":"ndb","uuid":"ndb-v"}},{"type":"Feature","geometry":{"type":"Point","coordinates":[11845270.770615112,4628020.111306438]},"properties":{"name":"V","freq":"249.000","type":"ndb","uuid":"ndb-v"}},{"type":"Feature","geometry":{"type":"Point","coordinates":[7761167.068234336,4897631.663912967]},"properties":{"name":"V","freq":"318.000","type":"ndb","uuid":"ndb-v"}},{"type":"Feature","geometry":{"type":"Point","coordinates":[7431243.927395771,4726578.779304209]},"properties":{"name":"V","freq":"335.000","type":"ndb","uuid":"ndb-v"}},{"type":"Feature","geometry":{"type":"Point","coordinates":[14442983.445945164,8876631.612670198]},"properties":{"name":"V","freq":"685.000","type":"ndb","uuid":"ndb-v"}},{"type":"Feature","geometry":{"type":"Point","coordinates":[-11702400.213000866,6831758.563226767]},"properties":{"name":"V2","freq":"277.000","type":"ndb","uuid":"ndb-v2"}},{"type":"Feature","geometry":{"type":"Point","coordinates":[4519509.420201194,7611073.09828499]},"properties":{"name":"VA","freq":"307.000","type":"ndb","uuid":"ndb-va"}},{"type":"Feature","geometry":{"type":"Point","coordinates":[4822935.5227891235,4645482.5184269715]},"properties":{"name":"VAN","freq":"397.000","type":"ndb","uuid":"ndb-van"}},{"type":"Feature","geometry":{"type":"Point","coordinates":[447071.4129360162,6240617.912943007]},"properties":{"name":"VAT","freq":"367.000","type":"ndb","uuid":"ndb-vat"}},{"type":"Feature","geometry":{"type":"Point","coordinates":[3326559.4466350516,11090107.734723458]},"properties":{"name":"VD","freq":"342.000","type":"ndb","uuid":"ndb-vd"}},{"type":"Feature","geometry":{"type":"Point","coordinates":[14439353.224584155,8871799.97051538]},"properties":{"name":"VD","freq":"334.000","type":"ndb","uuid":"ndb-vd"}},{"type":"Feature","geometry":{"type":"Point","coordinates":[1785794.7235271619,5736446.801956749]},"properties":{"name":"VG","freq":"325.000","type":"ndb","uuid":"ndb-vg"}},{"type":"Feature","geometry":{"type":"Point","coordinates":[3434830.8860820825,-2278362.5573747987]},"properties":{"name":"VI","freq":"353.000","type":"ndb","uuid":"ndb-vi"}},{"type":"Feature","geometry":{"type":"Point","coordinates":[2565295.759325276,6264827.910963996]},"properties":{"name":"VI","freq":"334.000","type":"ndb","uuid":"ndb-vi"}},{"type":"Feature","geometry":{"type":"Point","coordinates":[3875804.495611171,3796903.2111090864]},"properties":{"name":"VINGT","freq":"00.000","type":"ndb","uuid":"ndb-vingt"}},{"type":"Feature","geometry":{"type":"Point","coordinates":[-8892383.02470038,4467588.532961909]},"properties":{"name":"VIT","freq":"277.000","type":"ndb","uuid":"ndb-vit"}},{"type":"Feature","geometry":{"type":"Point","coordinates":[12451456.048352797,3600540.1903327396]},"properties":{"name":"VL","freq":"261.000","type":"ndb","uuid":"ndb-vl"}},{"type":"Feature","geometry":{"type":"Point","coordinates":[3928896.8424851443,-2508929.7935602264]},"properties":{"name":"VL","freq":"370.000","type":"ndb","uuid":"ndb-vl"}},{"type":"Feature","geometry":{"type":"Point","coordinates":[13013434.037140418,4764256.096443366]},"properties":{"name":"VM","freq":"280.000","type":"ndb","uuid":"ndb-vm"}},{"type":"Feature","geometry":{"type":"Point","coordinates":[8530282.644905133,1709495.0969236633]},"properties":{"name":"VN","freq":"217.000","type":"ndb","uuid":"ndb-vn"}},{"type":"Feature","geometry":{"type":"Point","coordinates":[739723.8915166502,8665567.227626465]},"properties":{"name":"VNG","freq":"404.000","type":"ndb","uuid":"ndb-vng"}},{"type":"Feature","geometry":{"type":"Point","coordinates":[260116.57440903006,8635013.51998876]},"properties":{"name":"VNM","freq":"395.000","type":"ndb","uuid":"ndb-vnm"}},{"type":"Feature","geometry":{"type":"Point","coordinates":[1216630.1957905756,9213823.393542597]},"properties":{"name":"VNS","freq":"385.000","type":"ndb","uuid":"ndb-vns"}},{"type":"Feature","geometry":{"type":"Point","coordinates":[189895.559330856,5043460.673549768]},"properties":{"name":"VNV","freq":"380.000","type":"ndb","uuid":"ndb-vnv"}},{"type":"Feature","geometry":{"type":"Point","coordinates":[1032344.7677307314,7405588.684472986]},"properties":{"name":"VO","freq":"321.000","type":"ndb","uuid":"ndb-vo"}},{"type":"Feature","geometry":{"type":"Point","coordinates":[-961689.0500410096,5188890.57883065]},"properties":{"name":"VON","freq":"433.000","type":"ndb","uuid":"ndb-von"}},{"type":"Feature","geometry":{"type":"Point","coordinates":[-9671139.240338845,5079127.217964909]},"properties":{"name":"VP","freq":"212.000","type":"ndb","uuid":"ndb-vp"}},{"type":"Feature","geometry":{"type":"Point","coordinates":[12298206.308793634,2944892.0252698064]},"properties":{"name":"VQ","freq":"398.000","type":"ndb","uuid":"ndb-vq"}},{"type":"Feature","geometry":{"type":"Point","coordinates":[5748223.130262814,4210546.269839417]},"properties":{"name":"VR","freq":"373.000","type":"ndb","uuid":"ndb-vr"}},{"type":"Feature","geometry":{"type":"Point","coordinates":[1829350.236858634,5455131.066722012]},"properties":{"name":"VRL","freq":"283.000","type":"ndb","uuid":"ndb-vrl"}},{"type":"Feature","geometry":{"type":"Point","coordinates":[5244285.918013658,-2444508.2282896745]},"properties":{"name":"VSF","freq":"322.000","type":"ndb","uuid":"ndb-vsf"}},{"type":"Feature","geometry":{"type":"Point","coordinates":[5531429.627904063,-1739484.2192140743]},"properties":{"name":"VSL","freq":"402.000","type":"ndb","uuid":"ndb-vsl"}},{"type":"Feature","geometry":{"type":"Point","coordinates":[5377856.041392933,-1496322.2598512757]},"properties":{"name":"VSN","freq":"381.000","type":"ndb","uuid":"ndb-vsn"}},{"type":"Feature","geometry":{"type":"Point","coordinates":[4933367.457097887,-2307137.0144981807]},"properties":{"name":"VSO","freq":"397.000","type":"ndb","uuid":"ndb-vso"}},{"type":"Feature","geometry":{"type":"Point","coordinates":[5226814.97329735,-2880426.0325495787]},"properties":{"name":"VSP","freq":"282.000","type":"ndb","uuid":"ndb-vsp"}},{"type":"Feature","geometry":{"type":"Point","coordinates":[4867144.821674442,-2679173.650954431]},"properties":{"name":"VSQ","freq":"367.000","type":"ndb","uuid":"ndb-vsq"}},{"type":"Feature","geometry":{"type":"Point","coordinates":[-312149.0669644103,5281874.110735942]},"properties":{"name":"VT","freq":"308.000","type":"ndb","uuid":"ndb-vt"}},{"type":"Feature","geometry":{"type":"Point","coordinates":[11922359.177846564,1157805.8603895188]},"properties":{"name":"VT","freq":"291.000","type":"ndb","uuid":"ndb-vt"}},{"type":"Feature","geometry":{"type":"Point","coordinates":[-298292.9134908061,5301031.710920278]},"properties":{"name":"VTA","freq":"345.000","type":"ndb","uuid":"ndb-vta"}},{"type":"Feature","geometry":{"type":"Point","coordinates":[11425090.343238816,2053486.2448829352]},"properties":{"name":"VTG","freq":"405.000","type":"ndb","uuid":"ndb-vtg"}},{"type":"Feature","geometry":{"type":"Point","coordinates":[-11193135.1571561,5290932.958101789]},"properties":{"name":"VTN","freq":"314.000","type":"ndb","uuid":"ndb-vtn"}},{"type":"Feature","geometry":{"type":"Point","coordinates":[-8914844.855098084,4230556.867963984]},"properties":{"name":"VU","freq":"346.000","type":"ndb","uuid":"ndb-vu"}},{"type":"Feature","geometry":{"type":"Point","coordinates":[-8877140.603423512,4848921.169269447]},"properties":{"name":"VV","freq":"299.000","type":"ndb","uuid":"ndb-vv"}},{"type":"Feature","geometry":{"type":"Point","coordinates":[-9241940.821013387,3981421.883383616]},"properties":{"name":"VV","freq":"353.000","type":"ndb","uuid":"ndb-vv"}},{"type":"Feature","geometry":{"type":"Point","coordinates":[4364401.170821155,6769025.207125546]},"properties":{"name":"W","freq":"595.000","type":"ndb","uuid":"ndb-w"}},{"type":"Feature","geometry":{"type":"Point","coordinates":[7664699.483759811,4656542.575752284]},"properties":{"name":"W","freq":"732.000","type":"ndb","uuid":"ndb-w"}},{"type":"Feature","geometry":{"type":"Point","coordinates":[12603358.63654088,3276726.8947528424]},"properties":{"name":"W","freq":"388.000","type":"ndb","uuid":"ndb-w"}},{"type":"Feature","geometry":{"type":"Point","coordinates":[5584153.661873916,7081111.126864854]},"properties":{"name":"W","freq":"588.000","type":"ndb","uuid":"ndb-w"}},{"type":"Feature","geometry":{"type":"Point","coordinates":[11870553.900740728,3464831.973600826]},"properties":{"name":"W","freq":"210.000","type":"ndb","uuid":"ndb-w"}},{"type":"Feature","geometry":{"type":"Point","coordinates":[6169604.447568123,6763278.305708889]},"properties":{"name":"W","freq":"843.000","type":"ndb","uuid":"ndb-w"}},{"type":"Feature","geometry":{"type":"Point","coordinates":[5015907.860079263,7001439.323726706]},"properties":{"name":"W","freq":"286.000","type":"ndb","uuid":"ndb-w"}},{"type":"Feature","geometry":{"type":"Point","coordinates":[12472953.07890821,9980959.475113098]},"properties":{"name":"W","freq":"255.000","type":"ndb","uuid":"ndb-w"}},{"type":"Feature","geometry":{"type":"Point","coordinates":[7217250.790516248,8427707.4095413]},"properties":{"name":"W","freq":"378.000","type":"ndb","uuid":"ndb-w"}},{"type":"Feature","geometry":{"type":"Point","coordinates":[4043488.7861648523,6753075.183652676]},"properties":{"name":"W","freq":"368.000","type":"ndb","uuid":"ndb-w"}},{"type":"Feature","geometry":{"type":"Point","coordinates":[5435804.979351491,7251640.031168838]},"properties":{"name":"W","freq":"830.000","type":"ndb","uuid":"ndb-w"}},{"type":"Feature","geometry":{"type":"Point","coordinates":[13467518.577996409,3769694.0497996]},"properties":{"name":"W","freq":"425.000","type":"ndb","uuid":"ndb-w"}},{"type":"Feature","geometry":{"type":"Point","coordinates":[17640465.747537684,7010003.310801997]},"properties":{"name":"W","freq":"465.000","type":"ndb","uuid":"ndb-w"}},{"type":"Feature","geometry":{"type":"Point","coordinates":[1994335.0916047401,8323496.142442316]},"properties":{"name":"WA","freq":"348.000","type":"ndb","uuid":"ndb-wa"}},{"type":"Feature","geometry":{"type":"Point","coordinates":[16784007.63058517,8379659.614820723]},"properties":{"name":"WA","freq":"375.000","type":"ndb","uuid":"ndb-wa"}},{"type":"Feature","geometry":{"type":"Point","coordinates":[4047319.9701288254,6750498.83675931]},"properties":{"name":"WA","freq":"742.000","type":"ndb","uuid":"ndb-wa"}},{"type":"Feature","geometry":{"type":"Point","coordinates":[-251778.06426283676,6893950.267883635]},"properties":{"name":"WBA","freq":"356.000","type":"ndb","uuid":"ndb-wba"}},{"type":"Feature","geometry":{"type":"Point","coordinates":[15634411.249163033,6868889.944014938]},"properties":{"name":"WD","freq":"635.000","type":"ndb","uuid":"ndb-wd"}},{"type":"Feature","geometry":{"type":"Point","coordinates":[4943240.939333796,6234123.426952921]},"properties":{"name":"WD","freq":"325.000","type":"ndb","uuid":"ndb-wd"}},{"type":"Feature","geometry":{"type":"Point","coordinates":[10040523.347182943,8456793.297226753]},"properties":{"name":"WD","freq":"450.000","type":"ndb","uuid":"ndb-wd"}},{"type":"Feature","geometry":{"type":"Point","coordinates":[15881194.438796058,-2926302.866818942]},"properties":{"name":"WDH","freq":"407.000","type":"ndb","uuid":"ndb-wdh"}},{"type":"Feature","geometry":{"type":"Point","coordinates":[102358.27178441505,8689474.121917807]},"properties":{"name":"WES","freq":"372.000","type":"ndb","uuid":"ndb-wes"}},{"type":"Feature","geometry":{"type":"Point","coordinates":[13010465.486463849,4857953.0453102095]},"properties":{"name":"WF","freq":"395.000","type":"ndb","uuid":"ndb-wf"}},{"type":"Feature","geometry":{"type":"Point","coordinates":[200777.03955589846,7751493.709101254]},"properties":{"name":"WFA","freq":"340.000","type":"ndb","uuid":"ndb-wfa"}},{"type":"Feature","geometry":{"type":"Point","coordinates":[7667810.183241705,4656538.582651355]},"properties":{"name":"WG","freq":"372.000","type":"ndb","uuid":"ndb-wg"}},{"type":"Feature","geometry":{"type":"Point","coordinates":[5582431.209208456,7085955.495555484]},"properties":{"name":"WG","freq":"287.000","type":"ndb","uuid":"ndb-wg"}},{"type":"Feature","geometry":{"type":"Point","coordinates":[4936165.905408106,6237534.3334914185]},"properties":{"name":"WG","freq":"876.000","type":"ndb","uuid":"ndb-wg"}},{"type":"Feature","geometry":{"type":"Point","coordinates":[16414680.389447622,-4186058.097280655]},"properties":{"name":"WG","freq":"221.000","type":"ndb","uuid":"ndb-wg"}},{"type":"Feature","geometry":{"type":"Point","coordinates":[5020233.828257732,6999312.699171669]},"properties":{"name":"WH","freq":"591.000","type":"ndb","uuid":"ndb-wh"}},{"type":"Feature","geometry":{"type":"Point","coordinates":[15309127.348103281,-3903020.5588605553]},"properties":{"name":"WHA","freq":"371.000","type":"ndb","uuid":"ndb-wha"}},{"type":"Feature","geometry":{"type":"Point","coordinates":[3179813.424637161,6322102.882759202]},"properties":{"name":"WI","freq":"415.000","type":"ndb","uuid":"ndb-wi"}},{"type":"Feature","geometry":{"type":"Point","coordinates":[4046605.7319070636,7277788.324454747]},"properties":{"name":"WI","freq":"286.000","type":"ndb","uuid":"ndb-wi"}},{"type":"Feature","geometry":{"type":"Point","coordinates":[7218682.451934093,8433681.833075939]},"properties":{"name":"WI","freq":"780.000","type":"ndb","uuid":"ndb-wi"}},{"type":"Feature","geometry":{"type":"Point","coordinates":[5090451.720205748,5371434.169171776]},"properties":{"name":"WK","freq":"408.000","type":"ndb","uuid":"ndb-wk"}},{"type":"Feature","geometry":{"type":"Point","coordinates":[19694138.45682655,-4568787.944232172]},"properties":{"name":"WK","freq":"362.000","type":"ndb","uuid":"ndb-wk"}},{"type":"Feature","geometry":{"type":"Point","coordinates":[12178723.295909278,2094787.021851712]},"properties":{"name":"WL","freq":"426.000","type":"ndb","uuid":"ndb-wl"}},{"type":"Feature","geometry":{"type":"Point","coordinates":[16489075.885430546,-3507049.4507798604]},"properties":{"name":"WLG","freq":"374.000","type":"ndb","uuid":"ndb-wlg"}},{"type":"Feature","geometry":{"type":"Point","coordinates":[16868549.217868123,-3862837.333237359]},"properties":{"name":"WMD","freq":"224.000","type":"ndb","uuid":"ndb-wmd"}},{"type":"Feature","geometry":{"type":"Point","coordinates":[3190880.4682689398,6309897.35756719]},"properties":{"name":"WN","freq":"415.000","type":"ndb","uuid":"ndb-wn"}},{"type":"Feature","geometry":{"type":"Point","coordinates":[3004658.4212121814,-2112747.369403709]},"properties":{"name":"WN","freq":"393.000","type":"ndb","uuid":"ndb-wn"}},{"type":"Feature","geometry":{"type":"Point","coordinates":[12474836.264549544,9974526.809507044]},"properties":{"name":"WN","freq":"525.000","type":"ndb","uuid":"ndb-wn"}},{"type":"Feature","geometry":{"type":"Point","coordinates":[5438761.068429507,7256414.82475226]},"properties":{"name":"WN","freq":"408.000","type":"ndb","uuid":"ndb-wn"}},{"type":"Feature","geometry":{"type":"Point","coordinates":[11390033.392743632,1547543.6811446168]},"properties":{"name":"WN","freq":"270.000","type":"ndb","uuid":"ndb-wn"}},{"type":"Feature","geometry":{"type":"Point","coordinates":[3178607.494408982,-2271645.643855451]},"properties":{"name":"WO","freq":"205.000","type":"ndb","uuid":"ndb-wo"}},{"type":"Feature","geometry":{"type":"Point","coordinates":[16785976.43946817,-4103966.8145637466]},"properties":{"name":"WOL","freq":"239.000","type":"ndb","uuid":"ndb-wol"}},{"type":"Feature","geometry":{"type":"Point","coordinates":[6164987.811830361,6763268.2561225565]},"properties":{"name":"WP","freq":"415.000","type":"ndb","uuid":"ndb-wp"}},{"type":"Feature","geometry":{"type":"Point","coordinates":[15796102.809540262,-1421101.413980438]},"properties":{"name":"WP","freq":"377.000","type":"ndb","uuid":"ndb-wp"}},{"type":"Feature","geometry":{"type":"Point","coordinates":[4361018.2951842705,6771947.633610624]},"properties":{"name":"WR","freq":"289.000","type":"ndb","uuid":"ndb-wr"}},{"type":"Feature","geometry":{"type":"Point","coordinates":[19409867.439162306,-4269271.162089991]},"properties":{"name":"WR","freq":"326.000","type":"ndb","uuid":"ndb-wr"}},{"type":"Feature","geometry":{"type":"Point","coordinates":[15229423.14929275,-3651395.106902852]},"properties":{"name":"WR","freq":"248.000","type":"ndb","uuid":"ndb-wr"}},{"type":"Feature","geometry":{"type":"Point","coordinates":[19100201.322517958,-5122468.320334604]},"properties":{"name":"WS","freq":"278.000","type":"ndb","uuid":"ndb-ws"}},{"type":"Feature","geometry":{"type":"Point","coordinates":[987930.7337485965,7047474.73792147]},"properties":{"name":"WSN","freq":"378.000","type":"ndb","uuid":"ndb-wsn"}},{"type":"Feature","geometry":{"type":"Point","coordinates":[4206299.664022008,7477006.605363496]},"properties":{"name":"WT","freq":"999.999","type":"ndb","uuid":"ndb-wt"}},{"type":"Feature","geometry":{"type":"Point","coordinates":[12527153.302092222,8281942.522740672]},"properties":{"name":"WT","freq":"365.000","type":"ndb","uuid":"ndb-wt"}},{"type":"Feature","geometry":{"type":"Point","coordinates":[-788514.0183701918,6834370.931929863]},"properties":{"name":"WTD","freq":"368.000","type":"ndb","uuid":"ndb-wtd"}},{"type":"Feature","geometry":{"type":"Point","coordinates":[19483860.824406818,-4860042.537286289]},"properties":{"name":"WU","freq":"382.000","type":"ndb","uuid":"ndb-wu"}},{"type":"Feature","geometry":{"type":"Point","coordinates":[13380788.356758218,3519198.601173177]},"properties":{"name":"WY","freq":"572.000","type":"ndb","uuid":"ndb-wy"}},{"type":"Feature","geometry":{"type":"Point","coordinates":[16220166.060755428,-5012042.530718049]},"properties":{"name":"WYY","freq":"302.000","type":"ndb","uuid":"ndb-wyy"}},{"type":"Feature","geometry":{"type":"Point","coordinates":[4118233.608894299,7405060.594110385]},"properties":{"name":"WZ","freq":"230.000","type":"ndb","uuid":"ndb-wz"}},{"type":"Feature","geometry":{"type":"Point","coordinates":[14252821.925797556,6557079.206644741]},"properties":{"name":"WZ","freq":"460.000","type":"ndb","uuid":"ndb-wz"}},{"type":"Feature","geometry":{"type":"Point","coordinates":[5901299.118650098,4872238.977876692]},"properties":{"name":"WZ","freq":"911.000","type":"ndb","uuid":"ndb-wz"}},{"type":"Feature","geometry":{"type":"Point","coordinates":[6239810.00160591,7952813.439526064]},"properties":{"name":"X","freq":"345.000","type":"ndb","uuid":"ndb-x"}},{"type":"Feature","geometry":{"type":"Point","coordinates":[12242302.217114706,4949708.333778289]},"properties":{"name":"X","freq":"306.000","type":"ndb","uuid":"ndb-x"}},{"type":"Feature","geometry":{"type":"Point","coordinates":[4619313.589957681,6944354.957209808]},"properties":{"name":"X","freq":"362.000","type":"ndb","uuid":"ndb-x"}},{"type":"Feature","geometry":{"type":"Point","coordinates":[8459084.92498357,4799431.206595556]},"properties":{"name":"X","freq":"223.000","type":"ndb","uuid":"ndb-x"}},{"type":"Feature","geometry":{"type":"Point","coordinates":[14424937.566980993,5549855.677874736]},"properties":{"name":"X","freq":"251.000","type":"ndb","uuid":"ndb-x"}},{"type":"Feature","geometry":{"type":"Point","coordinates":[3800200.0390361524,8827556.86499806]},"properties":{"name":"X","freq":"645.000","type":"ndb","uuid":"ndb-x"}},{"type":"Feature","geometry":{"type":"Point","coordinates":[5496511.146486595,8076769.607066323]},"properties":{"name":"X","freq":"213.000","type":"ndb","uuid":"ndb-x"}},{"type":"Feature","geometry":{"type":"Point","coordinates":[7270257.328616069,7800547.890552732]},"properties":{"name":"X","freq":"599.000","type":"ndb","uuid":"ndb-x"}},{"type":"Feature","geometry":{"type":"Point","coordinates":[11762901.706883315,2126471.514045349]},"properties":{"name":"X","freq":"448.000","type":"ndb","uuid":"ndb-x"}},{"type":"Feature","geometry":{"type":"Point","coordinates":[-12601428.232882202,7311085.932384227]},"properties":{"name":"X2","freq":"329.000","type":"ndb","uuid":"ndb-x2"}},{"type":"Feature","geometry":{"type":"Point","coordinates":[-12471029.818250192,7078469.016716821]},"properties":{"name":"X5","freq":"225.000","type":"ndb","uuid":"ndb-x5"}},{"type":"Feature","geometry":{"type":"Point","coordinates":[5500580.554160866,8080477.148079012]},"properties":{"name":"XA","freq":"438.000","type":"ndb","uuid":"ndb-xa"}},{"type":"Feature","geometry":{"type":"Point","coordinates":[-11600258.705002692,3634553.660821461]},"properties":{"name":"XAA","freq":"225.000","type":"ndb","uuid":"ndb-xaa"}},{"type":"Feature","geometry":{"type":"Point","coordinates":[3795567.9422580027,8816534.958879186]},"properties":{"name":"XO","freq":"340.000","type":"ndb","uuid":"ndb-xo"}},{"type":"Feature","geometry":{"type":"Point","coordinates":[4405623.458547682,5615576.063939631]},"properties":{"name":"XT","freq":"312.000","type":"ndb","uuid":"ndb-xt"}},{"type":"Feature","geometry":{"type":"Point","coordinates":[-14313962.950154614,7241314.879354968]},"properties":{"name":"XT","freq":"332.000","type":"ndb","uuid":"ndb-xt"}},{"type":"Feature","geometry":{"type":"Point","coordinates":[4621929.597991322,6938982.710209488]},"properties":{"name":"XV","freq":"735.000","type":"ndb","uuid":"ndb-xv"}},{"type":"Feature","geometry":{"type":"Point","coordinates":[8516775.910944296,8092233.546617703]},"properties":{"name":"XV","freq":"350.000","type":"ndb","uuid":"ndb-xv"}},{"type":"Feature","geometry":{"type":"Point","coordinates":[11920503.82207793,1160320.554503583]},"properties":{"name":"XVL","freq":"235.000","type":"ndb","uuid":"ndb-xvl"}},{"type":"Feature","geometry":{"type":"Point","coordinates":[11762397.769732911,2130472.2582603516]},"properties":{"name":"XW","freq":"218.000","type":"ndb","uuid":"ndb-xw"}},{"type":"Feature","geometry":{"type":"Point","coordinates":[7267360.02241361,7803419.416879769]},"properties":{"name":"XZ","freq":"290.000","type":"ndb","uuid":"ndb-xz"}},{"type":"Feature","geometry":{"type":"Point","coordinates":[4948216.240286478,4881155.705864236]},"properties":{"name":"Y","freq":"999.999","type":"ndb","uuid":"ndb-y"}},{"type":"Feature","geometry":{"type":"Point","coordinates":[-6251733.52503102,5903348.637647606]},"properties":{"name":"Y","freq":"342.000","type":"ndb","uuid":"ndb-y"}},{"type":"Feature","geometry":{"type":"Point","coordinates":[8523303.593118172,9894361.23925323]},"properties":{"name":"Y","freq":"568.000","type":"ndb","uuid":"ndb-y"}},{"type":"Feature","geometry":{"type":"Point","coordinates":[12280580.629985124,2896844.8153555044]},"properties":{"name":"Y","freq":"417.000","type":"ndb","uuid":"ndb-y"}},{"type":"Feature","geometry":{"type":"Point","coordinates":[6388288.495023432,9873037.938789956]},"properties":{"name":"Y","freq":"749.000","type":"ndb","uuid":"ndb-y"}},{"type":"Feature","geometry":{"type":"Point","coordinates":[-7086107.060971296,-2507563.6182352]},"properties":{"name":"YAC","freq":"385.000","type":"ndb","uuid":"ndb-yac"}},{"type":"Feature","geometry":{"type":"Point","coordinates":[3911024.74561493,3514123.0921450974]},"properties":{"name":"YAHEL","freq":"00.000","type":"ndb","uuid":"ndb-yahel"}},{"type":"Feature","geometry":{"type":"Point","coordinates":[3836100.574816984,3766264.464286858]},"properties":{"name":"YAHOL","freq":"00.000","type":"ndb","uuid":"ndb-yahol"}},{"type":"Feature","geometry":{"type":"Point","coordinates":[3835884.0893294713,3752158.1841864265]},"properties":{"name":"YAPAL","freq":"00.000","type":"ndb","uuid":"ndb-yapal"}},{"type":"Feature","geometry":{"type":"Point","coordinates":[-7689774.199060996,1124513.9541789934]},"properties":{"name":"YAR","freq":"260.000","type":"ndb","uuid":"ndb-yar"}},{"type":"Feature","geometry":{"type":"Point","coordinates":[3892904.4372023284,3783053.126097224]},"properties":{"name":"YARHV","freq":"00.000","type":"ndb","uuid":"ndb-yarhv"}},{"type":"Feature","geometry":{"type":"Point","coordinates":[-7792890.649343955,8405452.094799876]},"properties":{"name":"YAS","freq":"221.000","type":"ndb","uuid":"ndb-yas"}},{"type":"Feature","geometry":{"type":"Point","coordinates":[3835667.6656861203,3738432.321046792]},"properties":{"name":"YASDD","freq":"00.000","type":"ndb","uuid":"ndb-yasdd"}},{"type":"Feature","geometry":{"type":"Point","coordinates":[3854406.415714241,3792041.028644436]},"properties":{"name":"YASFA","freq":"00.000","type":"ndb","uuid":"ndb-yasfa"}},{"type":"Feature","geometry":{"type":"Point","coordinates":[3913529.434157779,3883695.552732588]},"properties":{"name":"YASIF","freq":"00.000","type":"ndb","uuid":"ndb-yasif"}},{"type":"Feature","geometry":{"type":"Point","coordinates":[3822092.841303416,3659364.822641663]},"properties":{"name":"YATED","freq":"00.000","type":"ndb","uuid":"ndb-yated"}},{"type":"Feature","geometry":{"type":"Point","coordinates":[3869125.326163573,3746513.0220021484]},"properties":{"name":"YAVNE","freq":"00.000","type":"ndb","uuid":"ndb-yavne"}},{"type":"Feature","geometry":{"type":"Point","coordinates":[-13954733.932936052,6447392.413095274]},"properties":{"name":"YBL","freq":"203.000","type":"ndb","uuid":"ndb-ybl"}},{"type":"Feature","geometry":{"type":"Point","coordinates":[8530118.788799101,9892204.66439005]},"properties":{"name":"YC","freq":"275.000","type":"ndb","uuid":"ndb-yc"}},{"type":"Feature","geometry":{"type":"Point","coordinates":[-13789329.001722604,6296591.231292112]},"properties":{"name":"YCD","freq":"251.000","type":"ndb","uuid":"ndb-ycd"}},{"type":"Feature","geometry":{"type":"Point","coordinates":[-12812642.402362391,10394079.067460114]},"properties":{"name":"YCO","freq":"372.000","type":"ndb","uuid":"ndb-yco"}},{"type":"Feature","geometry":{"type":"Point","coordinates":[-7628385.488836926,11228497.499637663]},"properties":{"name":"YCY","freq":"256.000","type":"ndb","uuid":"ndb-ycy"}},{"type":"Feature","geometry":{"type":"Point","coordinates":[-14471100.863072619,8063275.980602373]},"properties":{"name":"YDL","freq":"200.000","type":"ndb","uuid":"ndb-ydl"}},{"type":"Feature","geometry":{"type":"Point","coordinates":[-6867497.288354012,7665422.357429885]},"properties":{"name":"YDP","freq":"247.000","type":"ndb","uuid":"ndb-ydp"}},{"type":"Feature","geometry":{"type":"Point","coordinates":[-10471711.262263443,8648612.211351594]},"properties":{"name":"YEK","freq":"329.000","type":"ndb","uuid":"ndb-yek"}},{"type":"Feature","geometry":{"type":"Point","coordinates":[-9755923.596877972,7556939.238599006]},"properties":{"name":"YER","freq":"334.000","type":"ndb","uuid":"ndb-yer"}},{"type":"Feature","geometry":{"type":"Point","coordinates":[1205530.0655323667,8260540.23352436]},"properties":{"name":"YG","freq":"396.000","type":"ndb","uuid":"ndb-yg"}},{"type":"Feature","geometry":{"type":"Point","coordinates":[-10541958.870331084,7629061.553447009]},"properties":{"name":"YGX","freq":"212.000","type":"ndb","uuid":"ndb-ygx"}},{"type":"Feature","geometry":{"type":"Point","coordinates":[3367212.087789524,-387045.3769942186]},"properties":{"name":"YI","freq":"275.000","type":"ndb","uuid":"ndb-yi"}},{"type":"Feature","geometry":{"type":"Point","coordinates":[-8674500.848643756,8958014.971813973]},"properties":{"name":"YIK","freq":"225.000","type":"ndb","uuid":"ndb-yik"}},{"type":"Feature","geometry":{"type":"Point","coordinates":[-8677464.389943236,12007644.440147959]},"properties":{"name":"YIO","freq":"214.000","type":"ndb","uuid":"ndb-yio"}},{"type":"Feature","geometry":{"type":"Point","coordinates":[-10536768.939215736,7142535.115297514]},"properties":{"name":"YIV","freq":"300.000","type":"ndb","uuid":"ndb-yiv"}},{"type":"Feature","geometry":{"type":"Point","coordinates":[-14261541.921654282,6833695.632210334]},"properties":{"name":"YJQ","freq":"325.000","type":"ndb","uuid":"ndb-yjq"}},{"type":"Feature","geometry":{"type":"Point","coordinates":[-8765839.047437089,6707906.146470118]},"properties":{"name":"YKQ","freq":"351.000","type":"ndb","uuid":"ndb-ykq"}},{"type":"Feature","geometry":{"type":"Point","coordinates":[4925052.540499326,4515932.533295642]},"properties":{"name":"YKV","freq":"420.000","type":"ndb","uuid":"ndb-ykv"}},{"type":"Feature","geometry":{"type":"Point","coordinates":[-4805409.474924874,-2606279.1612025686]},"properties":{"name":"YLA","freq":"330.000","type":"ndb","uuid":"ndb-yla"}},{"type":"Feature","geometry":{"type":"Point","coordinates":[-12254301.561481878,7041142.315379593]},"properties":{"name":"YLL","freq":"241.000","type":"ndb","uuid":"ndb-yll"}},{"type":"Feature","geometry":{"type":"Point","coordinates":[-6215132.016601081,6857205.177153408]},"properties":{"name":"YMH","freq":"250.000","type":"ndb","uuid":"ndb-ymh"}},{"type":"Feature","geometry":{"type":"Point","coordinates":[4947214.3648693375,4879486.214200645]},"properties":{"name":"YN","freq":"580.000","type":"ndb","uuid":"ndb-yn"}},{"type":"Feature","geometry":{"type":"Point","coordinates":[-8971925.810249262,5041965.063057312]},"properties":{"name":"YN","freq":"338.000","type":"ndb","uuid":"ndb-yn"}},{"type":"Feature","geometry":{"type":"Point","coordinates":[1286534.8161382508,417272.3240720057]},"properties":{"name":"YNS","freq":"368.000","type":"ndb","uuid":"ndb-yns"}},{"type":"Feature","geometry":{"type":"Point","coordinates":[13323644.258718098,4361104.124037703]},"properties":{"name":"YO","freq":"443.000","type":"ndb","uuid":"ndb-yo"}},{"type":"Feature","geometry":{"type":"Point","coordinates":[3903665.2903902647,3490809.21569002]},"properties":{"name":"YOTVT","freq":"00.000","type":"ndb","uuid":"ndb-yotvt"}},{"type":"Feature","geometry":{"type":"Point","coordinates":[15371939.58723795,1062353.8018480705]},"properties":{"name":"YP","freq":"317.000","type":"ndb","uuid":"ndb-yp"}},{"type":"Feature","geometry":{"type":"Point","coordinates":[10186694.404010884,3155725.539019765]},"properties":{"name":"YP","freq":"367.000","type":"ndb","uuid":"ndb-yp"}},{"type":"Feature","geometry":{"type":"Point","coordinates":[-13812019.902894694,10860648.12491152]},"properties":{"name":"YPC","freq":"276.000","type":"ndb","uuid":"ndb-ypc"}},{"type":"Feature","geometry":{"type":"Point","coordinates":[-8734475.121048974,5498378.820110751]},"properties":{"name":"YPQ","freq":"379.000","type":"ndb","uuid":"ndb-ypq"}},{"type":"Feature","geometry":{"type":"Point","coordinates":[-8604711.196592405,8412722.938757962]},"properties":{"name":"YPX","freq":"338.000","type":"ndb","uuid":"ndb-ypx"}},{"type":"Feature","geometry":{"type":"Point","coordinates":[-12679223.178737303,6823360.140109889]},"properties":{"name":"YQF","freq":"320.000","type":"ndb","uuid":"ndb-yqf"}},{"type":"Feature","geometry":{"type":"Point","coordinates":[3886256.1589134275,3631414.4141444094]},"properties":{"name":"YRUHM","freq":"00.000","type":"ndb","uuid":"ndb-yruhm"}},{"type":"Feature","geometry":{"type":"Point","coordinates":[14205613.123232814,4142795.6417676504]},"properties":{"name":"YS","freq":"396.500","type":"ndb","uuid":"ndb-ys"}},{"type":"Feature","geometry":{"type":"Point","coordinates":[-11781125.35688987,8235728.598070785]},"properties":{"name":"YSF","freq":"287.000","type":"ndb","uuid":"ndb-ysf"}},{"type":"Feature","geometry":{"type":"Point","coordinates":[5738389.815809832,3594011.244657736]},"properties":{"name":"YSJ","freq":"235.000","type":"ndb","uuid":"ndb-ysj"}},{"type":"Feature","geometry":{"type":"Point","coordinates":[-13949929.631090062,11750107.39270588]},"properties":{"name":"YSY","freq":"321.000","type":"ndb","uuid":"ndb-ysy"}},{"type":"Feature","geometry":{"type":"Point","coordinates":[3427449.8472450343,4421798.157115279]},"properties":{"name":"YT","freq":"302.000","type":"ndb","uuid":"ndb-yt"}},{"type":"Feature","geometry":{"type":"Point","coordinates":[3211319.932739735,-2234503.9541460085]},"properties":{"name":"YT","freq":"235.000","type":"ndb","uuid":"ndb-yt"}},{"type":"Feature","geometry":{"type":"Point","coordinates":[6391111.650076192,9866529.350120712]},"properties":{"name":"YT","freq":"370.000","type":"ndb","uuid":"ndb-yt"}},{"type":"Feature","geometry":{"type":"Point","coordinates":[-8595893.486960428,5748867.286761458]},"properties":{"name":"YTA","freq":"409.000","type":"ndb","uuid":"ndb-yta"}},{"type":"Feature","geometry":{"type":"Point","coordinates":[-8616499.590524523,5495409.784391274]},"properties":{"name":"YTR","freq":"215.000","type":"ndb","uuid":"ndb-ytr"}},{"type":"Feature","geometry":{"type":"Point","coordinates":[-8787409.425168103,6135669.3958277935]},"properties":{"name":"YUY","freq":"218.000","type":"ndb","uuid":"ndb-yuy"}},{"type":"Feature","geometry":{"type":"Point","coordinates":[12983563.214344645,4973087.522666967]},"properties":{"name":"YV","freq":"514.000","type":"ndb","uuid":"ndb-yv"}},{"type":"Feature","geometry":{"type":"Point","coordinates":[-296602.4342568679,6610923.803651503]},"properties":{"name":"YVL","freq":"343.000","type":"ndb","uuid":"ndb-yvl"}},{"type":"Feature","geometry":{"type":"Point","coordinates":[12793083.227687126,7630250.430635022]},"properties":{"name":"YW","freq":"350.000","type":"ndb","uuid":"ndb-yw"}},{"type":"Feature","geometry":{"type":"Point","coordinates":[-8601841.59657432,5763500.578804668]},"properties":{"name":"YWA","freq":"516.000","type":"ndb","uuid":"ndb-ywa"}},{"type":"Feature","geometry":{"type":"Point","coordinates":[-7314380.695038912,9916345.160481853]},"properties":{"name":"YXP","freq":"218.000","type":"ndb","uuid":"ndb-yxp"}},{"type":"Feature","geometry":{"type":"Point","coordinates":[6043219.780864988,3750675.581813661]},"properties":{"name":"YZD","freq":"402.000","type":"ndb","uuid":"ndb-yzd"}},{"type":"Feature","geometry":{"type":"Point","coordinates":[-9273442.319738876,9387574.62550637]},"properties":{"name":"YZS","freq":"362.000","type":"ndb","uuid":"ndb-yzs"}},{"type":"Feature","geometry":{"type":"Point","coordinates":[7986763.128405483,4921323.161526992]},"properties":{"name":"Z","freq":"303.000","type":"ndb","uuid":"ndb-z"}},{"type":"Feature","geometry":{"type":"Point","coordinates":[12609276.256983127,6805591.815283005]},"properties":{"name":"Z","freq":"553.000","type":"ndb","uuid":"ndb-z"}},{"type":"Feature","geometry":{"type":"Point","coordinates":[7695371.002915192,8633608.747479301]},"properties":{"name":"Z","freq":"345.000","type":"ndb","uuid":"ndb-z"}},{"type":"Feature","geometry":{"type":"Point","coordinates":[11416259.058813378,11748622.959368518]},"properties":{"name":"Z","freq":"681.000","type":"ndb","uuid":"ndb-z"}},{"type":"Feature","geometry":{"type":"Point","coordinates":[13229022.691543814,3725303.5303643686]},"properties":{"name":"Z","freq":"420.000","type":"ndb","uuid":"ndb-z"}},{"type":"Feature","geometry":{"type":"Point","coordinates":[15592304.651770476,6263208.705203246]},"properties":{"name":"Z","freq":"999.999","type":"ndb","uuid":"ndb-z"}},{"type":"Feature","geometry":{"type":"Point","coordinates":[-6061089.558579144,-2967909.893439689]},"properties":{"name":"Z","freq":"310.000","type":"ndb","uuid":"ndb-z"}},{"type":"Feature","geometry":{"type":"Point","coordinates":[11964331.326031908,6766673.878294925]},"properties":{"name":"Z","freq":"320.000","type":"ndb","uuid":"ndb-z"}},{"type":"Feature","geometry":{"type":"Point","coordinates":[8376868.925551615,9141015.900657656]},"properties":{"name":"Z","freq":"999.999","type":"ndb","uuid":"ndb-z"}},{"type":"Feature","geometry":{"type":"Point","coordinates":[6638612.077372813,5231502.764235455]},"properties":{"name":"Z","freq":"888.000","type":"ndb","uuid":"ndb-z"}},{"type":"Feature","geometry":{"type":"Point","coordinates":[4371983.265027408,6740216.965265943]},"properties":{"name":"Z","freq":"250.000","type":"ndb","uuid":"ndb-z"}},{"type":"Feature","geometry":{"type":"Point","coordinates":[11570089.886114484,3575050.0169559424]},"properties":{"name":"Z","freq":"396.000","type":"ndb","uuid":"ndb-z"}},{"type":"Feature","geometry":{"type":"Point","coordinates":[13064668.492635133,6370456.755742714]},"properties":{"name":"Z","freq":"225.000","type":"ndb","uuid":"ndb-z"}},{"type":"Feature","geometry":{"type":"Point","coordinates":[13526328.0156188,4717088.88313859]},"properties":{"name":"Z","freq":"440.000","type":"ndb","uuid":"ndb-z"}},{"type":"Feature","geometry":{"type":"Point","coordinates":[-12650006.729014913,6446756.917093642]},"properties":{"name":"Z7","freq":"408.000","type":"ndb","uuid":"ndb-z7"}},{"type":"Feature","geometry":{"type":"Point","coordinates":[14986943.014576342,10330606.931356657]},"properties":{"name":"ZA","freq":"375.000","type":"ndb","uuid":"ndb-za"}},{"type":"Feature","geometry":{"type":"Point","coordinates":[3928062.843044537,6077228.378713336]},"properties":{"name":"ZA","freq":"295.000","type":"ndb","uuid":"ndb-za"}},{"type":"Feature","geometry":{"type":"Point","coordinates":[857024.0219527925,1248119.4111348602]},"properties":{"name":"ZA","freq":"336.000","type":"ndb","uuid":"ndb-za"}},{"type":"Feature","geometry":{"type":"Point","coordinates":[3918415.122920373,3638269.808273088]},"properties":{"name":"ZAFIT","freq":"00.000","type":"ndb","uuid":"ndb-zafit"}},{"type":"Feature","geometry":{"type":"Point","coordinates":[5383917.727809516,4407848.866396486]},"properties":{"name":"ZAJ","freq":"321.000","type":"ndb","uuid":"ndb-zaj"}},{"type":"Feature","geometry":{"type":"Point","coordinates":[6850589.094585746,3645443.0643525072]},"properties":{"name":"ZAL","freq":"295.000","type":"ndb","uuid":"ndb-zal"}},{"type":"Feature","geometry":{"type":"Point","coordinates":[3942008.7014744724,3875852.5215921253]},"properties":{"name":"ZALMN","freq":"00.000","type":"ndb","uuid":"ndb-zalmn"}},{"type":"Feature","geometry":{"type":"Point","coordinates":[3956542.048517069,3883806.018019453]},"properties":{"name":"ZAMID","freq":"00.000","type":"ndb","uuid":"ndb-zamid"}},{"type":"Feature","geometry":{"type":"Point","coordinates":[1072131.9307663671,3255349.465349032]},"properties":{"name":"ZAR","freq":"268.000","type":"ndb","uuid":"ndb-zar"}},{"type":"Feature","geometry":{"type":"Point","coordinates":[1338377.5398839093,3888936.7458232543]},"properties":{"name":"ZAR","freq":"432.000","type":"ndb","uuid":"ndb-zar"}},{"type":"Feature","geometry":{"type":"Point","coordinates":[3863713.9620277896,3740506.553343829]},"properties":{"name":"ZASHD","freq":"00.000","type":"ndb","uuid":"ndb-zashd"}},{"type":"Feature","geometry":{"type":"Point","coordinates":[7731689.326929388,3679044.279826542]},"properties":{"name":"ZB","freq":"245.000","type":"ndb","uuid":"ndb-zb"}},{"type":"Feature","geometry":{"type":"Point","coordinates":[3852334.6363022546,3719452.8873458537]},"properties":{"name":"ZBRCH","freq":"00.000","type":"ndb","uuid":"ndb-zbrch"}},{"type":"Feature","geometry":{"type":"Point","coordinates":[3968570.7688609785,3896778.8335647457]},"properties":{"name":"ZBTMS","freq":"00.000","type":"ndb","uuid":"ndb-zbtms"}},{"type":"Feature","geometry":{"type":"Point","coordinates":[3966653.5998528725,3882553.758384802]},"properties":{"name":"ZBTZD","freq":"00.000","type":"ndb","uuid":"ndb-zbtzd"}},{"type":"Feature","geometry":{"type":"Point","coordinates":[11969189.184921803,6767699.43051707]},"properties":{"name":"ZD","freq":"349.000","type":"ndb","uuid":"ndb-zd"}},{"type":"Feature","geometry":{"type":"Point","coordinates":[6778924.049257417,3435738.59742811]},"properties":{"name":"ZD","freq":"224.000","type":"ndb","uuid":"ndb-zd"}},{"type":"Feature","geometry":{"type":"Point","coordinates":[3851623.428444409,3734684.982592827]},"properties":{"name":"ZDAFA","freq":"00.000","type":"ndb","uuid":"ndb-zdafa"}},{"type":"Feature","geometry":{"type":"Point","coordinates":[-6879023.215664505,1939123.3316337457]},"properties":{"name":"ZDX","freq":"369.000","type":"ndb","uuid":"ndb-zdx"}},{"type":"Feature","geometry":{"type":"Point","coordinates":[15595569.992578335,6264150.0267755445]},"properties":{"name":"ZE","freq":"516.000","type":"ndb","uuid":"ndb-ze"}},{"type":"Feature","geometry":{"type":"Point","coordinates":[8374181.88949843,9135127.240092251]},"properties":{"name":"ZE","freq":"615.000","type":"ndb","uuid":"ndb-ze"}},{"type":"Feature","geometry":{"type":"Point","coordinates":[3843954.752411983,3660340.9809884517]},"properties":{"name":"ZELIM","freq":"00.000","type":"ndb","uuid":"ndb-zelim"}},{"type":"Feature","geometry":{"type":"Point","coordinates":[3961396.8151988876,3856139.258985675]},"properties":{"name":"ZEMAH","freq":"00.000","type":"ndb","uuid":"ndb-zemah"}},{"type":"Feature","geometry":{"type":"Point","coordinates":[3949924.7541531054,3893792.339561647]},"properties":{"name":"ZETIM","freq":"00.000","type":"ndb","uuid":"ndb-zetim"}},{"type":"Feature","geometry":{"type":"Point","coordinates":[4376868.953790002,6746616.039009233]},"properties":{"name":"ZF","freq":"495.000","type":"ndb","uuid":"ndb-zf"}},{"type":"Feature","geometry":{"type":"Point","coordinates":[-8769199.10257836,3063428.587190906]},"properties":{"name":"ZFP","freq":"209.000","type":"ndb","uuid":"ndb-zfp"}},{"type":"Feature","geometry":{"type":"Point","coordinates":[5410219.956951262,5810849.262607049]},"properties":{"name":"ZG","freq":"905.000","type":"ndb","uuid":"ndb-zg"}},{"type":"Feature","geometry":{"type":"Point","coordinates":[3941513.917259977,3865440.103013744]},"properties":{"name":"ZGLNI","freq":"00.000","type":"ndb","uuid":"ndb-zglni"}},{"type":"Feature","geometry":{"type":"Point","coordinates":[3872557.7080517802,3673436.259461076]},"properties":{"name":"ZGOAL","freq":"00.000","type":"ndb","uuid":"ndb-zgoal"}},{"type":"Feature","geometry":{"type":"Point","coordinates":[3890059.605770944,3723958.6867681686]},"properties":{"name":"ZHRYA","freq":"00.000","type":"ndb","uuid":"ndb-zhrya"}},{"type":"Feature","geometry":{"type":"Point","coordinates":[-7078775.46654141,5590438.933252236]},"properties":{"name":"ZHZ","freq":"364.000","type":"ndb","uuid":"ndb-zhz"}},{"type":"Feature","geometry":{"type":"Point","coordinates":[1367058.326401019,6698429.265719668]},"properties":{"name":"ZIG","freq":"340.000","type":"ndb","uuid":"ndb-zig"}},{"type":"Feature","geometry":{"type":"Point","coordinates":[-8201741.751999333,2387076.5076773087]},"properties":{"name":"ZIN","freq":"376.000","type":"ndb","uuid":"ndb-zin"}},{"type":"Feature","geometry":{"type":"Point","coordinates":[13326056.211940698,3755655.9404476727]},"properties":{"name":"ZJ","freq":"217.000","type":"ndb","uuid":"ndb-zj"}},{"type":"Feature","geometry":{"type":"Point","coordinates":[7701784.33523436,8635243.42807969]},"properties":{"name":"ZJ","freq":"707.000","type":"ndb","uuid":"ndb-zj"}},{"type":"Feature","geometry":{"type":"Point","coordinates":[12575020.683133332,3251285.330174996]},"properties":{"name":"ZK","freq":"520.000","type":"ndb","uuid":"ndb-zk"}},{"type":"Feature","geometry":{"type":"Point","coordinates":[3386252.2971831285,6515911.96295635]},"properties":{"name":"ZK","freq":"733.000","type":"ndb","uuid":"ndb-zk"}},{"type":"Feature","geometry":{"type":"Point","coordinates":[3948935.2475682767,3883290.350355443]},"properties":{"name":"ZKADR","freq":"00.000","type":"ndb","uuid":"ndb-zkadr"}},{"type":"Feature","geometry":{"type":"Point","coordinates":[-14323489.332033813,7180435.769162915]},"properties":{"name":"ZKI","freq":"203.000","type":"ndb","uuid":"ndb-zki"}},{"type":"Feature","geometry":{"type":"Point","coordinates":[7534613.289377396,6053814.4494246645]},"properties":{"name":"ZKN","freq":"435.000","type":"ndb","uuid":"ndb-zkn"}},{"type":"Feature","geometry":{"type":"Point","coordinates":[3959665.2095975173,3911944.323257567]},"properties":{"name":"ZKOCH","freq":"00.000","type":"ndb","uuid":"ndb-zkoch"}},{"type":"Feature","geometry":{"type":"Point","coordinates":[2060573.1880685736,6309352.9948134525]},"properties":{"name":"ZLA","freq":"404.000","type":"ndb","uuid":"ndb-zla"}},{"type":"Feature","geometry":{"type":"Point","coordinates":[3873176.118745218,3681220.400807636]},"properties":{"name":"ZLAHAV","freq":"00.000","type":"ndb","uuid":"ndb-zlahav"}},{"type":"Feature","geometry":{"type":"Point","coordinates":[15150010.607548099,-131595.18889783573]},"properties":{"name":"ZM","freq":"230.000","type":"ndb","uuid":"ndb-zm"}},{"type":"Feature","geometry":{"type":"Point","coordinates":[12600293.330673564,6807315.907505396]},"properties":{"name":"ZM","freq":"518.000","type":"ndb","uuid":"ndb-zm"}},{"type":"Feature","geometry":{"type":"Point","coordinates":[3832977.4137365352,3670975.314803128]},"properties":{"name":"ZMGEN","freq":"00.000","type":"ndb","uuid":"ndb-zmgen"}},{"type":"Feature","geometry":{"type":"Point","coordinates":[3917456.53841632,3838733.689147044]},"properties":{"name":"ZMGID","freq":"00.000","type":"ndb","uuid":"ndb-zmgid"}},{"type":"Feature","geometry":{"type":"Point","coordinates":[-8580166.14561283,3062523.164957313]},"properties":{"name":"ZMH","freq":"361.000","type":"ndb","uuid":"ndb-zmh"}},{"type":"Feature","geometry":{"type":"Point","coordinates":[3979857.3283441854,3926279.204840435]},"properties":{"name":"ZMSDA","freq":"00.000","type":"ndb","uuid":"ndb-zmsda"}},{"type":"Feature","geometry":{"type":"Point","coordinates":[891137.2305426949,4020725.896596024]},"properties":{"name":"ZN","freq":"375.000","type":"ndb","uuid":"ndb-zn"}},{"type":"Feature","geometry":{"type":"Point","coordinates":[7538089.024022851,6056570.635378168]},"properties":{"name":"ZN","freq":"355.000","type":"ndb","uuid":"ndb-zn"}},{"type":"Feature","geometry":{"type":"Point","coordinates":[-7060662.548506114,5616274.4428579975]},"properties":{"name":"ZNS","freq":"385.000","type":"ndb","uuid":"ndb-zns"}},{"type":"Feature","geometry":{"type":"Point","coordinates":[3891574.7568068844,3785938.7250254108]},"properties":{"name":"ZNYMN","freq":"00.000","type":"ndb","uuid":"ndb-znymn"}},{"type":"Feature","geometry":{"type":"Point","coordinates":[6033123.9688683,4822919.412600171]},"properties":{"name":"ZO","freq":"355.000","type":"ndb","uuid":"ndb-zo"}},{"type":"Feature","geometry":{"type":"Point","coordinates":[14597121.638729189,-102542.00604300923]},"properties":{"name":"ZO","freq":"389.000","type":"ndb","uuid":"ndb-zo"}},{"type":"Feature","geometry":{"type":"Point","coordinates":[3916961.8160459856,3575701.6945386725]},"properties":{"name":"ZOFAR","freq":"00.000","type":"ndb","uuid":"ndb-zofar"}},{"type":"Feature","geometry":{"type":"Point","coordinates":[3937648.68808507,3652353.218329835]},"properties":{"name":"ZOHAR","freq":"00.000","type":"ndb","uuid":"ndb-zohar"}},{"type":"Feature","geometry":{"type":"Point","coordinates":[3909416.8283366645,3848681.8590267664]},"properties":{"name":"ZOREA","freq":"00.000","type":"ndb","uuid":"ndb-zorea"}},{"type":"Feature","geometry":{"type":"Point","coordinates":[3932562.0367195136,6087910.208202448]},"properties":{"name":"ZP","freq":"608.000","type":"ndb","uuid":"ndb-zp"}},{"type":"Feature","geometry":{"type":"Point","coordinates":[3869094.4350048783,3714258.715001769]},"properties":{"name":"ZPLGT","freq":"00.000","type":"ndb","uuid":"ndb-zplgt"}},{"type":"Feature","geometry":{"type":"Point","coordinates":[365464.9804823947,5361890.439462299]},"properties":{"name":"ZR","freq":"397.000","type":"ndb","uuid":"ndb-zr"}},{"type":"Feature","geometry":{"type":"Point","coordinates":[6640247.793601695,5228065.893739709]},"properties":{"name":"ZR","freq":"435.000","type":"ndb","uuid":"ndb-zr"}},{"type":"Feature","geometry":{"type":"Point","coordinates":[1725059.7060906938,5465002.0525297485]},"properties":{"name":"ZRA","freq":"330.000","type":"ndb","uuid":"ndb-zra"}},{"type":"Feature","geometry":{"type":"Point","coordinates":[-132841.1971691449,5120698.892854001]},"properties":{"name":"ZRZ","freq":"389.000","type":"ndb","uuid":"ndb-zrz"}},{"type":"Feature","geometry":{"type":"Point","coordinates":[12117497.575972976,4058605.459081914]},"properties":{"name":"ZS","freq":"359.000","type":"ndb","uuid":"ndb-zs"}},{"type":"Feature","geometry":{"type":"Point","coordinates":[-8297176.631742184,2760910.7515816754]},"properties":{"name":"ZSJ","freq":"281.000","type":"ndb","uuid":"ndb-zsj"}},{"type":"Feature","geometry":{"type":"Point","coordinates":[-10391044.613688763,6995648.216757105]},"properties":{"name":"ZSJ","freq":"258.000","type":"ndb","uuid":"ndb-zsj"}},{"type":"Feature","geometry":{"type":"Point","coordinates":[11424809.045069996,11752634.175107671]},"properties":{"name":"ZT","freq":"332.000","type":"ndb","uuid":"ndb-zt"}},{"type":"Feature","geometry":{"type":"Point","coordinates":[7987024.389065959,4925947.7594267]},"properties":{"name":"ZU","freq":"625.000","type":"ndb","uuid":"ndb-zu"}},{"type":"Feature","geometry":{"type":"Point","coordinates":[3946244.995618691,3726103.1797940554]},"properties":{"name":"ZUKIM","freq":"00.000","type":"ndb","uuid":"ndb-zukim"}},{"type":"Feature","geometry":{"type":"Point","coordinates":[11567022.69400024,3567983.4559358195]},"properties":{"name":"ZW","freq":"260.000","type":"ndb","uuid":"ndb-zw"}},{"type":"Feature","geometry":{"type":"Point","coordinates":[15468563.359142471,-456853.25096062437]},"properties":{"name":"ZW","freq":"222.000","type":"ndb","uuid":"ndb-zw"}},{"type":"Feature","geometry":{"type":"Point","coordinates":[1642623.6032877741,5974413.1247886615]},"properties":{"name":"ZW","freq":"418.000","type":"ndb","uuid":"ndb-zw"}},{"type":"Feature","geometry":{"type":"Point","coordinates":[-8727509.95327628,3154949.5469467593]},"properties":{"name":"ZWC","freq":"280.000","type":"ndb","uuid":"ndb-zwc"}},{"type":"Feature","geometry":{"type":"Point","coordinates":[-8791766.006206539,3084656.007032491]},"properties":{"name":"ZWE","freq":"317.000","type":"ndb","uuid":"ndb-zwe"}},{"type":"Feature","geometry":{"type":"Point","coordinates":[-117831.65008259931,5112734.257572971]},"properties":{"name":"ZZA","freq":"133.700","type":"ndb","uuid":"ndb-zza"}},{"type":"Feature","geometry":{"type":"Point","coordinates":[3898408.56758044,3539162.5673849494]},"properties":{"name":"ZZHOR","freq":"00.000","type":"ndb","uuid":"ndb-zzhor"}},{"type":"Feature","geometry":{"type":"Point","coordinates":[-14687496.367329706,7048009.371594666]},"properties":{"name":"ZZP","freq":"248.000","type":"ndb","uuid":"ndb-zzp"}},{"type":"Feature","geometry":{"type":"Point","coordinates":[-8641361.036234597,5473613.301949543]},"properties":{"name":"ZZR","freq":"317.000","type":"ndb","uuid":"ndb-zzr"}}]}